VBCSCompilerPreWarmer: pre-warm launched (dotnet PID 13964)
VBCSCompiler prewarm took 377.33 ms
[Licensing::Module] Trying to connect to existing licensing client channel...
[Licensing::IpcConnector] Successfully connected to: "LicenseClient-utente" at "2026-09-06T17:34:05.6731763Z"
Built from '6000.6/respin/6000.6.0f1-fa21a270ab12' branch; Version is '6000.6.0f1 (f7f8ed4d1e24) revision 16251117'; Using compiler version '194234433'; Build Type 'Release'
OS: 'Windows 10  (10.0.19045) 64bit Professional' Language: 'it' Physical Memory: 8136 MB
BatchMode: 0, IsHumanControllingUs: 1, StartBugReporterOnCrash: 1, Is64bit: 1
System  architecture: x64
Process architecture: x64
Date: 2026-09-06T17:34:05Z
[Licensing::Client] Code 10 while verifying Licensing Client signature (process Id: 15168, path: "D:/unity/Unity Hub/UnityLicensingClient_V1/Unity.Licensing.Client.exe")
[Licensing::Module] LicensingClient has failed validation; ignoring
[Licensing::Client] Handshaking with LicensingClient:
  Version:                 1.18.3+d7ffd15
  Session Id:              5611fd5a2b6d4458b43caefce8bdfc23
  Correlation Id:          1abe36df890041e2812920c6489bf882
  External correlation Id: 3461646652232684590
  Machine Id:              hU20+eYwF6PVBGJpYlKOl6jC/8M=
[Licensing::Module] Successfully connected to LicensingClient on channel: "LicenseClient-utente" (connect: 0.00s, validation: 0.01s, handshake: 0.08s)
[Licensing::IpcConnector] Successfully connected to: "LicenseClient-utente-notifications" at "2026-09-06T17:34:05.7580759Z"
[Licensing::Client] Successfully updated the access token
[Licensing::Module] Successfully updated the access token 8f2-ZEnuk6...
[Licensing::Client] Successfully resolved entitlement details
[Licensing::Module] License group:
  Id: 1375835942238-UnityPersXXXX
  Product: Unity Personal
  Type: Assigned
  Expiration: Unlimited
[Licensing::Client] Successfully updated license, isAsync: True, time: 0.07
[Licensing::Client] Successfully resolved entitlement details
[Licensing::Module] Licensing Background thread has ended after 0.18s

COMMAND LINE ARGUMENTS:
E:\unity\6000.6.0f1\Editor\Unity.exe
-projectpath
D:\gioco per ari\Unity_Fork\LastSeen426\LastSeen426_Real
-acceptSoftwareTermsForThisRunOnly
-useHub
-hubIPC
-cloudEnvironment
production
-licensingIpc
LicenseClient-utente
-hubSessionId
f63492b3-27db-468a-8b12-eddd393d9c74
-accessToken
8f2-ZEnuk6E87UFXD18dX4MJj2AikKXijq6kjsoLa7k001f
Successfully changed project path to: D:\gioco per ari\Unity_Fork\LastSeen426\LastSeen426_Real
D:/gioco per ari/Unity_Fork/LastSeen426/LastSeen426_Real
[UnityMemory] Configuration Parameters - Can be set up in boot.config
    "memorysetup-temp-allocator-size-gi-baking-worker=262144"
    "memorysetup-temp-allocator-size-gi-baking-worker=262144"
    "memorysetup-temp-allocator-size-gi-baking-worker=262144"
    "memorysetup-temp-allocator-size-gi-baking-worker=262144"
    "memorysetup-temp-allocator-size-gi-baking-worker=262144"
    "memorysetup-temp-allocator-size-nav-mesh-worker=65536"
    "memorysetup-temp-allocator-size-audio-worker=65536"
    "memorysetup-temp-allocator-size-cloud-worker=32768"
    "memorysetup-temp-allocator-size-gfx=262144"
    "memorysetup-remapper-allocator-initial-capacity=32768"
    "memorysetup-temp-allocator-size-preload-manager=33554432"
    "memorysetup-allocator-temp-initial-block-size-main=262144"
    "memorysetup-allocator-temp-initial-block-size-worker=262144"
    "memorysetup-temp-allocator-size-job-worker=262144"
    "memorysetup-temp-allocator-size-background-worker=32768"
    "memorysetup-bucket-allocator-granularity=16"
    "memorysetup-bucket-allocator-bucket-count=8"
    "memorysetup-bucket-allocator-block-size=33554432"
    "memorysetup-bucket-allocator-block-count=8"
    "memorysetup-main-allocator-block-size=16777216"
    "memorysetup-thread-allocator-block-size=16777216"
    "memorysetup-main-allocator-mimalloc-enabled=1"
    "memorysetup-gfx-main-allocator-block-size=16777216"
    "memorysetup-gfx-thread-allocator-block-size=16777216"
    "memorysetup-cache-allocator-block-size=4194304"
    "memorysetup-typetree-allocator-block-size=2097152"
    "memorysetup-profiler-bucket-allocator-granularity=16"
    "memorysetup-profiler-bucket-allocator-bucket-count=8"
    "memorysetup-profiler-bucket-allocator-block-size=33554432"
    "memorysetup-profiler-bucket-allocator-block-count=8"
    "memorysetup-profiler-allocator-block-size=16777216"
    "memorysetup-profiler-editor-allocator-block-size=1048576"
    "memorysetup-temp-allocator-size-main=16777216"
    "memorysetup-job-temp-allocator-block-size=2097152"
    "memorysetup-job-temp-allocator-block-size-background=1048576"
    "memorysetup-job-temp-allocator-reduction-small-platforms=262144"
Player connection [7220]  Target information:

Player connection [7220]  * "[IP] 192.168.0.213 [Port] 55504 [Flags] 2 [Guid] 96163063 [EditorId] 96163063 [Version] 1048832 [Id] WindowsEditor(7,DESKTOP-TCON8CE) [Debug] 1 [PackageName] WindowsEditor [ProjectName] Editor" 

Player connection [7220] Host joined multi-casting on [225.0.0.222:54997]...
Player connection [7220] Host joined alternative multi-casting on [225.0.0.222:34997]...
Input System module state changed to: Initialized.
[Physics::Module] Initialized fallback backend.
[Physics::Module] Id: 0xdecafbad
[Package Manager] Connected to IPC stream "Upm-15444" after 0.0 seconds.
[Licensing::Client] Successfully resolved entitlement details
Library Redirect Path: Library/
Rebuilding Library because the asset database could not be found!
Initialising UDS system complete:
  - System type: Client
  - Resource namespace: 31442874c87559649d8a5af544526884
  - Shared memory size: 1073741824
  - Command buffer id: 1052576
  - Command buffer size: 8192
  - Hashmap size: 4194304
  - Service connected: false
Launching Unity Data Store - E:/unity/6000.6.0f1/Editor/Data/Tools/Unity.DataStore.exe 
Unity Data Store artifact dir = Library/DataStore, working dir = D:/gioco per ari/Unity_Fork/LastSeen426/LastSeen426_Real[Physics::Module] Selected backend.
[Physics::Module] Name: PhysX
[Physics::Module] Id: 0xf2b8ea05
[Physics::Module] SDK Version: 4.1.2
[Physics::Module] Integration Version: 1.0.0
[Physics::Module] Threading Mode: Multi-Threaded
Unity Data Store running and initialised
Initialize engine version: 6000.6.0f1 (f7f8ed4d1e24)
[EntityIdStore] init: VM path (explicit commit), pageSize=4096, blockCount=1048576, entitiesPerBlock=256, slots reserved=4294967296 bytes
[Subsystems] Discovering subsystems at path E:/unity/6000.6.0f1/Editor/Data/Resources/UnitySubsystems
[Subsystems] Discovering subsystems at path D:/gioco per ari/Unity_Fork/LastSeen426/LastSeen426_Real/Assets
GfxDevice: creating device client; kGfxThreadingModeThreaded
Direct3D:
    Version:  Direct3D 11.0 [level 11.1]
    Renderer: NVIDIA GeForce GTX 1650 (ID=0x1f82)
    Vendor:   NVIDIA
    VRAM:     3935 MB
    Driver:   32.0.15.7602
Initialize mono
Mono path[0] = 'E:/unity/6000.6.0f1/Editor/Data/Managed'
Mono path[1] = 'E:/unity/6000.6.0f1/Editor/Data/BCLExtensions/runtime/netstandard2.1'
Mono path[2] = 'E:/unity/6000.6.0f1/Editor/Data/MonoBleedingEdge/lib/mono/unityjit-win32'
Mono config path = 'E:/unity/6000.6.0f1/Editor/Data/MonoBleedingEdge/etc'
Using monoOptions --debugger-agent=transport=dt_socket,embedding=1,server=y,suspend=n,address=127.0.0.1:56444
CodeReloadManager initialized
ImportWorker Server TCP listen port: 0
AcceleratorClientConnectionCallback - disconnected - :0
Begin MonoManager ReloadAssembly
Registering precompiled unity dll's ...
Register platform support module: E:/unity/6000.6.0f1/Editor/Data/PlaybackEngines/WindowsStandaloneSupport/UnityEditor.WindowsStandalone.Extensions.dll
[Licensing::Client] Successfully resolved entitlement details
Register platform support module: E:/unity/6000.6.0f1/Editor/Data/PlaybackEngines/MetroSupport/UnityEditor.UWP.Extensions.dll
Registered in 0.665747 seconds.
Native extension for UWP target not found
Native extension for WindowsStandalone target not found
Package Manager log level set to [2]
ScheduleIndexationOnStartup MainProcess:False IndexOnStartup:False
Scripting: successfully reloaded assembly
- Finished resetting the current domain, in 14.885 seconds
Domain Reload Profiling: 20509ms
	BeginReloadAssembly (1048ms)
		CreateAndSetChildDomain (213ms)
	RebuildCommonClasses (62ms)
	RebuildNativeTypeToScriptingClass (359ms)
	initialDomainReloadingComplete (1206ms)
	LoadAllAssembliesAndSetupDomain (2911ms)
		LoadAssemblies (828ms)
		TypeCache.Refresh (2397ms)
			TypeCache.ScanAssembly (1987ms)
		AnalyzeDomain (17ms)
			ResolveRequiredComponents (16ms)
	FinalizeReload (14923ms)
		SetupLoadedEditorAssemblies (0ms)
			InitializePlatformSupportModulesInManaged (15ms)
			BeforeProcessingInitializeOnLoad (491ms)
			ProcessInitializeOnLoadAttributes (525ms)
			ProcessInitializeOnLoadMethodAttributes (11660ms)
			EditorAssembliesLoaded (76ms)
		ExecutionOrderSort2 (30ms)
[Licensing::Client] Successfully resolved entitlement details
Application.AssetDatabase Initial Refresh Start
[Package Manager] The file [D:\gioco per ari\Unity_Fork\LastSeen426\LastSeen426_Real\Packages\manifest.json] cannot be found
[Package Manager] The file [D:\gioco per ari\Unity_Fork\LastSeen426\LastSeen426_Real\Packages\manifest.json] cannot be found
[Package Manager] The file [D:\gioco per ari\Unity_Fork\LastSeen426\LastSeen426_Real\Packages\manifest.json] cannot be found
[Package Manager] Done resolving packages in 11.80 seconds
[Licensing::Client] Successfully resolved entitlement details
[Package Manager] Lock file was modified
[Package Manager] Registered 42 packages:
  Packages from [https://packages.unity.com]:
    com.unity.ide.rider@3.0.38 (location: D:\gioco per ari\Unity_Fork\LastSeen426\LastSeen426_Real\Library\PackageCache\com.unity.ide.rider@1f60b3138684)
    com.unity.ide.visualstudio@2.0.26 (location: D:\gioco per ari\Unity_Fork\LastSeen426\LastSeen426_Real\Library\PackageCache\com.unity.ide.visualstudio@a99d56dec63f)
  Built-in packages:
    com.unity.modules.accessibility@1.0.0 (location: D:\gioco per ari\Unity_Fork\LastSeen426\LastSeen426_Real\Library\PackageCache\com.unity.modules.accessibility)
    com.unity.modules.adaptiveperformance@1.0.0 (location: D:\gioco per ari\Unity_Fork\LastSeen426\LastSeen426_Real\Library\PackageCache\com.unity.modules.adaptiveperformance)
    com.unity.modules.ai@1.0.0 (location: D:\gioco per ari\Unity_Fork\LastSeen426\LastSeen426_Real\Library\PackageCache\com.unity.modules.ai)
    com.unity.modules.androidjni@1.0.0 (location: D:\gioco per ari\Unity_Fork\LastSeen426\LastSeen426_Real\Library\PackageCache\com.unity.modules.androidjni)
    com.unity.modules.animation@1.0.0 (location: D:\gioco per ari\Unity_Fork\LastSeen426\LastSeen426_Real\Library\PackageCache\com.unity.modules.animation)
    com.unity.modules.assetbundle@1.0.0 (location: D:\gioco per ari\Unity_Fork\LastSeen426\LastSeen426_Real\Library\PackageCache\com.unity.modules.assetbundle)
    com.unity.modules.audio@1.0.0 (location: D:\gioco per ari\Unity_Fork\LastSeen426\LastSeen426_Real\Library\PackageCache\com.unity.modules.audio)
    com.unity.modules.cloth@1.0.0 (location: D:\gioco per ari\Unity_Fork\LastSeen426\LastSeen426_Real\Library\PackageCache\com.unity.modules.cloth)
    com.unity.modules.director@1.0.0 (location: D:\gioco per ari\Unity_Fork\LastSeen426\LastSeen426_Real\Library\PackageCache\com.unity.modules.director)
    com.unity.modules.imageconversion@1.0.0 (location: D:\gioco per ari\Unity_Fork\LastSeen426\LastSeen426_Real\Library\PackageCache\com.unity.modules.imageconversion)
    com.unity.modules.imgui@1.0.0 (location: D:\gioco per ari\Unity_Fork\LastSeen426\LastSeen426_Real\Library\PackageCache\com.unity.modules.imgui)
    com.unity.modules.jsonserialize@1.0.0 (location: D:\gioco per ari\Unity_Fork\LastSeen426\LastSeen426_Real\Library\PackageCache\com.unity.modules.jsonserialize)
    com.unity.modules.particlesystem@1.0.0 (location: D:\gioco per ari\Unity_Fork\LastSeen426\LastSeen426_Real\Library\PackageCache\com.unity.modules.particlesystem)
    com.unity.modules.physics@1.0.0 (location: D:\gioco per ari\Unity_Fork\LastSeen426\LastSeen426_Real\Library\PackageCache\com.unity.modules.physics)
    com.unity.modules.physics2d@1.0.0 (location: D:\gioco per ari\Unity_Fork\LastSeen426\LastSeen426_Real\Library\PackageCache\com.unity.modules.physics2d)
    com.unity.modules.physicscore2d@1.0.0 (location: D:\gioco per ari\Unity_Fork\LastSeen426\LastSeen426_Real\Library\PackageCache\com.unity.modules.physicscore2d)
    com.unity.modules.screencapture@1.0.0 (location: D:\gioco per ari\Unity_Fork\LastSeen426\LastSeen426_Real\Library\PackageCache\com.unity.modules.screencapture)
    com.unity.modules.terrain@1.0.0 (location: D:\gioco per ari\Unity_Fork\LastSeen426\LastSeen426_Real\Library\PackageCache\com.unity.modules.terrain)
    com.unity.modules.terrainphysics@1.0.0 (location: D:\gioco per ari\Unity_Fork\LastSeen426\LastSeen426_Real\Library\PackageCache\com.unity.modules.terrainphysics)
    com.unity.modules.tetgen@1.0.0 (location: D:\gioco per ari\Unity_Fork\LastSeen426\LastSeen426_Real\Library\PackageCache\com.unity.modules.tetgen)
    com.unity.modules.tilemap@1.0.0 (location: D:\gioco per ari\Unity_Fork\LastSeen426\LastSeen426_Real\Library\PackageCache\com.unity.modules.tilemap)
    com.unity.modules.timelinefoundation@1.0.0 (location: D:\gioco per ari\Unity_Fork\LastSeen426\LastSeen426_Real\Library\PackageCache\com.unity.modules.timelinefoundation)
    com.unity.modules.ui@1.0.0 (location: D:\gioco per ari\Unity_Fork\LastSeen426\LastSeen426_Real\Library\PackageCache\com.unity.modules.ui)
    com.unity.modules.uielements@1.0.0 (location: D:\gioco per ari\Unity_Fork\LastSeen426\LastSeen426_Real\Library\PackageCache\com.unity.modules.uielements)
    com.unity.modules.umbra@1.0.0 (location: D:\gioco per ari\Unity_Fork\LastSeen426\LastSeen426_Real\Library\PackageCache\com.unity.modules.umbra)
    com.unity.modules.unityanalytics@1.0.0 (location: D:\gioco per ari\Unity_Fork\LastSeen426\LastSeen426_Real\Library\PackageCache\com.unity.modules.unityanalytics)
    com.unity.modules.unitywebrequest@1.0.0 (location: D:\gioco per ari\Unity_Fork\LastSeen426\LastSeen426_Real\Library\PackageCache\com.unity.modules.unitywebrequest)
    com.unity.modules.unitywebrequestassetbundle@1.0.0 (location: D:\gioco per ari\Unity_Fork\LastSeen426\LastSeen426_Real\Library\PackageCache\com.unity.modules.unitywebrequestassetbundle)
    com.unity.modules.unitywebrequestaudio@1.0.0 (location: D:\gioco per ari\Unity_Fork\LastSeen426\LastSeen426_Real\Library\PackageCache\com.unity.modules.unitywebrequestaudio)
    com.unity.modules.unitywebrequesttexture@1.0.0 (location: D:\gioco per ari\Unity_Fork\LastSeen426\LastSeen426_Real\Library\PackageCache\com.unity.modules.unitywebrequesttexture)
    com.unity.modules.unitywebrequestwww@1.0.0 (location: D:\gioco per ari\Unity_Fork\LastSeen426\LastSeen426_Real\Library\PackageCache\com.unity.modules.unitywebrequestwww)
    com.unity.modules.vectorgraphics@1.0.0 (location: D:\gioco per ari\Unity_Fork\LastSeen426\LastSeen426_Real\Library\PackageCache\com.unity.modules.vectorgraphics)
    com.unity.modules.vehicles@1.0.0 (location: D:\gioco per ari\Unity_Fork\LastSeen426\LastSeen426_Real\Library\PackageCache\com.unity.modules.vehicles)
    com.unity.modules.video@1.0.0 (location: D:\gioco per ari\Unity_Fork\LastSeen426\LastSeen426_Real\Library\PackageCache\com.unity.modules.video)
    com.unity.modules.wind@1.0.0 (location: D:\gioco per ari\Unity_Fork\LastSeen426\LastSeen426_Real\Library\PackageCache\com.unity.modules.wind)
    com.unity.modules.xr@1.0.0 (location: D:\gioco per ari\Unity_Fork\LastSeen426\LastSeen426_Real\Library\PackageCache\com.unity.modules.xr)
    com.unity.modules.subsystems@1.0.0 (location: D:\gioco per ari\Unity_Fork\LastSeen426\LastSeen426_Real\Library\PackageCache\com.unity.modules.subsystems)
    com.unity.modules.hierarchycore@1.0.0 (location: D:\gioco per ari\Unity_Fork\LastSeen426\LastSeen426_Real\Library\PackageCache\com.unity.modules.hierarchycore)
    com.unity.test-framework@1.8.0 (location: D:\gioco per ari\Unity_Fork\LastSeen426\LastSeen426_Real\Library\PackageCache\com.unity.test-framework@7a3849e09bd0)
    com.unity.ext.nunit@2.1.0 (location: D:\gioco per ari\Unity_Fork\LastSeen426\LastSeen426_Real\Library\PackageCache\com.unity.ext.nunit@0198eae3b53e)
[Subsystems] No new subsystems found in resolved package list.
[Package Manager] Done registering packages in 0.02 seconds
AcceleratorClientConnectionCallback - disconnected - :0
[API Updater] Processing imported assemblies took 1923 ms (0/0 assembly(ies)).
Assembly Updater Post Process Assets time: 1.940711s
[ScriptCompilation] Requested script compilation because: Assembly Definition File(s) changed
[ScriptCompilation] Requested script compilation because: AssetDatabase observed changes in script compilation related files
Starting: E:\unity\6000.6.0f1\Editor\Data\Tools\BuildPipeline\bee_backend.exe --ipc --defer-dag-verification --dagfile="Library/Bee/1900b0aE.dag" --continue-on-failure --profile="Library/Bee/backend1.traceevents" ScriptAssemblies
WorkingDir: D:/gioco per ari/Unity_Fork/LastSeen426/LastSeen426_Real
ExitCode: 4 Duration: 0s370ms
[             ] Require frontend run.  Library/Bee/1900b0aE.dag couldn't be loaded
Starting: E:\unity\6000.6.0f1\Editor\Data\DotNetSdk\dotnet.exe "E:\unity\6000.6.0f1\Editor\Data\Tools\BuildPipeline\ScriptCompilationBuildProgram.exe" "Library/Bee/1900b0aE.dag.json" "Library/Bee/1900b0aE-inputdata.json" "Library\Bee\buildprogram0.traceevents"
WorkingDir: D:/gioco per ari/Unity_Fork/LastSeen426/LastSeen426_Real
ExitCode: 0 Duration: 3s700ms
Starting: E:\unity\6000.6.0f1\Editor\Data\Tools\BuildPipeline\bee_backend.exe --ipc --defer-dag-verification --dagfile="Library/Bee/1900b0aE.dag" --continue-on-failure --dagfilejson="Library\Bee\1900b0aE.dag.json" --profile="Library/Bee/backend2.traceevents" ScriptAssemblies
WorkingDir: D:/gioco per ari/Unity_Fork/LastSeen426/LastSeen426_Real
ExitCode: 0 Duration: 19s
Finished compiling graph: 203 nodes, 1084 flattened edges (1056 ToBuild, 8 ToUse), maximum node priority 41
[  1/200    0s] WriteText Library/Bee/artifacts/1900b0aE.dag/UnityEngine.TestRunner.rsp2
[  2/200    0s] MovedFromExtractor Library/Bee/artifacts/mvdfrm/UnityEditor.GraphicsStateCollectionSerializerModule.dll_324083546D16B1E5.mvfrm
[  3/200    0s] MovedFromExtractor Library/Bee/artifacts/mvdfrm/UnityEditor.GIModule.dll_6B55D8F52CA70487.mvfrm
[  4/200    0s] MovedFromExtractor Library/Bee/artifacts/mvdfrm/UnityEditor.GridAndSnapModule.dll_38DF9873F47AF09A.mvfrm
[  5/200    0s] MovedFromExtractor Library/Bee/artifacts/mvdfrm/UnityEditor.GenericRemoteModule.dll_D1C1803A9FEC247C.mvfrm
[  6/200    0s] MovedFromExtractor Library/Bee/artifacts/mvdfrm/UnityEditor.GraphViewModule.dll_5CE66421951D1022.mvfrm
[  7/200    0s] MovedFromExtractor Library/Bee/artifacts/mvdfrm/UnityEditor.GraphToolkitModule.dll_5CD209FEDC3D9085.mvfrm
[  8/200    0s] MovedFromExtractor Library/Bee/artifacts/mvdfrm/UnityEditor.EmbreeModule.dll_545C7B1D7465432D.mvfrm
[  9/200    0s] MovedFromExtractor Library/Bee/artifacts/mvdfrm/UnityEditor.DeviceSimulatorModule.dll_F2C53C8198CAF09D.mvfrm
[ 10/200    0s] MovedFromExtractor Library/Bee/artifacts/mvdfrm/UnityEditor.CoreBusinessMetricsModule.dll_3FD184416E3F2A23.mvfrm
[ 11/200    0s] MovedFromExtractor Library/Bee/artifacts/mvdfrm/UnityEditor.DiagnosticsModule.dll_2F26B1F2711633AB.mvfrm
[ 12/200    0s] MovedFromExtractor Library/Bee/artifacts/mvdfrm/UnityEditor.ContentLoadModule.dll_916FEFA2E89C7C5E.mvfrm
[ 13/200    0s] MovedFromExtractor Library/Bee/artifacts/mvdfrm/UnityEditor.EditorToolbarModule.dll_71BC4031B7DDACCD.mvfrm
[ 14/200    0s] MovedFromExtractor Library/Bee/artifacts/mvdfrm/UnityEditor.ClothModule.dll_62D25B25CB8081F9.mvfrm
[ 15/200    0s] MovedFromExtractor Library/Bee/artifacts/mvdfrm/UnityEditor.BuildAnalysisModule.dll_940967E1E0220399.mvfrm
[ 16/200    0s] MovedFromExtractor Library/Bee/artifacts/mvdfrm/UnityEditor.BuildProfileModule.dll_40F52553EB8E6200.mvfrm
[ 17/200    0s] MovedFromExtractor Library/Bee/artifacts/mvdfrm/UnityEditor.AssetComplianceModule.dll_2BA04C701386D4CA.mvfrm
[ 18/200    0s] MovedFromExtractor Library/Bee/artifacts/mvdfrm/UnityEditor.BurstModule.dll_64E1EF8318B9BAFF.mvfrm
[ 19/200    0s] MovedFromExtractor Library/Bee/artifacts/mvdfrm/UnityEditor.AnimationWindowModule.dll_8E293059CE58E153.mvfrm
[ 20/200    0s] WriteText Library/Bee/artifacts/1900b0aE.dag/UnityEngine.TestRunner.UnityAdditionalFile.txt
[ 21/200    0s] MovedFromExtractor Library/Bee/artifacts/mvdfrm/UnityEditor.AdaptivePerformanceModule.dll_BFE68AC747F7FB29.mvfrm
[ 22/200    0s] MovedFromExtractor Library/Bee/artifacts/mvdfrm/UnityEditor.AccessibilityModule.dll_3BC02A5F3E47FB7D.mvfrm
[ 23/200    0s] MovedFromExtractor Library/Bee/artifacts/mvdfrm/UnityEditor.AIModule.dll_D3198FE790F81C6D.mvfrm
[ 24/200    0s] MovedFromExtractor Library/Bee/artifacts/mvdfrm/UnityEngine.dll_4AFD16EF071382D6.mvfrm
[ 25/200    0s] MovedFromExtractor Library/Bee/artifacts/mvdfrm/UnityEditor.CoreModule.dll_BAECE9AA53BE6664.mvfrm
[ 26/200    0s] MovedFromExtractor Library/Bee/artifacts/mvdfrm/UnityEngine.XRModule.dll_928CA92E83B128BA.mvfrm
[ 27/200    0s] MovedFromExtractor Library/Bee/artifacts/mvdfrm/UnityEngine.UIModule.dll_0CFBBFA458BC55E4.mvfrm
[ 28/200    0s] MovedFromExtractor Library/Bee/artifacts/mvdfrm/UnityEngine.WindModule.dll_545C98258CFA4FF8.mvfrm
[ 29/200    0s] MovedFromExtractor Library/Bee/artifacts/mvdfrm/UnityEngine.VideoModule.dll_E7203EF9E572EF5F.mvfrm
[ 30/200    0s] MovedFromExtractor Library/Bee/artifacts/mvdfrm/UnityEngine.VehiclesModule.dll_BA3A77D2386A5B07.mvfrm
[ 31/200    0s] MovedFromExtractor Library/Bee/artifacts/mvdfrm/UnityEngine.VectorGraphicsModule.dll_2C546A46E7C3765E.mvfrm
[ 32/200    0s] MovedFromExtractor Library/Bee/artifacts/mvdfrm/UnityEngine.VirtualTexturingModule.dll_241CDE889242AF6D.mvfrm
[ 33/200    0s] MovedFromExtractor Library/Bee/artifacts/mvdfrm/UnityEngine.VFXModule.dll_A9FB4B58E6BB694C.mvfrm
[ 34/200    0s] MovedFromExtractor Library/Bee/artifacts/mvdfrm/UnityEngine.UnityWebRequestWWWModule.dll_8C2EAF3FD529EBB7.mvfrm
[ 35/200    0s] MovedFromExtractor Library/Bee/artifacts/mvdfrm/UnityEngine.UnityWebRequestModule.dll_7603044D959F5094.mvfrm
[ 36/200    0s] MovedFromExtractor Library/Bee/artifacts/mvdfrm/UnityEngine.UnityWebRequestAssetBundleModule.dll_C8078C3CE81E19A2.mvfrm
[ 37/200    0s] MovedFromExtractor Library/Bee/artifacts/mvdfrm/UnityEngine.UnityWebRequestAudioModule.dll_C348C880D54D7FE6.mvfrm
[ 38/200    0s] MovedFromExtractor Library/Bee/artifacts/mvdfrm/UnityEngine.UnityWebRequestTextureModule.dll_784FD40DD5C9AE7B.mvfrm
[ 39/200    0s] MovedFromExtractor Library/Bee/artifacts/mvdfrm/UnityEngine.UnityConsentModule.dll_FB344E051804DE15.mvfrm
[ 40/200    0s] MovedFromExtractor Library/Bee/artifacts/mvdfrm/UnityEngine.UnityCurlModule.dll_5E88817BDF8DD6B5.mvfrm
[ 41/200    0s] MovedFromExtractor Library/Bee/artifacts/mvdfrm/UnityEngine.UnityConnectModule.dll_298EB6D90AFA47C5.mvfrm
[ 42/200    0s] MovedFromExtractor Library/Bee/artifacts/mvdfrm/UnityEngine.UnityAnalyticsCommonModule.dll_E68B31E668CB53AC.mvfrm
[ 43/200    0s] MovedFromExtractor Library/Bee/artifacts/mvdfrm/UnityEngine.UnityAnalyticsModule.dll_B4ACA4DC01E45211.mvfrm
[ 44/200    0s] MovedFromExtractor Library/Bee/artifacts/mvdfrm/UnityEngine.UmbraModule.dll_3CEB66A7B0077F2D.mvfrm
[ 45/200    0s] MovedFromExtractor Library/Bee/artifacts/mvdfrm/Unity.Scripting.dll_B46E5216C7996FDD.mvfrm
[ 46/200    0s] MovedFromExtractor Library/Bee/artifacts/mvdfrm/UnityEngine.TimelineFoundationModule.dll_7BC9B27EF038DB64.mvfrm
[ 47/200    0s] MovedFromExtractor Library/Bee/artifacts/mvdfrm/UnityEngine.U2DRuntimeModule.dll_C16A10FAE4D81681.mvfrm
[ 48/200    0s] MovedFromExtractor Library/Bee/artifacts/mvdfrm/UnityEngine.TilemapModule.dll_EC4F6C06AD4EC3C2.mvfrm
[ 49/200    0s] MovedFromExtractor Library/Bee/artifacts/mvdfrm/UnityEngine.TextRenderingModule.dll_6B3FC552821F8B83.mvfrm
[ 50/200    0s] MovedFromExtractor Library/Bee/artifacts/mvdfrm/UnityEngine.TextCoreTextEngineModule.dll_C16C69E3E56A2F4B.mvfrm
[ 51/200    0s] MovedFromExtractor Library/Bee/artifacts/mvdfrm/UnityEngine.UIElementsModule.dll_F4CC219C17A8DC6B.mvfrm
[ 52/200    0s] MovedFromExtractor Library/Bee/artifacts/mvdfrm/UnityEngine.TerrainPhysicsModule.dll_9587DCE56EFFFAA2.mvfrm
[ 53/200    0s] MovedFromExtractor Library/Bee/artifacts/mvdfrm/UnityEngine.TetgenModule.dll_A45C7321CEE24B5D.mvfrm
[ 54/200    0s] MovedFromExtractor Library/Bee/artifacts/mvdfrm/UnityEngine.TextCoreFontEngineModule.dll_7984337255E6762D.mvfrm
[ 55/200    0s] MovedFromExtractor Library/Bee/artifacts/mvdfrm/UnityEngine.TerrainModule.dll_4D5304859591E2B9.mvfrm
[ 56/200    0s] MovedFromExtractor Library/Bee/artifacts/mvdfrm/UnityEngine.TLSModule.dll_291CB2EA104DFFDF.mvfrm
[ 57/200    0s] MovedFromExtractor Library/Bee/artifacts/mvdfrm/UnityEngine.SpriteShapeModule.dll_1780934BE1F61D00.mvfrm
[ 58/200    0s] MovedFromExtractor Library/Bee/artifacts/mvdfrm/UnityEngine.SubsystemsModule.dll_F08DC034147CA074.mvfrm
[ 59/200    0s] MovedFromExtractor Library/Bee/artifacts/mvdfrm/UnityEngine.SubstanceModule.dll_BCABE1E40A549A14.mvfrm
[ 60/200    0s] MovedFromExtractor Library/Bee/artifacts/mvdfrm/UnityEngine.StreamingModule.dll_E000CD9ABF019C06.mvfrm
[ 61/200    0s] MovedFromExtractor Library/Bee/artifacts/mvdfrm/UnityEngine.SpriteMaskModule.dll_85E059D24634B861.mvfrm
[ 62/200    0s] MovedFromExtractor Library/Bee/artifacts/mvdfrm/UnityEngine.RenderAs2DModule.dll_0B26E906770AD15A.mvfrm
[ 63/200    0s] MovedFromExtractor Library/Bee/artifacts/mvdfrm/UnityEngine.ShaderVariantAnalyticsModule.dll_3909F1BE8195E9F6.mvfrm
[ 64/200    0s] MovedFromExtractor Library/Bee/artifacts/mvdfrm/UnityEngine.ScreenCaptureModule.dll_42005347CAE80B8E.mvfrm
[ 65/200    0s] MovedFromExtractor Library/Bee/artifacts/mvdfrm/UnityEngine.RuntimeInitializeOnLoadManagerInitializerModule.dll_BF701631903C8726.mvfrm
[ 66/200    0s] MovedFromExtractor Library/Bee/artifacts/mvdfrm/UnityEngine.ScriptingModule.dll_428D3910EF01937B.mvfrm
[ 67/200    0s] MovedFromExtractor Library/Bee/artifacts/mvdfrm/UnityEngine.PhysicsModule.dll_330C8916BFD399CB.mvfrm
[ 68/200    0s] MovedFromExtractor Library/Bee/artifacts/mvdfrm/UnityEngine.PropertiesModule.dll_C9EF268097B08723.mvfrm
[ 69/200    0s] MovedFromExtractor Library/Bee/artifacts/mvdfrm/UnityEngine.PerformanceReportingModule.dll_4B4C74A24EE2B54E.mvfrm
[ 70/200    0s] MovedFromExtractor Library/Bee/artifacts/mvdfrm/UnityEngine.Physics2DModule.dll_7811D03B1076DC5D.mvfrm
[ 71/200    0s] MovedFromExtractor Library/Bee/artifacts/mvdfrm/UnityEngine.PhysicsBackendPhysXModule.dll_5A8A070A65F990ED.mvfrm
[ 72/200    0s] MovedFromExtractor Library/Bee/artifacts/mvdfrm/UnityEngine.PhysicsCore2DModule.dll_B5C4F43215E5738C.mvfrm
[ 73/200    0s] MovedFromExtractor Library/Bee/artifacts/mvdfrm/UnityEngine.ManagedKernelModule.dll_EAB7550BA675ADB0.mvfrm
[ 74/200    0s] MovedFromExtractor Library/Bee/artifacts/mvdfrm/UnityEngine.MultiplayerModule.dll_7DC7827DE51B726E.mvfrm
[ 75/200    0s] MovedFromExtractor Library/Bee/artifacts/mvdfrm/UnityEngine.LocalizationModule.dll_FA18723259760CD9.mvfrm
[ 76/200    0s] MovedFromExtractor Library/Bee/artifacts/mvdfrm/UnityEngine.MarshallingModule.dll_A6880486107C1248.mvfrm
[ 77/200    0s] MovedFromExtractor Library/Bee/artifacts/mvdfrm/UnityEngine.ParticleSystemModule.dll_950D341255BD0015.mvfrm
[ 78/200    0s] MovedFromExtractor Library/Bee/artifacts/mvdfrm/UnityEngine.MathematicsModule.dll_233413CAA0CBDC2A.mvfrm
[ 79/200    0s] MovedFromExtractor Library/Bee/artifacts/mvdfrm/UnityEngine.JSONSerializeModule.dll_2818A5C2B67BDF2C.mvfrm
[ 80/200    0s] MovedFromExtractor Library/Bee/artifacts/mvdfrm/UnityEngine.InsightsModule.dll_DC3E46E348BDDAEB.mvfrm
[ 81/200    0s] MovedFromExtractor Library/Bee/artifacts/mvdfrm/UnityEngine.InputModule.dll_288C823F9918F85E.mvfrm
[ 82/200    0s] MovedFromExtractor Library/Bee/artifacts/mvdfrm/UnityEngine.InputLegacyModule.dll_8F64810FC4459AE7.mvfrm
[ 83/200    0s] MovedFromExtractor Library/Bee/artifacts/mvdfrm/UnityEngine.ImageConversionModule.dll_6463FCA38AAAB615.mvfrm
[ 84/200    0s] MovedFromExtractor Library/Bee/artifacts/mvdfrm/UnityEngine.InputForUIModule.dll_9F66415B84E5BFA3.mvfrm
[ 85/200    0s] MovedFromExtractor Library/Bee/artifacts/mvdfrm/UnityEngine.IdentifiersModule.dll_D6A8EDE6EECCB30E.mvfrm
[ 86/200    0s] MovedFromExtractor Library/Bee/artifacts/mvdfrm/UnityEngine.IMGUIModule.dll_FA7659F5E912679B.mvfrm
[ 87/200    0s] MovedFromExtractor Library/Bee/artifacts/mvdfrm/UnityEngine.HotReloadModule.dll_ACB49E504AAD004A.mvfrm
[ 88/200    0s] MovedFromExtractor Library/Bee/artifacts/mvdfrm/UnityEngine.HierarchyCoreModule.dll_3F1BB96125EDD798.mvfrm
[ 89/200    0s] MovedFromExtractor Library/Bee/artifacts/mvdfrm/UnityEngine.GraphicsStateCollectionSerializerModule.dll_3B3450443A15FB4A.mvfrm
[ 90/200    0s] MovedFromExtractor Library/Bee/artifacts/mvdfrm/UnityEngine.GridModule.dll_BB7ED8EB14186786.mvfrm
[ 91/200    0s] MovedFromExtractor Library/Bee/artifacts/mvdfrm/UnityEngine.GIModule.dll_A9C46A8498243852.mvfrm
[ 92/200    0s] MovedFromExtractor Library/Bee/artifacts/mvdfrm/UnityEngine.GameCenterModule.dll_9CB3E74224C522E7.mvfrm
[ 93/200    0s] MovedFromExtractor Library/Bee/artifacts/mvdfrm/UnityEngine.DirectorModule.dll_42777E52BE408B6C.mvfrm
[ 94/200    0s] MovedFromExtractor Library/Bee/artifacts/mvdfrm/UnityEngine.DSPGraphModule.dll_47C8DFBC30A15C8D.mvfrm
[ 95/200    0s] MovedFromExtractor Library/Bee/artifacts/mvdfrm/UnityEngine.CrashReportingModule.dll_41FAEAC5E7AB7487.mvfrm
[ 96/200    0s] MovedFromExtractor Library/Bee/artifacts/mvdfrm/UnityEngine.ClothModule.dll_28FF1789FCFDB29E.mvfrm
[ 97/200    0s] MovedFromExtractor Library/Bee/artifacts/mvdfrm/UnityEngine.ClusterRendererModule.dll_F871FEF30885FE21.mvfrm
[ 98/200    0s] MovedFromExtractor Library/Bee/artifacts/mvdfrm/UnityEngine.ClusterInputModule.dll_BBCBA7DFC1FA19E0.mvfrm
[ 99/200    0s] MovedFromExtractor Library/Bee/artifacts/mvdfrm/UnityEngine.ContentLoadModule.dll_9735BF31FAD68CE3.mvfrm
[100/200    0s] MovedFromExtractor Library/Bee/artifacts/mvdfrm/UnityEngine.BurstModule.dll_2B0EABE74A36EBA4.mvfrm
[101/200    0s] MovedFromExtractor Library/Bee/artifacts/mvdfrm/UnityEngine.CoreModule.dll_DE0DBCFCFBC3D18F.mvfrm
[102/200    0s] MovedFromExtractor Library/Bee/artifacts/mvdfrm/UnityEngine.AssetBundleModule.dll_FE1F65F12C53E4F6.mvfrm
[103/200    0s] MovedFromExtractor Library/Bee/artifacts/mvdfrm/UnityEngine.AudioModule.dll_C216BA8F22E0D3BA.mvfrm
[104/200    0s] MovedFromExtractor Library/Bee/artifacts/mvdfrm/UnityEngine.AnimationModule.dll_2B6BE04A6F79E4C8.mvfrm
[105/200    0s] MovedFromExtractor Library/Bee/artifacts/mvdfrm/UnityEngine.AndroidJNIModule.dll_72669D275E8431F6.mvfrm
[106/200    0s] MovedFromExtractor Library/Bee/artifacts/mvdfrm/UnityEngine.AdaptivePerformanceModule.dll_80761F7D833D4E2E.mvfrm
[107/200    0s] MovedFromExtractor Library/Bee/artifacts/mvdfrm/UnityEngine.AccessibilityModule.dll_C8011C86B7407EA2.mvfrm
[108/200    0s] MovedFromExtractor Library/Bee/artifacts/mvdfrm/UnityEngine.ARModule.dll_CAFAE67A5992AF01.mvfrm
[109/200    0s] MovedFromExtractor Library/Bee/artifacts/mvdfrm/UnityEditor.VideoModule.dll_20F38295B3F5BEBA.mvfrm
[110/200    0s] MovedFromExtractor Library/Bee/artifacts/mvdfrm/UnityEditor.XRModule.dll_541E179F1833F4EF.mvfrm
[111/200    0s] MovedFromExtractor Library/Bee/artifacts/mvdfrm/UnityEditor.VectorGraphicsModule.dll_713008ABCBD6E253.mvfrm
[112/200    0s] MovedFromExtractor Library/Bee/artifacts/mvdfrm/UnityEngine.AIModule.dll_11882176FC755038.mvfrm
[113/200    0s] MovedFromExtractor Library/Bee/artifacts/mvdfrm/UnityEditor.dll_1858D016A89FF5F1.mvfrm
[114/200    0s] MovedFromExtractor Library/Bee/artifacts/mvdfrm/UnityEditor.VFXModule.dll_9DD9A905770B5B47.mvfrm
[115/200    0s] MovedFromExtractor Library/Bee/artifacts/mvdfrm/UnityEditor.UmbraModule.dll_76BEAA437E8A4E88.mvfrm
[116/200    0s] MovedFromExtractor Library/Bee/artifacts/mvdfrm/UnityEditor.UIBuilderModule.dll_B16F113E07D58956.mvfrm
[117/200    0s] MovedFromExtractor Library/Bee/artifacts/mvdfrm/UnityEditor.UnityConnectModule.dll_3C2F32CA1072471A.mvfrm
[118/200    0s] MovedFromExtractor Library/Bee/artifacts/mvdfrm/UnityEditor.UIElementsModule.dll_F41DB4541564C320.mvfrm
[119/200    0s] MovedFromExtractor Library/Bee/artifacts/mvdfrm/UnityEditor.UIToolkitAuthoringModule.dll_2E7B4CAC616F3B22.mvfrm
[120/200    0s] MovedFromExtractor Library/Bee/artifacts/mvdfrm/UnityEditor.UIElementsSamplesModule.dll_8D09CA1A01F4F04D.mvfrm
[121/200    0s] MovedFromExtractor Library/Bee/artifacts/mvdfrm/UnityEditor.UIAutomationModule.dll_F196144488022AC0.mvfrm
[122/200    0s] MovedFromExtractor Library/Bee/artifacts/mvdfrm/UnityEditor.TreeModule.dll_1898DEB8DB83FBA3.mvfrm
[123/200    0s] MovedFromExtractor Library/Bee/artifacts/mvdfrm/UnityEditor.TimelineFoundationModule.dll_FD6A372BDD3B1C99.mvfrm
[124/200    0s] MovedFromExtractor Library/Bee/artifacts/mvdfrm/UnityEditor.TextRenderingModule.dll_DEFED32B0927085E.mvfrm
[125/200    0s] MovedFromExtractor Library/Bee/artifacts/mvdfrm/UnityEditor.U2DModule.dll_C9B253E8ACA7BBA6.mvfrm
[126/200    0s] MovedFromExtractor Library/Bee/artifacts/mvdfrm/UnityEditor.TilemapModule.dll_F9D4B35C483FDC7D.mvfrm
[127/200    0s] MovedFromExtractor Library/Bee/artifacts/mvdfrm/UnityEditor.TextCoreTextEngineModule.dll_430CEE90D26C7080.mvfrm
[128/200    0s] MovedFromExtractor Library/Bee/artifacts/mvdfrm/UnityEditor.TextCoreFontEngineModule.dll_FB24B81F42E8B762.mvfrm
[129/200    0s] MovedFromExtractor Library/Bee/artifacts/mvdfrm/UnityEditor.SyntaxTreeModule.dll_416EB2CC6E3C8926.mvfrm
[130/200    0s] MovedFromExtractor Library/Bee/artifacts/mvdfrm/UnityEditor.SubstanceModule.dll_06C5F0FB24D4E82F.mvfrm
[131/200    0s] MovedFromExtractor Library/Bee/artifacts/mvdfrm/UnityEditor.TerrainModule.dll_5AD84BDB3082FB74.mvfrm
[132/200    0s] MovedFromExtractor Library/Bee/artifacts/mvdfrm/UnityEditor.SpriteShapeModule.dll_11BAC3BCCFBC0C7B.mvfrm
[133/200    0s] MovedFromExtractor Library/Bee/artifacts/mvdfrm/UnityEditor.SpriteMaskModule.dll_8531EC8A43F09F16.mvfrm
[134/200    0s] MovedFromExtractor Library/Bee/artifacts/mvdfrm/UnityEditor.SketchUpModule.dll_2F75A12285A74FFC.mvfrm
[135/200    0s] MovedFromExtractor Library/Bee/artifacts/mvdfrm/UnityEditor.ShaderPreprocessorModule.dll_1E09C1C2411189F9.mvfrm
[136/200    0s] MovedFromExtractor Library/Bee/artifacts/mvdfrm/UnityEditor.ShaderCompilationModule.dll_98D82C91E4F8E51D.mvfrm
[137/200    0s] MovedFromExtractor Library/Bee/artifacts/mvdfrm/UnityEditor.ShaderBuildSettingsModule.dll_C80CD1701AF72C6B.mvfrm
[138/200    0s] MovedFromExtractor Library/Bee/artifacts/mvdfrm/UnityEditor.SceneViewModule.dll_9B9647298A3FDD30.mvfrm
[139/200    0s] MovedFromExtractor Library/Bee/artifacts/mvdfrm/UnityEditor.ShaderFoundryModule.dll_D43B8132D979D393.mvfrm
[140/200    0s] MovedFromExtractor Library/Bee/artifacts/mvdfrm/UnityEditor.SceneTemplateModule.dll_955BB0EFB6CA5705.mvfrm
[141/200    0s] MovedFromExtractor Library/Bee/artifacts/mvdfrm/UnityEditor.SafeModeModule.dll_4760BBD23A75B3E5.mvfrm
[142/200    0s] MovedFromExtractor Library/Bee/artifacts/mvdfrm/UnityEditor.QuickInstallModule.dll_1FD473932D14D033.mvfrm
[143/200    0s] MovedFromExtractor Library/Bee/artifacts/mvdfrm/UnityEditor.QuickSearchModule.dll_BA3632FFC9ED3004.mvfrm
[144/200    0s] MovedFromExtractor Library/Bee/artifacts/mvdfrm/UnityEditor.PropertiesModule.dll_C940B938956C6DD8.mvfrm
[145/200    0s] MovedFromExtractor Library/Bee/artifacts/mvdfrm/UnityEditor.ProjectAuditorModule.dll_249D7CDC8E69316A.mvfrm
[146/200    0s] MovedFromExtractor Library/Bee/artifacts/mvdfrm/UnityEditor.PlayModeModule.dll_8D54AD8BD93EC34C.mvfrm
[147/200    0s] MovedFromExtractor Library/Bee/artifacts/mvdfrm/UnityEditor.PresetsUIModule.dll_184C9D0397756827.mvfrm
[148/200    0s] MovedFromExtractor Library/Bee/artifacts/mvdfrm/UnityEditor.PhysicsModule.dll_4091D06C5AC4B286.mvfrm
[149/200    0s] MovedFromExtractor Library/Bee/artifacts/mvdfrm/UnityEditor.PhysicsCore2DModule.dll_2984020A9CECF067.mvfrm
[150/200    0s] MovedFromExtractor Library/Bee/artifacts/mvdfrm/UnityEditor.Physics2DModule.dll_C22BDF522AF72A78.mvfrm
[151/200    0s] MovedFromExtractor Library/Bee/artifacts/mvdfrm/UnityEditor.MediaModule.dll_C7AA17BC6FB02BA3.mvfrm
[152/200    0s] WriteText Library/Bee/artifacts/1900b0aE.dag/UnityEngine.TestRunner.dll.mvfrm.rsp
[153/200    0s] MovedFromExtractor Library/Bee/artifacts/mvdfrm/UnityEditor.MultiplayerModule.dll_7801B2EED2E161E9.mvfrm
[154/200    0s] WriteText Library/Bee/artifacts/1900b0aE.dag/UnityEngine.TestRunner.rsp
[155/200    0s] MovedFromExtractor Library/Bee/artifacts/mvdfrm/UnityEditor.MathematicsModule.dll_1D6E443B8E91CBA5.mvfrm
[156/200    0s] MovedFromExtractor Library/Bee/artifacts/mvdfrm/UnityEditor.LightingModule.dll_4168334E8D617D11.mvfrm
[157/200    0s] MovedFromExtractor Library/Bee/artifacts/mvdfrm/UnityEditor.GridModule.dll_985E05986C12FC5B.mvfrm
[158/200    0s] MovedFromExtractor Library/Bee/artifacts/mvdfrm/UnityEditor.UWP.Extensions.dll_2040326F477BC7A7.mvfrm
[159/200    0s] MovedFromExtractor Library/Bee/artifacts/mvdfrm/UnityEditor.HierarchyModule.dll_4A5A6AFD52FC4EE4.mvfrm
[160/200    0s] MovedFromExtractor Library/Bee/artifacts/mvdfrm/UnityEditor.WindowsStandalone.Extensions.dll_5FFBB932CFB0B57C.mvfrm
[161/200    0s] WriteText Library/Bee/artifacts/1900b0aE.dag/UnityEditor.TestRunner.rsp2
[162/200    0s] WriteText Library/Bee/artifacts/1900b0aE.dag/UnityEditor.TestRunner.UnityAdditionalFile.txt
[163/200    0s] WriteText Library/Bee/artifacts/1900b0aE.dag/UnityEditor.TestRunner.dll.mvfrm.rsp
[164/200    0s] WriteText Library/Bee/artifacts/1900b0aE.dag/UnityEditor.TestRunner.rsp
[165/200    0s] MovedFromExtractor Library/Bee/artifacts/mvdfrm/UnityEditor.Graphs.dll_A88CB04D4EE58C96.mvfrm
[166/200    0s] WriteText Library/Bee/artifacts/1900b0aE.dag/Unity.VisualStudio.Editor.dll.mvfrm.rsp
[167/200    0s] WriteText Library/Bee/artifacts/1900b0aE.dag/Unity.VisualStudio.Editor.rsp2
[168/200    0s] WriteText Library/Bee/artifacts/1900b0aE.dag/Unity.VisualStudio.Editor.UnityAdditionalFile.txt
[169/200    0s] WriteText Library/Bee/artifacts/1900b0aE.dag/Unity.Rider.Editor.dll.mvfrm.rsp
[170/200    0s] WriteText Library/Bee/artifacts/1900b0aE.dag/Unity.Rider.Editor.rsp2
[171/200    0s] WriteText Library/Bee/artifacts/1900b0aE.dag/Unity.Rider.Editor.UnityAdditionalFile.txt
[172/200    0s] WriteResponseFile Library/Bee/artifacts/rsp/3071285868016441895.rsp
[173/200    0s] WriteText Library/Bee/artifacts/1900b0aE.dag/Unity.VisualStudio.Editor.rsp
[174/200    0s] WriteText Library/Bee/artifacts/1900b0aE.dag/Unity.Rider.Editor.rsp
[175/200    0s] WriteResponseFile Library/Bee/artifacts/rsp/2655319114021734818.rsp
[176/200    0s] MovedFromExtractor Library/Bee/artifacts/mvdfrm/UnityEngine.AMDModule.dll_2A8CEF84E91D848C.mvfrm
[177/200    0s] MovedFromExtractor Library/Bee/artifacts/mvdfrm/UnityEngine.HierarchyModule.dll_00405BE6387C00C9.mvfrm
[178/200    0s] MovedFromExtractor-Combine Library/Bee/artifacts/1900b0aE.dag/UnityEngine.TestRunner.dll.mvfrm
[179/200    0s] MovedFromExtractor Library/Bee/artifacts/mvdfrm/UnityEngine.NVIDIAModule.dll_AC6D9304D2025DDB.mvfrm
[180/200    0s] ILPP-Configuration Library/ilpp-configuration.nevergeneratedoutput
[           0s] Csc Library/Bee/artifacts/1900b0aE.dag/UnityEngine.TestRunner.dll (+2 others) [CacheMiss f27eb5c5bad01e221cc4f384cf555cc100000000000000000000000000000006]
[181/200    2s] Csc Library/Bee/artifacts/1900b0aE.dag/UnityEngine.TestRunner.dll (+2 others)
[           0s] Csc Library/Bee/artifacts/1900b0aE.dag/UnityEngine.TestRunner.dll (+2 others) [CacheWrite f27eb5c5bad01e221cc4f384cf555cc100000000000000000000000000000006]
[182/200    0s] MovedFromExtractor Library/Bee/artifacts/mvdfrm/UnityEngine.TestRunner.ref.dll_E55D0F7C63F01D9E.mvfrm
[183/200    0s] MovedFromExtractor-Combine Library/Bee/artifacts/1900b0aE.dag/UnityEditor.TestRunner.dll.mvfrm
[           0s] Csc Library/Bee/artifacts/1900b0aE.dag/UnityEditor.TestRunner.dll (+2 others) [CacheMiss af283478daa8404ba14997b931724d5300000000000000000000000000000006]
[184/200    2s] Csc Library/Bee/artifacts/1900b0aE.dag/UnityEditor.TestRunner.dll (+2 others)
[           0s] Csc Library/Bee/artifacts/1900b0aE.dag/UnityEditor.TestRunner.dll (+2 others) [CacheWrite af283478daa8404ba14997b931724d5300000000000000000000000000000006]
[185/200    0s] MovedFromExtractor Library/Bee/artifacts/mvdfrm/UnityEditor.TestRunner.ref.dll_193EC4CE382CBFB3.mvfrm
[186/200    0s] MovedFromExtractor-Combine Library/Bee/artifacts/1900b0aE.dag/Unity.Rider.Editor.dll.mvfrm
[187/200    0s] MovedFromExtractor-Combine Library/Bee/artifacts/1900b0aE.dag/Unity.VisualStudio.Editor.dll.mvfrm
[           0s] Csc Library/Bee/artifacts/1900b0aE.dag/Unity.Rider.Editor.dll (+2 others) [CacheMiss 9cc7238587c83df824bc23adb92b9d3800000000000000000000000000000006]
[           0s] Csc Library/Bee/artifacts/1900b0aE.dag/Unity.VisualStudio.Editor.dll (+2 others) [CacheMiss d86b013489cfad31f234d62ef90b6b6200000000000000000000000000000006]
[188/200    0s] Csc Library/Bee/artifacts/1900b0aE.dag/Unity.Rider.Editor.dll (+2 others)
[           0s] Csc Library/Bee/artifacts/1900b0aE.dag/Unity.Rider.Editor.dll (+2 others) [CacheWrite 9cc7238587c83df824bc23adb92b9d3800000000000000000000000000000006]
[189/200    0s] CopyFiles Library/ScriptAssemblies/Unity.Rider.Editor.pdb
[190/200    0s] ILPostProcess Library/Bee/artifacts/1900b0aE.dag/post-processed/UnityEditor.TestRunner.dll (+pdb)
Processing assembly Library/Bee/artifacts/1900b0aE.dag/UnityEditor.TestRunner.dll, with 147 defines and 297 references

processors: zzzUnity.Burst.CodeGen.BurstILPostProcessor

1 processor(s) skipped this assembly
[191/200    0s] CopyFiles Library/ScriptAssemblies/UnityEditor.TestRunner.pdb
[192/200    0s] ILPostProcess Library/Bee/artifacts/1900b0aE.dag/post-processed/UnityEngine.TestRunner.dll (+pdb)
Processing assembly Library/Bee/artifacts/1900b0aE.dag/UnityEngine.TestRunner.dll, with 149 defines and 287 references

processors: zzzUnity.Burst.CodeGen.BurstILPostProcessor

1 processor(s) skipped this assembly
[193/200    0s] CopyFiles Library/ScriptAssemblies/UnityEngine.TestRunner.pdb
[194/200    0s] CopyFiles Library/ScriptAssemblies/Unity.Rider.Editor.dll
[195/200    0s] CopyFiles Library/ScriptAssemblies/UnityEngine.TestRunner.dll
[196/200    0s] CopyFiles Library/ScriptAssemblies/UnityEditor.TestRunner.dll
[197/200    1s] Csc Library/Bee/artifacts/1900b0aE.dag/Unity.VisualStudio.Editor.dll (+2 others)
[           0s] Csc Library/Bee/artifacts/1900b0aE.dag/Unity.VisualStudio.Editor.dll (+2 others) [CacheWrite d86b013489cfad31f234d62ef90b6b6200000000000000000000000000000006]
[198/200    0s] CopyFiles Library/ScriptAssemblies/Unity.VisualStudio.Editor.pdb
[199/200    0s] CopyFiles Library/ScriptAssemblies/Unity.VisualStudio.Editor.dll
*** Tundra build success (19.22 seconds), 199 items updated, 200 evaluated
AssetDatabase: script compilation time: 41.201201s
[Licensing::Client] Successfully resolved entitlement details
Begin MonoManager ReloadAssembly
Total cache size 227234868
Total cache size after purge 227234868, took 00:00:01.2628443
Importing 'GUID: 00000000000000001000000000000000 - Path: Assets' with importer (DefaultImporter)
Imported 'GUID: 00000000000000001000000000000000' -> (Import Result ID: '2740a6f043b2b326bdd7512375e96e57') in 0.830 seconds [static dependencies only]. Details - ImportResultOutputID=0bd79294e96b4d95e7775c04af3ef4c2 DependenciesID=5ddfff5767c8d340f2421f4cedfc88ba StaticDependenciesID=3cc2fb38edf9553804fe976b0521b786 
Importing 'GUID: 00000000000000002000000000000000 - Path: ProjectSettings/InputManager.asset' with importer (LibraryAssetImporter)
Imported 'GUID: 00000000000000002000000000000000' -> (Import Result ID: 'd54c3b22344f5659d8f1231ca12dc27f') in 0.056 seconds [static dependencies only]. Details - ImportResultOutputID=6ef5aadfef77827e2c23b904de4fe67c DependenciesID=230c3dc4decdcee345236da146e5ad56 StaticDependenciesID=121b9d84da6e41ec4ab375ad60d25101 
Importing 'GUID: 00000000000000003000000000000000 - Path: ProjectSettings/TagManager.asset' with importer (LibraryAssetImporter)
Imported 'GUID: 00000000000000003000000000000000' -> (Import Result ID: '1e6e7d057cd946b356f9e987cd4b07b3') in 0.001 seconds [static dependencies only]. Details - ImportResultOutputID=f000288eab4d423778547d37d97a06b9 DependenciesID=f89d6d1c173831a02b6d3e26ee30fc12 StaticDependenciesID=908d26d9b786a623216f2dbc8967611d 
Importing 'GUID: 00000000000000004000000000000000 - Path: ProjectSettings/ProjectSettings.asset' with importer (LibraryAssetImporter)
Imported 'GUID: 00000000000000004000000000000000' -> (Import Result ID: '7d8bdf7487bef4131f4c84f60ce69a98') in 0.001 seconds [static dependencies only]. Details - ImportResultOutputID=054c890a8f4b6dddbea933bc5e4b7df4 DependenciesID=f783e0d821b23a8770c3379537f77cda StaticDependenciesID=96612f2104d5082fe93e76ece0828937 
Importing 'GUID: 00000000000000006000000000000000 - Path: ProjectSettings/AudioManager.asset' with importer (LibraryAssetImporter)
Imported 'GUID: 00000000000000006000000000000000' -> (Import Result ID: '0f7614d2b61231e66ee7f08dc4ae9926') in 0.002 seconds [static dependencies only]. Details - ImportResultOutputID=d41ed101cdcb18327994de285944fd39 DependenciesID=971e702b08573c691c2dabd97b908d9f StaticDependenciesID=78bf59eed39219d4e919165573f8eef1 
Importing 'GUID: 00000000000000007000000000000000 - Path: ProjectSettings/TimeManager.asset' with importer (LibraryAssetImporter)
Imported 'GUID: 00000000000000007000000000000000' -> (Import Result ID: '7e12a84cd7ab56012d9fa64ef2a5a4da') in 0.001 seconds [static dependencies only]. Details - ImportResultOutputID=888360dbe4cb337dfbc4897083ee474b DependenciesID=d13400a85efeabf30011f29052cf7157 StaticDependenciesID=9d73b30445d3b0990b0ddb8080a69504 
Importing 'GUID: 00000000000000008000000000000000 - Path: ProjectSettings/DynamicsManager.asset' with importer (LibraryAssetImporter)
Imported 'GUID: 00000000000000008000000000000000' -> (Import Result ID: '23ddf6fbe10c2b6b5e8bec0228f7ac7e') in 0.007 seconds [static dependencies only]. Details - ImportResultOutputID=f4e5ea74158efa9a7415a6abc5cfeedf DependenciesID=d4c306ea373454e2dcd748eabdb4077a StaticDependenciesID=426956d523914bf9eb4eac107536faaf 
Importing 'GUID: 00000000000000009000000000000000 - Path: ProjectSettings/QualitySettings.asset' with importer (LibraryAssetImporter)
Imported 'GUID: 00000000000000009000000000000000' -> (Import Result ID: 'cfacddb94c7f35942200be5b26936a31') in 0.001 seconds [static dependencies only]. Details - ImportResultOutputID=2a108b3da874f726c62fbe5f12be4a8a DependenciesID=ce94357f9d985fee94e420676a2fe093 StaticDependenciesID=5474af2cf0fa33f587753d1e75f2c1c8 
Importing 'GUID: 0000000000000000b000000000000000 - Path: ProjectSettings/EditorBuildSettings.asset' with importer (LibraryAssetImporter)
Imported 'GUID: 0000000000000000b000000000000000' -> (Import Result ID: '72e6454857aabd9625fb37b5d4ab19c5') in 0.001 seconds [static dependencies only]. Details - ImportResultOutputID=0a89a5c5f492143e0fa186859e17ba6f DependenciesID=770db2f2a6eea813e0a8c0ff64b695e7 StaticDependenciesID=581d8cc28ba5405024945b229dd04bca 
Importing 'GUID: 0000000000000000c000000000000000 - Path: ProjectSettings/EditorSettings.asset' with importer (LibraryAssetImporter)
Imported 'GUID: 0000000000000000c000000000000000' -> (Import Result ID: '7c933e0beadf8ace339c6b8c661dc81a') in 0.001 seconds [static dependencies only]. Details - ImportResultOutputID=9bf1f3a6d7407228d033acb548d88253 DependenciesID=6bb40170ca58bee95a7b250733be5a53 StaticDependenciesID=d061d61168fd9a74717e037458ab8d29 
Importing 'GUID: 00000000000000004100000000000000 - Path: ProjectSettings/NavMeshAreas.asset' with importer (LibraryAssetImporter)
Imported 'GUID: 00000000000000004100000000000000' -> (Import Result ID: '6d45cdfeb1bfb40d77eb18bc05170f5d') in 0.001 seconds [static dependencies only]. Details - ImportResultOutputID=431705ea786ba1fb0433b092fce391ed DependenciesID=006428ac89fa115e63b6f00fffd937e0 StaticDependenciesID=afafb33f82de12e3a954cd98f4797c04 
Importing 'GUID: 00000000000000005100000000000000 - Path: ProjectSettings/Physics2DSettings.asset' with importer (LibraryAssetImporter)
Imported 'GUID: 00000000000000005100000000000000' -> (Import Result ID: 'f1652250d9522d997e858e51811866b0') in 0.006 seconds [static dependencies only]. Details - ImportResultOutputID=d4b28e6b7b96fa6bea7060628c401421 DependenciesID=76eaecec6542fae294fadd0a55b77318 StaticDependenciesID=735d23946e78ba36e471289568abbbab 
Importing 'GUID: 00000000000000006100000000000000 - Path: ProjectSettings/GraphicsSettings.asset' with importer (LibraryAssetImporter)
Imported 'GUID: 00000000000000006100000000000000' -> (Import Result ID: '2b424917b86b4326efce30230a0e1dd7') in 0.001 seconds [static dependencies only]. Details - ImportResultOutputID=a2dcdb8bc9503711bc0f2e2d72cfd36c DependenciesID=4f961b59e9eb7b2ace1507aa2e1bf608 StaticDependenciesID=d1bf73f22f0167ad4cbee6a2cd781f18 
Importing 'GUID: 00000000000000007100000000000000 - Path: ProjectSettings/ClusterInputManager.asset' with importer (LibraryAssetImporter)
Imported 'GUID: 00000000000000007100000000000000' -> (Import Result ID: '8b2639835f617a8cc4a6d5700c2d349c') in 0.001 seconds [static dependencies only]. Details - ImportResultOutputID=588fc89fed83f51a5c1aa7c8db0cdfd8 DependenciesID=d1cf642007960b4b48fd712639d5e706 StaticDependenciesID=8551dfd6d84e41d9986952666a9ba359 
Importing 'GUID: 0000000000000000a100000000000000 - Path: ProjectSettings/UnityConnectSettings.asset' with importer (LibraryAssetImporter)
Imported 'GUID: 0000000000000000a100000000000000' -> (Import Result ID: 'b565bd3d8eb3f4c6401768ad054c044a') in 0.015 seconds [static dependencies only]. Details - ImportResultOutputID=a2c5944bc70168a38041609ba26dc022 DependenciesID=1df078de649543b06cff47dd6e37c19c StaticDependenciesID=b62be061353e764657891ceb3edf75d8 
Importing 'GUID: 0000000000000000b100000000000000 - Path: ProjectSettings/PresetManager.asset' with importer (LibraryAssetImporter)
Imported 'GUID: 0000000000000000b100000000000000' -> (Import Result ID: 'a96645bc3dfaaa3fd6624b6af3cbf7ad') in 0.001 seconds [static dependencies only]. Details - ImportResultOutputID=6bbf2909d22cca2bf12a4801b098b013 DependenciesID=21947c2b285f338af91358dbec501674 StaticDependenciesID=3deada782f54d913ad057dcb2a298072 
Importing 'GUID: 0000000000000000c100000000000000 - Path: ProjectSettings/VFXManager.asset' with importer (LibraryAssetImporter)
Imported 'GUID: 0000000000000000c100000000000000' -> (Import Result ID: '03eb0499df42a4a61a34c0d2fd54e7fc') in 0.015 seconds [static dependencies only]. Details - ImportResultOutputID=f89698b22875eebc454842245beb374c DependenciesID=1c60a66083b27041e66a3984e2648ca5 StaticDependenciesID=fb20715fce8835e3fbcdfece855d8c20 
Importing 'GUID: 0000000000000000d100000000000000 - Path: ProjectSettings/VersionControlSettings.asset' with importer (LibraryAssetImporter)
Imported 'GUID: 0000000000000000d100000000000000' -> (Import Result ID: '3e83132be3119f6d54f790f3f2e69c30') in 0.001 seconds [static dependencies only]. Details - ImportResultOutputID=fe7ea0ac71117227a6d09fba509747a9 DependenciesID=7d2bdc5d73a279af664e1fab02935448 StaticDependenciesID=84a73b2c199e7b6cd4d5a5a807690cd5 
Importing 'GUID: 0000000000000000f100000000000000 - Path: ProjectSettings/MemorySettings.asset' with importer (LibraryAssetImporter)
Imported 'GUID: 0000000000000000f100000000000000' -> (Import Result ID: '363ed5e7b1a76b0d9be70c126ddd68d6') in 0.001 seconds [static dependencies only]. Details - ImportResultOutputID=bc4e563a9c6fd2d5b4495e4db9c0cc0a DependenciesID=8d4957beda44c649eca15614de97dfbd StaticDependenciesID=a036f858cdc5b11b43d3059eda0534a1 
Importing 'GUID: 00000000000000000200000000000000 - Path: ProjectSettings/MultiplayerManager.asset' with importer (LibraryAssetImporter)
Imported 'GUID: 00000000000000000200000000000000' -> (Import Result ID: '333e9487201c67eebf53d6bf32ba5cdd') in 0.001 seconds [static dependencies only]. Details - ImportResultOutputID=0f99ec37a18b74b8746d5bfd6ca7ca98 DependenciesID=f4ea9893daa7c737bf136b994f0d93e3 StaticDependenciesID=62f4092d43bb367de83e94b1107c958a 
Importing 'GUID: 00000000000000001200000000000000 - Path: ProjectSettings/PhysicsCoreProjectSettings2D.asset' with importer (LibraryAssetImporter)
Imported 'GUID: 00000000000000001200000000000000' -> (Import Result ID: '990209b38044adfcfcf62e5b91ce1492') in 0.001 seconds [static dependencies only]. Details - ImportResultOutputID=fdcbf67861d1bc63eeeff8a918d0a8f1 DependenciesID=36b714542e13086a81b86f10149adff5 StaticDependenciesID=60cad0a1014b5338d21435bab7167415 
Importing 'GUID: 00000000000000002300000000000000 - Path: Library/BuildInstructions' with importer (DefaultImporter)
Imported 'GUID: 00000000000000002300000000000000' -> (Import Result ID: 'a80670de179e9c16064fd8e990e76876') in 0.000 seconds [static dependencies only]. Details - ImportResultOutputID=f125fbf11ce4ab979114dbed2f4fa98b DependenciesID=767c01dfc0924be3719004476dc4df22 StaticDependenciesID=e445e0bffc1e4a1d2bd6a79525da9468 
Importing 'GUID: c060426bfd6e82575228df6656368eaa - Path: Packages/com.unity.modules.imgui' with importer (DefaultImporter)
Imported 'GUID: c060426bfd6e82575228df6656368eaa' -> (Import Result ID: '682d49718337f9e8ad0c1953342b952a') in 0.000 seconds [static dependencies only]. Details - ImportResultOutputID=f5fc001a1ad129788ee2159d776db60d DependenciesID=6764ce33a9e0cede05d0ddf1e96d75b9 StaticDependenciesID=2e56775f807a7b7fbf419a5f33245a15 
Importing 'GUID: 1158e311a3101950348dcecb1bebc42d - Path: Packages/com.unity.modules.animation' with importer (DefaultImporter)
Imported 'GUID: 1158e311a3101950348dcecb1bebc42d' -> (Import Result ID: '1cb0286f7bb4c7d360b6caf15ede32b0') in 0.000 seconds [static dependencies only]. Details - ImportResultOutputID=97d562cce453a32c309d667bce4112d1 DependenciesID=52f4022a640f0eac7e51a897036d8e8d StaticDependenciesID=e943035d232a48aff280a6118f5ffaef 
Importing 'GUID: 515638b803bef8599dbd6d5c8bdaa53e - Path: Packages/com.unity.modules.xr' with importer (DefaultImporter)
Imported 'GUID: 515638b803bef8599dbd6d5c8bdaa53e' -> (Import Result ID: 'c863a302c93da23f9b787b182838053f') in 0.000 seconds [static dependencies only]. Details - ImportResultOutputID=4abc2d12d7cb863eccc06f40fa668046 DependenciesID=7cda08148d34c645c546687368e4e331 StaticDependenciesID=d7b74c9ab0bacc304e199bd48aac46ea 
Importing 'GUID: b219c86ce508e478367c0a46e1aa9fe4 - Path: Packages/com.unity.modules.assetbundle' with importer (DefaultImporter)
Imported 'GUID: b219c86ce508e478367c0a46e1aa9fe4' -> (Import Result ID: 'd579235fe42056f50dec7b5f78e8418d') in 0.000 seconds [static dependencies only]. Details - ImportResultOutputID=3b865eb0e861e2684118da921a42770f DependenciesID=b34e02bc9610c79a0e3caf9966c9109c StaticDependenciesID=c50e91621288bc046ceef15624b81bd8 
Importing 'GUID: 04c6898809c37620ac863cc2a5d7c4d0 - Path: Packages/com.unity.modules.vectorgraphics' with importer (DefaultImporter)
Imported 'GUID: 04c6898809c37620ac863cc2a5d7c4d0' -> (Import Result ID: 'd21bec1616e53d255574d9cd0201e3f9') in 0.000 seconds [static dependencies only]. Details - ImportResultOutputID=98c0b597d8afa397b819beb7a43f5fac DependenciesID=6667ea3006c4561dd0dfaf5412302ccf StaticDependenciesID=88905f6b6cdccd2cb95e2927cc1a3df1 
Importing 'GUID: 5469ef0820152a4ae45d400fdc4626e4 - Path: Packages/com.unity.modules.screencapture' with importer (DefaultImporter)
Imported 'GUID: 5469ef0820152a4ae45d400fdc4626e4' -> (Import Result ID: 'e0014a8d499b436e2e372ff968958bc9') in 0.000 seconds [static dependencies only]. Details - ImportResultOutputID=93e2e0095437a3f0b6c6f329c875f5e8 DependenciesID=836be4a1c8e0478ac67837d8b35ecfc4 StaticDependenciesID=9fea1899b8e13368a8f75cb958effa91 
Importing 'GUID: c4df1124e2787ee0c8d1a911de17ee73 - Path: Packages/com.unity.modules.cloth' with importer (DefaultImporter)
Imported 'GUID: c4df1124e2787ee0c8d1a911de17ee73' -> (Import Result ID: '90d1e803345d162d9893c4276810bdda') in 0.000 seconds [static dependencies only]. Details - ImportResultOutputID=0b75edd4713af0c60b6538f3fc21bbac DependenciesID=8e3da12c7bafcf02c47b26114c4da198 StaticDependenciesID=13465632f2451e2958f144130c30ea24 
Importing 'GUID: 25151ed74dce0c18857ead186416ac0c - Path: Packages/com.unity.modules.tetgen' with importer (DefaultImporter)
Imported 'GUID: 25151ed74dce0c18857ead186416ac0c' -> (Import Result ID: 'ad3d3ff065b099f3d3d989c01a95b76e') in 0.000 seconds [static dependencies only]. Details - ImportResultOutputID=7135452d37129296f8f5f522edc0cf0e DependenciesID=e34149d0dd79a755583c28b3d97cab01 StaticDependenciesID=fca226df487fba45a034e6c70bc853ff 
Importing 'GUID: 850c54ee0b9e1aa740b1c67792eb1f26 - Path: Packages/com.unity.modules.imageconversion' with importer (DefaultImporter)
Imported 'GUID: 850c54ee0b9e1aa740b1c67792eb1f26' -> (Import Result ID: 'af90ed7476409e3905a496d14f73b0b3') in 0.000 seconds [static dependencies only]. Details - ImportResultOutputID=25e734cd17db43fca0a5646b579b21a1 DependenciesID=90c0129b19f84391f2419c00975c86bf StaticDependenciesID=b48e8f51d07b36dd8eb41f52bf2ba024 
Importing 'GUID: 95f85adeda79e994f011eb2152cf4fc9 - Path: Packages/com.unity.modules.terrainphysics' with importer (DefaultImporter)
Imported 'GUID: 95f85adeda79e994f011eb2152cf4fc9' -> (Import Result ID: 'a2645d29d8b6e7ce765b0a71c8fde07a') in 0.000 seconds [static dependencies only]. Details - ImportResultOutputID=2de9e307301bed78f620e1b3216ab46d DependenciesID=489c13d7d5dbf10040e5b19d47780b8f StaticDependenciesID=07ff05ffd577d0ee9d59cccee746e97e 
Importing 'GUID: c522a644a29fcab2eaf63298c118a65b - Path: Packages/com.unity.modules.unitywebrequest' with importer (DefaultImporter)
Imported 'GUID: c522a644a29fcab2eaf63298c118a65b' -> (Import Result ID: '35a749b2771ad0b4b5b34b5d03bd8927') in 0.000 seconds [static dependencies only]. Details - ImportResultOutputID=42d17fa5e199085b5ebf5fe43fc0c3d6 DependenciesID=ce37d507f238dcd94a9d3e589600c542 StaticDependenciesID=7efec60060c890ac0bae1bf9ffddf104 
Importing 'GUID: d5f0b0adc6826e9dd3b72e292e8438be - Path: Packages/com.unity.modules.unitywebrequestassetbundle' with importer (DefaultImporter)
Imported 'GUID: d5f0b0adc6826e9dd3b72e292e8438be' -> (Import Result ID: 'b0bf9ebd083072b9d2772ff760b138a0') in 0.001 seconds [static dependencies only]. Details - ImportResultOutputID=0d6659e8e2d823a2c3b0031d1bb70f46 DependenciesID=adc45c23fabcf57940d4f0557c73390d StaticDependenciesID=72ff8d7bce36ab98adec41c76a73ca55 
Importing 'GUID: 56b94a5b6990c879bb0f057719d1064b - Path: Packages/com.unity.modules.subsystems' with importer (DefaultImporter)
Imported 'GUID: 56b94a5b6990c879bb0f057719d1064b' -> (Import Result ID: '1e1cac68e3dc83406039b3e43f583f41') in 0.001 seconds [static dependencies only]. Details - ImportResultOutputID=591e9811461758a92a9a5eebd6cecb29 DependenciesID=5d1820edfdde2b2d4fabcc25ffb06c61 StaticDependenciesID=8646805af60443a28f57ca14888394d2 
Importing 'GUID: d6c6a000a805f00649b36b542e8426c2 - Path: Packages/com.unity.modules.unityanalytics' with importer (DefaultImporter)
Imported 'GUID: d6c6a000a805f00649b36b542e8426c2' -> (Import Result ID: 'fc2791e35f078eae4b236800632f7916') in 0.002 seconds [static dependencies only]. Details - ImportResultOutputID=404c94bd647a52d20e25d58febc853db DependenciesID=53973ece9e77b50e0b665c02b5f9cf61 StaticDependenciesID=07ccf3242da58ddd33f9f34377a02471 
Importing 'GUID: d6db7caf2e852b75ebb9c6098418179c - Path: Packages/com.unity.modules.physics' with importer (DefaultImporter)
Imported 'GUID: d6db7caf2e852b75ebb9c6098418179c' -> (Import Result ID: '9421eab3ec98d72e486581695fe386a6') in 0.001 seconds [static dependencies only]. Details - ImportResultOutputID=d99447c570abb9a9d540ac85d945527e DependenciesID=1576c1ebbc2e43cb8cd783a66da88e02 StaticDependenciesID=439d4caa592175ac26fb77639f400716 
Importing 'GUID: 376c84ea405e0f2b80562c23bb977216 - Path: Packages/com.unity.modules.physics2d' with importer (DefaultImporter)
Imported 'GUID: 376c84ea405e0f2b80562c23bb977216' -> (Import Result ID: '46fcc1a3300c8fe45a973eefc3817c4d') in 0.001 seconds [static dependencies only]. Details - ImportResultOutputID=76abd9b5f9d9723c46af1bb476315b64 DependenciesID=c7cdb6995e1fd6f8bb262dc47a15263a StaticDependenciesID=9eb03461e036054c251ca5627068ed0b 
Importing 'GUID: b77b1ad9c05af0412725856c6c53b037 - Path: Packages/com.unity.modules.wind' with importer (DefaultImporter)
Imported 'GUID: b77b1ad9c05af0412725856c6c53b037' -> (Import Result ID: 'b022eb5c72de662c91deef513e2b9f9e') in 0.001 seconds [static dependencies only]. Details - ImportResultOutputID=0a486d2f85568b494a776277e829c892 DependenciesID=0b0cf31f8861a80454670ca002b592f5 StaticDependenciesID=d099c1903e87c349148c1cd2a049849c 
Importing 'GUID: c72c70ec0dc14895c2a062d690485576 - Path: Packages/com.unity.test-framework' with importer (DefaultImporter)
Imported 'GUID: c72c70ec0dc14895c2a062d690485576' -> (Import Result ID: 'c2e37b6dd33afc93bd441c5b2e04aca2') in 0.001 seconds [static dependencies only]. Details - ImportResultOutputID=860856971941c6002997bd0301743dca DependenciesID=9c16e414711a5b87739efa699d3ccb36 StaticDependenciesID=834dcc71b6307b2d9cef8e0fe10a93a4 
Importing 'GUID: 2808ba6bccb2478ec9c7209d8bf1f3cc - Path: Packages/com.unity.modules.uielements' with importer (DefaultImporter)
Imported 'GUID: 2808ba6bccb2478ec9c7209d8bf1f3cc' -> (Import Result ID: '153312f574ed1d0674a499dcf69f6e2e') in 0.001 seconds [static dependencies only]. Details - ImportResultOutputID=12cb061fd9999a181bc535c6b37ba619 DependenciesID=3775b7c3743238b3a9049dc6ee9ac479 StaticDependenciesID=c9f81fd34bb8d67e782b0e178c6451fc 
Importing 'GUID: 38e3a8976f0b9c586b6dfbcef4e4066c - Path: Packages/com.unity.modules.unitywebrequestaudio' with importer (DefaultImporter)
Imported 'GUID: 38e3a8976f0b9c586b6dfbcef4e4066c' -> (Import Result ID: 'c619ed6d867c9697591f0aa25aa34bdb') in 0.000 seconds [static dependencies only]. Details - ImportResultOutputID=d1f3114c05e2cb5c6a5bb7e50160fe1d DependenciesID=20f019fc40094542b06406247fc1855f StaticDependenciesID=7ccd079c63a61d87ddc0234b9358de49 
Importing 'GUID: 48b10b41f58d5b49717f376cda59eeb8 - Path: Packages/com.unity.modules.particlesystem' with importer (DefaultImporter)
Imported 'GUID: 48b10b41f58d5b49717f376cda59eeb8' -> (Import Result ID: 'bd6c81b6eb8c41828acf5ad24d7db931') in 0.001 seconds [static dependencies only]. Details - ImportResultOutputID=6f138f103c8fc43882742e06d06ccf40 DependenciesID=48ae7ef00f9ac721edcdfad9583a1295 StaticDependenciesID=cdb9aa2fff4a61118cb0122aeb860ec7 
Importing 'GUID: 783ee1c8fd4414848db1be97aacf44fb - Path: Packages/com.unity.modules.accessibility' with importer (DefaultImporter)
Imported 'GUID: 783ee1c8fd4414848db1be97aacf44fb' -> (Import Result ID: 'd97fd9100026c83b7eab6442b35a6dfe') in 0.001 seconds [static dependencies only]. Details - ImportResultOutputID=b1a6fb629863cf49412e01a1187bce30 DependenciesID=ab378ab1f895b7da7c274adfb847146d StaticDependenciesID=1820134102485c8dcf06b8f28d566909 
Importing 'GUID: 09e28640d754a611467eebfb261ed749 - Path: Packages/com.unity.modules.tilemap' with importer (DefaultImporter)
Imported 'GUID: 09e28640d754a611467eebfb261ed749' -> (Import Result ID: '91f01c3ec1303f55e7d4d2c1a39ad2ff') in 0.001 seconds [static dependencies only]. Details - ImportResultOutputID=1afeb32cfcaea483a8ff5041a15448c3 DependenciesID=2d2742a7c503aead8d80bb8a9db947f7 StaticDependenciesID=021b3676001985a689c476087d878f4b 
Importing 'GUID: 39728903e57c60021f80449a8bbc0096 - Path: Packages/com.unity.modules.ui' with importer (DefaultImporter)
Imported 'GUID: 39728903e57c60021f80449a8bbc0096' -> (Import Result ID: 'e4a206413ae403e264c1310773f95923') in 0.001 seconds [static dependencies only]. Details - ImportResultOutputID=b3a99ae549e12123977db11a77fa6dc8 DependenciesID=29c98a9193e31f636bb291b540413632 StaticDependenciesID=64b148cd46a70c82ade3f7e7b5c1a3d8 
Importing 'GUID: 995c08a3305ff9f0dab5e86f340bd9a7 - Path: Packages/com.unity.modules.androidjni' with importer (DefaultImporter)
Imported 'GUID: 995c08a3305ff9f0dab5e86f340bd9a7' -> (Import Result ID: '8d9fec0caa5ce7e5f68a6ab541c3002d') in 0.000 seconds [static dependencies only]. Details - ImportResultOutputID=41e43b0974a24d3349dec4b773ad496c DependenciesID=90c06ce69692aae6d8a89fd575a47967 StaticDependenciesID=42ecc5ca78b6c08022d64898942ebc42 
Importing 'GUID: b975297a992381c1f3257d0e96892c8a - Path: Packages/com.unity.modules.adaptiveperformance' with importer (DefaultImporter)
Imported 'GUID: b975297a992381c1f3257d0e96892c8a' -> (Import Result ID: '5dd5375c68fa3e6abf2dd2eab8f3129b') in 0.000 seconds [static dependencies only]. Details - ImportResultOutputID=0cd6330dcea8a5bd6d28730f133919ed DependenciesID=0ff1fb351239dca6cd6b0fbaafdc6d08 StaticDependenciesID=992c185302a1e43be8290147a49a88b4 
Importing 'GUID: f9f63097209c6bab2b6e9dfd4032a134 - Path: Packages/com.unity.ide.rider' with importer (DefaultImporter)
Imported 'GUID: f9f63097209c6bab2b6e9dfd4032a134' -> (Import Result ID: 'eb59597365413c6de3d7289bc7fd30c2') in 0.000 seconds [static dependencies only]. Details - ImportResultOutputID=2d229295d81b5623fd2d00a33a952e80 DependenciesID=cef6e249dd830d3155389df75f36a654 StaticDependenciesID=29f2d8a37ef0c15c117534e2958d346c 
Importing 'GUID: cae78bb88f8c8675e30d16908805e79d - Path: Packages/com.unity.modules.timelinefoundation' with importer (DefaultImporter)
Imported 'GUID: cae78bb88f8c8675e30d16908805e79d' -> (Import Result ID: 'ea0e075dc8747fa2dad92aa60a98d1eb') in 0.000 seconds [static dependencies only]. Details - ImportResultOutputID=35905693e3216167cee053e3e1b8184e DependenciesID=8f823fd19bdbf3d450ef6f4a3159c9b1 StaticDependenciesID=b16c0b43e2d1595a5fdf54aaaf0e3f3e 
Importing 'GUID: 6b81377a4453ba7362eb3322f9bcc6c6 - Path: Packages/com.unity.modules.hierarchycore' with importer (DefaultImporter)
Imported 'GUID: 6b81377a4453ba7362eb3322f9bcc6c6' -> (Import Result ID: '8053c8d7db29af5fb0397e31dc86d875') in 0.000 seconds [static dependencies only]. Details - ImportResultOutputID=b0f4c945e5b6d2aa74b5842b405198e4 DependenciesID=c32b8cafebbc9f2d375525771f4ac028 StaticDependenciesID=49f6e71f33c0322e78878928ccd547ff 
Importing 'GUID: 1cf2469083ffa484da4d78dd70d708e8 - Path: Packages/com.unity.modules.vehicles' with importer (DefaultImporter)
Imported 'GUID: 1cf2469083ffa484da4d78dd70d708e8' -> (Import Result ID: '1fd876edd6f47d29c67cb20ce78b5deb') in 0.000 seconds [static dependencies only]. Details - ImportResultOutputID=d37813053da7924b8632088a8e5223e5 DependenciesID=bcdfeb2afe71922b0a0805d74914b039 StaticDependenciesID=7979be20ea7bbdb7a5df1132be287211 
Importing 'GUID: 9c7c268fa6492449654839df69f2a2f4 - Path: Packages/com.unity.modules.umbra' with importer (DefaultImporter)
Imported 'GUID: 9c7c268fa6492449654839df69f2a2f4' -> (Import Result ID: '00805290f3f96867e214b997460f75b1') in 0.000 seconds [static dependencies only]. Details - ImportResultOutputID=5992b0bcc1e4bb97278147d3456844ab DependenciesID=2d6c43174266d7992d49b52cac077ded StaticDependenciesID=8676463a2677bf46e4389aef917bc42c 
Importing 'GUID: dcc8c6e92b172a65719af5ddf47dd968 - Path: Packages/com.unity.modules.unitywebrequestwww' with importer (DefaultImporter)
Imported 'GUID: dcc8c6e92b172a65719af5ddf47dd968' -> (Import Result ID: '961b8fd983d26f856fd78b91f0db379c') in 0.000 seconds [static dependencies only]. Details - ImportResultOutputID=b884c6996f4168ec055a21bc3df6135a DependenciesID=dc4e5fb8a9d3128049bde219dbc5f1bc StaticDependenciesID=1629687512ed27ed8fceaf1d8e76b02a 
Importing 'GUID: fc3a810351931f5e6183e16b9beb5563 - Path: Packages/com.unity.modules.jsonserialize' with importer (DefaultImporter)
Imported 'GUID: fc3a810351931f5e6183e16b9beb5563' -> (Import Result ID: '4c717e052ed35040b01181b8aeeabdce') in 0.001 seconds [static dependencies only]. Details - ImportResultOutputID=3becf28e3d8c6fcaad27baf9eff49eb7 DependenciesID=848cd90e9b19286877089217404f8606 StaticDependenciesID=36176ea3334c5c247398aca84b71bb81 
Importing 'GUID: 2d142b475fbfb8cf12ba3a795194300a - Path: Packages/com.unity.modules.director' with importer (DefaultImporter)
Imported 'GUID: 2d142b475fbfb8cf12ba3a795194300a' -> (Import Result ID: '8cbf287d051a321e64fdde141fecf2a9') in 0.001 seconds [static dependencies only]. Details - ImportResultOutputID=8da594cb73801a0203564c7a50c97887 DependenciesID=d733690a82e2a88fcdc8788c20ac6bed StaticDependenciesID=05b9aad4695553017a56b0bac923cae0 
Importing 'GUID: 2d6ba5cbe47e6ad3c87474c56174d4e0 - Path: Packages/com.unity.modules.audio' with importer (DefaultImporter)
Imported 'GUID: 2d6ba5cbe47e6ad3c87474c56174d4e0' -> (Import Result ID: 'b5aa5d11b09542a046a40d1b9836ff98') in 0.005 seconds [static dependencies only]. Details - ImportResultOutputID=e6811b686232d75db22bc2980b93bbaf DependenciesID=6751c7af021b92ac82702bc31f5cbdd7 StaticDependenciesID=c2d0f4358e023c44cf92941866870ca5 
Importing 'GUID: ede0462698a4a5643aa9872c074acd38 - Path: Packages/com.unity.modules.video' with importer (DefaultImporter)
Imported 'GUID: ede0462698a4a5643aa9872c074acd38' -> (Import Result ID: '11a9afcfbe909c604b4f4fd82ecd1731') in 0.001 seconds [static dependencies only]. Details - ImportResultOutputID=4e6515b3bd000d511f10952ecb46d019 DependenciesID=477c840358a397b370a501c422ab8f88 StaticDependenciesID=c9d05cc66955a0337e7be42ba854ab1e 
Importing 'GUID: fd871a8be47119612f7c254e96a822b7 - Path: Packages/com.unity.modules.ai' with importer (DefaultImporter)
Imported 'GUID: fd871a8be47119612f7c254e96a822b7' -> (Import Result ID: 'ce9f38b6b386072a0eeb05375ff3d863') in 0.000 seconds [static dependencies only]. Details - ImportResultOutputID=d4f27eba869a1a6ac104a1eee199a73d DependenciesID=a8a5ee84d9e0581e502623006e97521a StaticDependenciesID=6b2e045850e0a09a7f1e8d35410f0745 
Importing 'GUID: 5e22a8d6e557a1b3cae09054b0b5f9d8 - Path: Packages/com.unity.modules.physicscore2d' with importer (DefaultImporter)
Imported 'GUID: 5e22a8d6e557a1b3cae09054b0b5f9d8' -> (Import Result ID: '07edaf449a0a9b117acb9569ab2afb59') in 0.000 seconds [static dependencies only]. Details - ImportResultOutputID=e63105581d85229110be56a07ce9b194 DependenciesID=e74a20b9f862d58818230d53b786679c StaticDependenciesID=1a6acdd98d030a9eaa3796880b97de04 
Importing 'GUID: 6e1c8b97ec8aa0464e92506ffe099558 - Path: Packages/com.unity.modules.terrain' with importer (DefaultImporter)
Imported 'GUID: 6e1c8b97ec8aa0464e92506ffe099558' -> (Import Result ID: '38b887e6118f5d6dc6049e7245ef2f24') in 0.000 seconds [static dependencies only]. Details - ImportResultOutputID=7bffbe27b3074ed188309356b499e191 DependenciesID=22a2d69e145aaf070736cfa33f430edc StaticDependenciesID=9a4538a6dce990dd143d6282d7852b90 
Importing 'GUID: 0fd4e399f8f08ad7d825c8afb134f255 - Path: Packages/com.unity.ide.visualstudio' with importer (DefaultImporter)
Imported 'GUID: 0fd4e399f8f08ad7d825c8afb134f255' -> (Import Result ID: '18e78c50a178140b49e76bc29674c034') in 0.001 seconds [static dependencies only]. Details - ImportResultOutputID=ec68da80d563fdf2b06a4a6e2331dfca DependenciesID=dc57245625133417ec457cea80e1e96c StaticDependenciesID=1137294c1d635dbdda6c27d40a5fd044 
Importing 'GUID: 6f1c7ebc8ac78cb951be24c238cbd3ba - Path: Packages/com.unity.modules.unitywebrequesttexture' with importer (DefaultImporter)
Imported 'GUID: 6f1c7ebc8ac78cb951be24c238cbd3ba' -> (Import Result ID: '79a048a2e3e1bd3fae7a4cc63054a6b4') in 0.001 seconds [static dependencies only]. Details - ImportResultOutputID=7447a1aeb827c07b00333d43bf3a2e88 DependenciesID=9eb4ba80cf14f0fa1e22c5c7582aabe4 StaticDependenciesID=09e96c195b29e1ab3fe8f0b9faadf68b 
Importing 'GUID: 9f2214f1d2afdb23b011c486f9dcea1b - Path: Packages/com.unity.ext.nunit' with importer (DefaultImporter)
Imported 'GUID: 9f2214f1d2afdb23b011c486f9dcea1b' -> (Import Result ID: '92d046cc2ce0e2aa37cd71476c4890ba') in 0.000 seconds [static dependencies only]. Details - ImportResultOutputID=5d48fc592d097cd8671e05de607d44b7 DependenciesID=40443867d3f42fa9691d65597ed1686a StaticDependenciesID=2bca5968263aa8a69066e31e4e57f016 
Importing 'GUID: 9129183a42052cd43b9c284d6dbd541e - Path: Packages/com.unity.ide.rider/Rider' with importer (DefaultImporter)
Imported 'GUID: 9129183a42052cd43b9c284d6dbd541e' -> (Import Result ID: '2e064d669d36b5627aa5adccf43e47a4') in 0.001 seconds [static dependencies only]. Details - ImportResultOutputID=50472d7e4f09d234dadf221da2ac460d DependenciesID=3191c4b4598752bb64810f85d6aa4b8b StaticDependenciesID=d4c51cc78167c7a990c711e25f7fd519 
Importing 'GUID: 950890083f4907541a6ed06d70959e49 - Path: Packages/com.unity.test-framework/UnityEngine.TestRunner' with importer (DefaultImporter)
Imported 'GUID: 950890083f4907541a6ed06d70959e49' -> (Import Result ID: '5422a1785599eb93fb792bbdcb3f16e4') in 0.001 seconds [static dependencies only]. Details - ImportResultOutputID=f6c49cf3c78c1306a347777433ee6db0 DependenciesID=69756093b8a699b18ba8195d0d6da2f4 StaticDependenciesID=8c40e074cc82c029e468974f14c0d290 
Importing 'GUID: 95cdf27b47eb82747ba9e51f41e72a35 - Path: Packages/com.unity.test-framework/UnityEditor.TestRunner' with importer (DefaultImporter)
Imported 'GUID: 95cdf27b47eb82747ba9e51f41e72a35' -> (Import Result ID: '9e4eac3d4be80606c480ab59e98751a9') in 0.001 seconds [static dependencies only]. Details - ImportResultOutputID=a3e11e30e6d6e4421b35206823482237 DependenciesID=9d39b36edadc380c0691b334dbc1ecf9 StaticDependenciesID=f37ac8c8740d138a97ed3450c7fec262 
Importing 'GUID: a962d501f44484c37814dbad5ed605e9 - Path: Packages/com.unity.ext.nunit/net472' with importer (DefaultImporter)
Imported 'GUID: a962d501f44484c37814dbad5ed605e9' -> (Import Result ID: '76b77a009ad5fb72fd70a9115f27f3e1') in 0.001 seconds [static dependencies only]. Details - ImportResultOutputID=3914cdc36fc7f24719fb0ee236ca7348 DependenciesID=50e82c912778d96e34aad6ac493c2930 StaticDependenciesID=f6ddab29764b7085042006a521a63f66 
Importing 'GUID: 4a707af59e3522d43afe34dfc4429b86 - Path: Packages/com.unity.ide.visualstudio/Editor' with importer (DefaultImporter)
Imported 'GUID: 4a707af59e3522d43afe34dfc4429b86' -> (Import Result ID: '9160f5a97c59809f3030a1229da3fa24') in 0.001 seconds [static dependencies only]. Details - ImportResultOutputID=24776a91236061bdcd717ecc29c97f04 DependenciesID=9a93991a953e549808b4636841e7ff35 StaticDependenciesID=9dd1cf8e586c0381789cef366eb6190d 
Importing 'GUID: 936c6340f3468444ebb1785b4c311126 - Path: Packages/com.unity.test-framework/UnityEditor.TestRunner/UnityTestProtocol' with importer (DefaultImporter)
Imported 'GUID: 936c6340f3468444ebb1785b4c311126' -> (Import Result ID: 'bc6496cdfaaafc392525dad260097bbd') in 0.001 seconds [static dependencies only]. Details - ImportResultOutputID=4714ff5427e94daa5aeb958b917aaacd DependenciesID=68c48a8b26e684fc54274df37f409a1d StaticDependenciesID=3abb03fabfd47a992a93761f4f4661a5 
Importing 'GUID: b477d1f29b65a674e9d5cdab4eb72b01 - Path: Packages/com.unity.test-framework/UnityEditor.TestRunner/CommandLineTest' with importer (DefaultImporter)
Imported 'GUID: b477d1f29b65a674e9d5cdab4eb72b01' -> (Import Result ID: 'd4f41dd1b5c53711bf77823560bd1f48') in 0.001 seconds [static dependencies only]. Details - ImportResultOutputID=347f0b734e3646a40393a44e378409d9 DependenciesID=5a385367feb37e7adfec805d3698e690 StaticDependenciesID=d212bef65a570d87ab682ac28d49b4fb 
Importing 'GUID: 95b719082a664ea45bb56759eed1f271 - Path: Packages/com.unity.test-framework/UnityEditor.TestRunner/TestSettings' with importer (DefaultImporter)
Imported 'GUID: 95b719082a664ea45bb56759eed1f271' -> (Import Result ID: '72b019086dcd534785918cbf3b57c64f') in 0.001 seconds [static dependencies only]. Details - ImportResultOutputID=02d9a799a0d85b6973bb6a6373c4fead DependenciesID=31fc233335bf5e1f0be9b71318709999 StaticDependenciesID=2a106916a4c016b5d6904c3d6460f857 
Importing 'GUID: 36422aa067e092e45b9820da2ee3e728 - Path: Packages/com.unity.ide.visualstudio/Editor/COMIntegration' with importer (DefaultImporter)
Imported 'GUID: 36422aa067e092e45b9820da2ee3e728' -> (Import Result ID: '3b1a253a0ef9e29a3f9df6083bc0302f') in 0.007 seconds [static dependencies only]. Details - ImportResultOutputID=85d0ebfb69079172a613a7ccea043221 DependenciesID=1e057067367793670ee9288ef6ede92b StaticDependenciesID=2974e38a59ca99da3e9ca63d964f886d 
Importing 'GUID: 7602252bdb82b8d45ae3483c3a00d3e1 - Path: Packages/com.unity.test-framework/UnityEditor.TestRunner/CommandLineParser' with importer (DefaultImporter)
Imported 'GUID: 7602252bdb82b8d45ae3483c3a00d3e1' -> (Import Result ID: '93a5395bb7cdee65b531379cd6c81923') in 0.001 seconds [static dependencies only]. Details - ImportResultOutputID=8b32be5a03503677079543b7ee882ccf DependenciesID=a44a09122cb0442ac41988b7da877efe StaticDependenciesID=0b5346cd21362481afef2626785d3c15 
Importing 'GUID: d64d92e4f04a13e4b99ea8d48e9e8ae9 - Path: Packages/com.unity.test-framework/UnityEditor.TestRunner/TestLaunchers' with importer (DefaultImporter)
Imported 'GUID: d64d92e4f04a13e4b99ea8d48e9e8ae9' -> (Import Result ID: 'f4856e91216acb16e8b6e9ad33069d23') in 0.001 seconds [static dependencies only]. Details - ImportResultOutputID=0f426670ce7a7cceb4872b922e9dee57 DependenciesID=50699a0b77ed290de6117a82d53e12a5 StaticDependenciesID=e1285cc602019ab6fe506a55b63dfdb1 
Importing 'GUID: 27328db3447b143dcb24e8c854d86028 - Path: Packages/com.unity.ext.nunit/net472/unity-custom' with importer (DefaultImporter)
Imported 'GUID: 27328db3447b143dcb24e8c854d86028' -> (Import Result ID: 'b5ab5c67188a19e0e7b8c33b00b6b956') in 0.001 seconds [static dependencies only]. Details - ImportResultOutputID=82c9abbc1fbb1daf0b240097b4a4abfe DependenciesID=2e1008e3907f1d040d7f460144670c4e StaticDependenciesID=e56b63fc6cf556c84154d44bb4a47884 
Importing 'GUID: 8721cb2237d4a564a94a51f56243bdac - Path: Packages/com.unity.test-framework/UnityEditor.TestRunner/TestRun' with importer (DefaultImporter)
Imported 'GUID: 8721cb2237d4a564a94a51f56243bdac' -> (Import Result ID: '039e0bbb329fe273da60130338de6b1e') in 0.001 seconds [static dependencies only]. Details - ImportResultOutputID=58480bc6d005e3758bfde4d77153df39 DependenciesID=044a2bd9eb33b435c60b45186160234e StaticDependenciesID=73d66df1f085990d1620c5fcbc2657c2 
Importing 'GUID: 19e1940646874613a076c6b01d1f3404 - Path: Packages/com.unity.test-framework/UnityEngine.TestRunner/UnityTestProtocol' with importer (DefaultImporter)
Imported 'GUID: 19e1940646874613a076c6b01d1f3404' -> (Import Result ID: 'e6de84f02c0bc32e75825c10e2069170') in 0.001 seconds [static dependencies only]. Details - ImportResultOutputID=564e4130128747a5c27e3bad27675bac DependenciesID=97579bb077291f2f91b2d8123bca1b12 StaticDependenciesID=b0e91d08b8b4a14e23848696b6fde327 
Importing 'GUID: 49d4c2ab7ff0f4442af256bad7c9d57c - Path: Packages/com.unity.test-framework/UnityEditor.TestRunner/TestRunner' with importer (DefaultImporter)
Imported 'GUID: 49d4c2ab7ff0f4442af256bad7c9d57c' -> (Import Result ID: '3b6a37881959db84d7a13bd4d7b20906') in 0.001 seconds [static dependencies only]. Details - ImportResultOutputID=028738f72b967aadc745355a0db1ed21 DependenciesID=097ab4f26903bf71636188607bf34489 StaticDependenciesID=47c011eae69c4b9aa093137c60c03e01 
Importing 'GUID: 1ad55f5ad04d1d045a1f287409c650dd - Path: Packages/com.unity.test-framework/UnityEngine.TestRunner/Assertions' with importer (DefaultImporter)
Imported 'GUID: 1ad55f5ad04d1d045a1f287409c650dd' -> (Import Result ID: '3554f760e197c05a1e9f6edea9fb897f') in 0.001 seconds [static dependencies only]. Details - ImportResultOutputID=4c0e37bdbcd53fb0b4116fd07b4594e9 DependenciesID=31fd864d7e022271fcca4f33dbefbbd5 StaticDependenciesID=037f5d6358f904f2786adbe3a1d801a8 
Importing 'GUID: fa423365b1ce06a4dbdc6fb4a8597bfa - Path: Packages/com.unity.test-framework/UnityEditor.TestRunner/Api' with importer (DefaultImporter)
Imported 'GUID: fa423365b1ce06a4dbdc6fb4a8597bfa' -> (Import Result ID: 'dbfbf27d747c194eee4936790607ce29') in 0.001 seconds [static dependencies only]. Details - ImportResultOutputID=3400c6558f548137dc7e984347359bd4 DependenciesID=b48915f6884923c65f7b8b4b3df9498e StaticDependenciesID=88c4905adfd1852422700d60c17e70cc 
Importing 'GUID: 1b393f6b29a9ee84c803af1ab4944b71 - Path: Packages/com.unity.ide.rider/Rider/Editor' with importer (DefaultImporter)
Imported 'GUID: 1b393f6b29a9ee84c803af1ab4944b71' -> (Import Result ID: '5df02ca049d89592a08a1a0a48180574') in 0.001 seconds [static dependencies only]. Details - ImportResultOutputID=6404d4542db4a19d55be0b701dd56232 DependenciesID=9213b2146893a306da5c568d8fab4cad StaticDependenciesID=7f19df4ccd7b25dc56226111196ed53e 
Importing 'GUID: 5b17896803f77494da73d73448fb6cb4 - Path: Packages/com.unity.ide.visualstudio/Editor/VSWhere' with importer (DefaultImporter)
Imported 'GUID: 5b17896803f77494da73d73448fb6cb4' -> (Import Result ID: '143bee58c4cce7ade306607774a6852b') in 0.008 seconds [static dependencies only]. Details - ImportResultOutputID=1cf7fb2561004c647adace8a0b5653ca DependenciesID=b7c3ad5caeafb822cd72de2263338665 StaticDependenciesID=8237a88cf8f58b14a2743277c20550b2 
Importing 'GUID: 8beeeeebc0857854d8b4e2c2895dd7a9 - Path: Packages/com.unity.ide.visualstudio/Editor/ProjectGeneration' with importer (DefaultImporter)
Imported 'GUID: 8beeeeebc0857854d8b4e2c2895dd7a9' -> (Import Result ID: '3e6f8bb7ef7f056281851c4bfb2c16b7') in 0.001 seconds [static dependencies only]. Details - ImportResultOutputID=19476bca78a71c87b547269668469a1b DependenciesID=e83deaabaa0172e49d84fb854ce43b12 StaticDependenciesID=7998e75a53210e862e4f40ffb630f1a8 
Importing 'GUID: bb32bccaf32a6db448d1c0cc99c78688 - Path: Packages/com.unity.test-framework/UnityEngine.TestRunner/Utils' with importer (DefaultImporter)
Imported 'GUID: bb32bccaf32a6db448d1c0cc99c78688' -> (Import Result ID: '778d6fafd092faf1e4e447d286b8e510') in 0.001 seconds [static dependencies only]. Details - ImportResultOutputID=46ac5f2cd227e13d7fb6df825cd2ea50 DependenciesID=d8061a8d12c25a43b84f4d86987c14bc StaticDependenciesID=d87eba3967dc173242e1ddf947305376 
Importing 'GUID: 1ddb9e1c877ea80479d1eab4ddaa5d0d - Path: Packages/com.unity.test-framework/UnityEngine.TestRunner/TestRunner' with importer (DefaultImporter)
Imported 'GUID: 1ddb9e1c877ea80479d1eab4ddaa5d0d' -> (Import Result ID: '7cb28e1e4e053ac85024d6b11ee23160') in 0.001 seconds [static dependencies only]. Details - ImportResultOutputID=84f12ef647fa162d4cc59c2f40fa9628 DependenciesID=b865897e1b75dcdfe938b18f42a5ecd8 StaticDependenciesID=74f08a9236de2b622a38a15222ff2fca 
Importing 'GUID: 3e8d6af343b383544ba5743d119f4062 - Path: Packages/com.unity.test-framework/UnityEngine.TestRunner/NUnitExtensions' with importer (DefaultImporter)
Imported 'GUID: 3e8d6af343b383544ba5743d119f4062' -> (Import Result ID: '838754a3b9bac45900c76264dbf36d3b') in 0.001 seconds [static dependencies only]. Details - ImportResultOutputID=f440f787d15c91d58250f280c6e408ba DependenciesID=3b20f89763493bf2ddcd0b060c1fa398 StaticDependenciesID=b969db25c7e76855deff5f6a305ec9de 
Importing 'GUID: 7e609b27ad2caa14c83dd9951b6c13c6 - Path: Packages/com.unity.test-framework/UnityEditor.TestRunner/GUI' with importer (DefaultImporter)
Imported 'GUID: 7e609b27ad2caa14c83dd9951b6c13c6' -> (Import Result ID: '48cc79ebc3a223c2a65cb0d7e113b406') in 0.001 seconds [static dependencies only]. Details - ImportResultOutputID=585d2667eaec7b1f3006c3feff905559 DependenciesID=a975b03514b84f2a3509ed100bb86e01 StaticDependenciesID=ba43c6d6677d5b8217738954f3b6d7c0 
Importing 'GUID: 2f820130c86c28547a0f1a2f4c73155b - Path: Packages/com.unity.ide.visualstudio/Editor/Messaging' with importer (DefaultImporter)
Imported 'GUID: 2f820130c86c28547a0f1a2f4c73155b' -> (Import Result ID: '9bfe3dd238c50d1e61dd969f373f2c8e') in 0.001 seconds [static dependencies only]. Details - ImportResultOutputID=c45a401cc5981747f91a1ff2e38f121c DependenciesID=7bf208236210b78a4600eb690a406a2d StaticDependenciesID=e68d59c7587b00f056360c69e8664542 
Importing 'GUID: 3f9202a39620f51418046c7754f215f0 - Path: Packages/com.unity.test-framework/UnityEditor.TestRunner/NUnitExtension' with importer (DefaultImporter)
Imported 'GUID: 3f9202a39620f51418046c7754f215f0' -> (Import Result ID: '1dfe9f2a33cf29e475c1cbc57fc4fb79') in 0.001 seconds [static dependencies only]. Details - ImportResultOutputID=df0aeec2b80032db4d95957e68929fee DependenciesID=0d22005202c276945696db77edb880e5 StaticDependenciesID=a24519233740dde1b6bd4351bdee6d11 
Importing 'GUID: 7f9f1d015d7a8ba46b7d71acfcda3ae7 - Path: Packages/com.unity.ide.visualstudio/Editor/Testing' with importer (DefaultImporter)
Imported 'GUID: 7f9f1d015d7a8ba46b7d71acfcda3ae7' -> (Import Result ID: 'b275a8a6dad9d452b586f266fa079521') in 0.001 seconds [static dependencies only]. Details - ImportResultOutputID=caa53ea97327c51012e9b3b301943c08 DependenciesID=8d639890cea6683201ae932fe111d6dd StaticDependenciesID=1a004dc5a797cdf8d3cd33fe0ee21921 
Importing 'GUID: 313cbe17019f1934397f91069831062c - Path: Packages/com.unity.ide.rider/Rider/Editor/ProjectGeneration' with importer (DefaultImporter)
Imported 'GUID: 313cbe17019f1934397f91069831062c' -> (Import Result ID: '35a1a0c1b1d8bc3e404fc5f105eed090') in 0.001 seconds [static dependencies only]. Details - ImportResultOutputID=324b690d68ef3b5be851db48f0b8fe4d DependenciesID=e746e137ecacfe1a2b27b0194085396c StaticDependenciesID=9d5f2abd8e6ff78b98a96dd2e0b111fa 
Importing 'GUID: 41b2d972bdac29e4a89ef08b3b52c248 - Path: Packages/com.unity.ide.visualstudio/Editor/COMIntegration/Release' with importer (DefaultImporter)
Imported 'GUID: 41b2d972bdac29e4a89ef08b3b52c248' -> (Import Result ID: '159e1c55acdd024eded32060cd880a97') in 0.003 seconds [static dependencies only]. Details - ImportResultOutputID=0013f72f5d9292afc56921f8d95f3de4 DependenciesID=00be3dd411cd931443bdc704d43a0394 StaticDependenciesID=15e8b14a85890bc1844098e6928945d3 
Importing 'GUID: 51557afa652635743b264a309f0a5c60 - Path: Packages/com.unity.test-framework/UnityEngine.TestRunner/Utils/AssemblyProvider' with importer (DefaultImporter)
Imported 'GUID: 51557afa652635743b264a309f0a5c60' -> (Import Result ID: '68225cb59ed0cf5077855e3dfa458244') in 0.001 seconds [static dependencies only]. Details - ImportResultOutputID=aae0bb55646db009e1f7f7157a018046 DependenciesID=b9ef613e31a66b1117d0b2b4e2059e10 StaticDependenciesID=2c6e927cb9c29b42e44fe7d4204f5c8a 
Importing 'GUID: 61e236e8570a95e4eb754fb291e102e0 - Path: Packages/com.unity.test-framework/UnityEngine.TestRunner/TestRunner/Callbacks' with importer (DefaultImporter)
Imported 'GUID: 61e236e8570a95e4eb754fb291e102e0' -> (Import Result ID: '69c923fbfa5d766f81be287d4a69364f') in 0.001 seconds [static dependencies only]. Details - ImportResultOutputID=010b34c743dffb0b92a402bff30061ec DependenciesID=3ef576f474ced889f2d0fc90755b70c6 StaticDependenciesID=4afe08e4c46dd9413ee5e2f6e44ec139 
Importing 'GUID: 91c20d2c22b8b3a4cb6c816bd225591a - Path: Packages/com.unity.test-framework/UnityEngine.TestRunner/TestRunner/RemoteHelpers' with importer (DefaultImporter)
Imported 'GUID: 91c20d2c22b8b3a4cb6c816bd225591a' -> (Import Result ID: '433cd413b83911742fc3326a8cb2388f') in 0.001 seconds [static dependencies only]. Details - ImportResultOutputID=b8a70a515aeb955be46be9a19678602b DependenciesID=27568669a7b5195f24e8e9e88ed8aed4 StaticDependenciesID=413cb82dcabef59f88c5b20c1ac920dc 
Importing 'GUID: b1d8465ba1376b148bdab58965101f47 - Path: Packages/com.unity.test-framework/UnityEngine.TestRunner/Assertions/LogScope' with importer (DefaultImporter)
Imported 'GUID: b1d8465ba1376b148bdab58965101f47' -> (Import Result ID: 'f5e398f4f980a5cedd854c773294183e') in 0.001 seconds [static dependencies only]. Details - ImportResultOutputID=cfe24967e3ee89f88ab133ae2a3340fa DependenciesID=4a1727c31ca053fe971e8e954ffa9859 StaticDependenciesID=b32f92c1e618cc095ba0473085411441 
Importing 'GUID: 92e3104769da143888a712cdea27d950 - Path: Packages/com.unity.test-framework/UnityEditor.TestRunner/GUI/TestAssets' with importer (DefaultImporter)
Imported 'GUID: 92e3104769da143888a712cdea27d950' -> (Import Result ID: '8ca9427beb57db851babed76f10d4548') in 0.001 seconds [static dependencies only]. Details - ImportResultOutputID=a60e580633ddd7e9aeb69d2a0c5c5ac5 DependenciesID=fbdb0932a36e53b89bb57597b534e33a StaticDependenciesID=aa03ed7c9e5d9a2ea02c38a4a25ee766 
Importing 'GUID: a3cb89150b8a4060b89a32725a8e267e - Path: Packages/com.unity.test-framework/UnityEditor.TestRunner/TestLaunchers/Helpers' with importer (DefaultImporter)
Imported 'GUID: a3cb89150b8a4060b89a32725a8e267e' -> (Import Result ID: 'b8b1da36d1f720da249947bc879220be') in 0.001 seconds [static dependencies only]. Details - ImportResultOutputID=3a8c6eba4d7f092b7ed1ff660d319466 DependenciesID=f785ed3b1529e06ca6e5bb89a096a681 StaticDependenciesID=7b879475d571c7979ec7e6aa193d7c06 
Importing 'GUID: c3de99f9efc582a48995bc8e8c2df418 - Path: Packages/com.unity.test-framework/UnityEngine.TestRunner/NUnitExtensions/Filters' with importer (DefaultImporter)
Imported 'GUID: c3de99f9efc582a48995bc8e8c2df418' -> (Import Result ID: '0e80702b4d9ded36bbe570d55cc56851') in 0.001 seconds [static dependencies only]. Details - ImportResultOutputID=234091ee12a6235e1c446dc8d5c64995 DependenciesID=9bbfe5cc7541eef246f7e7fbef674a80 StaticDependenciesID=455f2ea52cd766aa56c0ddefdd99d0ec 
Importing 'GUID: 256a0ca37fa972840bce7fca446e75e7 - Path: Packages/com.unity.test-framework/UnityEngine.TestRunner/TestRunner/Messages' with importer (DefaultImporter)
Imported 'GUID: 256a0ca37fa972840bce7fca446e75e7' -> (Import Result ID: '7bcae04f6c3945569c41f4f5229c9d4f') in 0.001 seconds [static dependencies only]. Details - ImportResultOutputID=dc65fd1fb36d3e877da8d647c9615ee7 DependenciesID=466cb1d81a21950eddfede4a6178f036 StaticDependenciesID=58ea4bae6ff95fd723111203e83e160c 
Importing 'GUID: 354fde95fe0643b09509e5fcee350b33 - Path: Packages/com.unity.ide.rider/Rider/Editor/Properties' with importer (DefaultImporter)
Imported 'GUID: 354fde95fe0643b09509e5fcee350b33' -> (Import Result ID: '74192befde6bffb1b456b8772b8c1656') in 0.001 seconds [static dependencies only]. Details - ImportResultOutputID=8e710699f3929b88337795b4fd4f990b DependenciesID=c5b7345f4f373532154ffcb721b80b16 StaticDependenciesID=32af0358e0a69d9b15106fd34974ee9f 
Importing 'GUID: a52391bc44c477f40a547ed4ef3b9560 - Path: Packages/com.unity.ide.rider/Rider/Editor/UnitTesting' with importer (DefaultImporter)
Imported 'GUID: a52391bc44c477f40a547ed4ef3b9560' -> (Import Result ID: '61d1ff2cb4d6f840b158bfdf07bcbb7f') in 0.001 seconds [static dependencies only]. Details - ImportResultOutputID=1f5871c96c66444b71a7163aeb9720e2 DependenciesID=9855c5195b4d6d46d24cdd70cbdd6d9c StaticDependenciesID=23f3186aa4a7edf84f072463143d28f4 
Importing 'GUID: c5535d742ea2e4941850b421f9c70a1f - Path: Packages/com.unity.test-framework/UnityEditor.TestRunner/GUI/Views' with importer (DefaultImporter)
Imported 'GUID: c5535d742ea2e4941850b421f9c70a1f' -> (Import Result ID: '92d736dbeea37fb68ceaa1a856e9038e') in 0.001 seconds [static dependencies only]. Details - ImportResultOutputID=22ce32537e26210d1a653e5fc6871be4 DependenciesID=9694c183165a55a2bea5cfbeb4b21282 StaticDependenciesID=cad0687b818655094a83d7231c14b0ae 
Importing 'GUID: 3610673068254436ac90019f46e09f01 - Path: Packages/com.unity.test-framework/UnityEditor.TestRunner/UnityTestProtocol/Data' with importer (DefaultImporter)
Imported 'GUID: 3610673068254436ac90019f46e09f01' -> (Import Result ID: 'f857cdd756b38e8eb3357109f7f7bb6f') in 0.001 seconds [static dependencies only]. Details - ImportResultOutputID=0a0f0ff5161030eba44ba49c652cc478 DependenciesID=7cd7561bc749deb6f2371f903c9d7b22 StaticDependenciesID=516f853320de9a6a9bea252006543681 
Importing 'GUID: 96c503bf059df984c86eecf572370347 - Path: Packages/com.unity.test-framework/UnityEditor.TestRunner/NUnitExtension/Attributes' with importer (DefaultImporter)
Imported 'GUID: 96c503bf059df984c86eecf572370347' -> (Import Result ID: 'b1b742d80c2b40872a643e01a9e97f25') in 0.001 seconds [static dependencies only]. Details - ImportResultOutputID=5c43fe10b254eace1c0129df22455c2f DependenciesID=5b348591ae11e78dc2d73bb784c9b34f StaticDependenciesID=4275ad315acced407744bf376d75b745 
Importing 'GUID: 07ea0326ed848fb4489187cb58f96113 - Path: Packages/com.unity.test-framework/UnityEditor.TestRunner/GUI/TestListBuilder' with importer (DefaultImporter)
Imported 'GUID: 07ea0326ed848fb4489187cb58f96113' -> (Import Result ID: '42ce821e2c2f0f6ec4f1e128957e045f') in 0.001 seconds [static dependencies only]. Details - ImportResultOutputID=a6a29debcafeb668b0f2a71823ead8d0 DependenciesID=14e42c630ebbeb115b6e4754ff287bfa StaticDependenciesID=2f63606a496483c3e8e07c7fcef33667 
Importing 'GUID: 37888acc09d9ee848bf9559f06645c45 - Path: Packages/com.unity.test-framework/UnityEngine.TestRunner/NUnitExtensions/Runner' with importer (DefaultImporter)
Imported 'GUID: 37888acc09d9ee848bf9559f06645c45' -> (Import Result ID: '3cc5746261ceef3945219cd38fcd7100') in 0.001 seconds [static dependencies only]. Details - ImportResultOutputID=bd7484124a2c87b1945e427d6a01325b DependenciesID=e7a541f3b42c6b84105d4bdb3959f6ea StaticDependenciesID=830501f04ff9d2763481f7b86edd9e6c 
Importing 'GUID: 68cb547af0187634aad591a09c01cd5b - Path: Packages/com.unity.test-framework/UnityEditor.TestRunner/GUI/TestListTreeView' with importer (DefaultImporter)
Imported 'GUID: 68cb547af0187634aad591a09c01cd5b' -> (Import Result ID: 'a6f5f9466c65ad9b783fc4bf87bf9933') in 0.006 seconds [static dependencies only]. Details - ImportResultOutputID=d5ca04f15efb98a671802c6546970d44 DependenciesID=4e3a661a5c9c161ef4962ee0db52ef2f StaticDependenciesID=0c1166ed7bd3589d8cb7b68cd54ba7df 
Importing 'GUID: e88eef57957d4440c8a7ff2ef9dd3d97 - Path: Packages/com.unity.test-framework/UnityEditor.TestRunner/GUI/Controls' with importer (DefaultImporter)
Imported 'GUID: e88eef57957d4440c8a7ff2ef9dd3d97' -> (Import Result ID: '9523034730396c649db68ee3f2c5af6a') in 0.001 seconds [static dependencies only]. Details - ImportResultOutputID=a0ce75e2c602e931e5ecdcc124be13dd DependenciesID=54c438ce0c8559feb24078c99b287387 StaticDependenciesID=06a7b988240bac285a0579fa3147d19a 
Importing 'GUID: 4926c06156894939ba0a2680f1b0aa7a - Path: Packages/com.unity.test-framework/UnityEditor.TestRunner/TestRun/Data' with importer (DefaultImporter)
Imported 'GUID: 4926c06156894939ba0a2680f1b0aa7a' -> (Import Result ID: 'd7a923226ba5b4f3c823c7d01dfe0799') in 0.001 seconds [static dependencies only]. Details - ImportResultOutputID=a5a02383b86951746691789ea1770405 DependenciesID=2b08088ed382fbd88747626da51402ab StaticDependenciesID=90e5c7a10091a03d6068687c87bc2f92 
Importing 'GUID: 891bb6b9f5094c36b59c3788e21c8213 - Path: Packages/com.unity.test-framework/UnityEditor.TestRunner/Api/Analytics' with importer (DefaultImporter)
Imported 'GUID: 891bb6b9f5094c36b59c3788e21c8213' -> (Import Result ID: '1a1721a3ea4d67fe4ffe1aa3fdc3d1d9') in 0.001 seconds [static dependencies only]. Details - ImportResultOutputID=7998c9824c94ac0412eedd6830205f19 DependenciesID=01aa3ef6faa050dfabbc1409c1f36bb9 StaticDependenciesID=aa8c2cdb9eba597bc2c4b6bbd17dc081 
Importing 'GUID: d9682e749d3efc642af54d789d9090a6 - Path: Packages/com.unity.test-framework/UnityEditor.TestRunner/TestRunner/Messages' with importer (DefaultImporter)
Imported 'GUID: d9682e749d3efc642af54d789d9090a6' -> (Import Result ID: '60f80ab54161615f241eddac576265f7') in 0.001 seconds [static dependencies only]. Details - ImportResultOutputID=df1446cda33be1150fafeea045978830 DependenciesID=5f5730112a8aa021c5bac62a45f7a47d StaticDependenciesID=a3fe2d4eba02243492f56da00a6bf013 
Importing 'GUID: aa290bd9a165a0543a4bf85ac73914bc - Path: Packages/com.unity.ide.rider/Rider/Editor/PostProcessors' with importer (DefaultImporter)
Imported 'GUID: aa290bd9a165a0543a4bf85ac73914bc' -> (Import Result ID: '797e09e12c4f47fa0c8649b422a7d8ae') in 0.001 seconds [static dependencies only]. Details - ImportResultOutputID=7b631737181e97c6fe1ac014f4070871 DependenciesID=e3e9d8cd6f5642d3c3db3d024d0f48b1 StaticDependenciesID=2a4977cb781def96aeefbad9ea80e3de 
Importing 'GUID: 6b72875690e0f7343911e06af3145bd5 - Path: Packages/com.unity.test-framework/UnityEngine.TestRunner/NUnitExtensions/Commands' with importer (DefaultImporter)
Imported 'GUID: 6b72875690e0f7343911e06af3145bd5' -> (Import Result ID: '5fea1e9c0f6dfe9ca0d894cb771883f3') in 0.001 seconds [static dependencies only]. Details - ImportResultOutputID=331eca5ef0be679acabec48b795c7e00 DependenciesID=f0d635ce90a1aedaeb3da2345f602aed StaticDependenciesID=7b9a4cc92c06256e67fde56948b5329c 
Importing 'GUID: ebc4d20cc106cea49b1df1153f0b3b5e - Path: Packages/com.unity.test-framework/UnityEditor.TestRunner/TestLaunchers/PlatformSetup' with importer (DefaultImporter)
Imported 'GUID: ebc4d20cc106cea49b1df1153f0b3b5e' -> (Import Result ID: '0b2c9622a6ab524eaa0eaf7b5b62e966') in 0.001 seconds [static dependencies only]. Details - ImportResultOutputID=d7aab0e8ab0737fda991e7097b020464 DependenciesID=4a206faa86f6687e998ab53ded6dbf1d StaticDependenciesID=3f0440ca1e4d0071e34277f3c02e97d7 
Importing 'GUID: 0cb14878543cf3d4f8472b15f7ecf0e3 - Path: Packages/com.unity.test-framework/UnityEngine.TestRunner/NUnitExtensions/Attributes' with importer (DefaultImporter)
Imported 'GUID: 0cb14878543cf3d4f8472b15f7ecf0e3' -> (Import Result ID: '673adc8ccf738e9fb1111697011e3bbc') in 0.001 seconds [static dependencies only]. Details - ImportResultOutputID=07f161243d8ca7b2df7febccc66907be DependenciesID=286c430710e80e74de95127974b6991e StaticDependenciesID=18b873f16d526cbe8273032cc6f8a858 
Importing 'GUID: 5d7f0d6acfced954682a89e7002c04d9 - Path: Packages/com.unity.test-framework/UnityEditor.TestRunner/TestRunner/Callbacks' with importer (DefaultImporter)
Imported 'GUID: 5d7f0d6acfced954682a89e7002c04d9' -> (Import Result ID: '75945c8beba5dfb089a31467fbb8e60f') in 0.001 seconds [static dependencies only]. Details - ImportResultOutputID=c41748e0dad7446506b58e8595cfa6c8 DependenciesID=f4d13ad1d676690cb1b48b16f166fa7e StaticDependenciesID=6615522c8a21239cc0d07a6ddd8bbd70 
Importing 'GUID: 6dba53789da15814387fa5b1445e81e0 - Path: Packages/com.unity.test-framework/UnityEditor.TestRunner/TestRun/Tasks' with importer (DefaultImporter)
Imported 'GUID: 6dba53789da15814387fa5b1445e81e0' -> (Import Result ID: '4693b2876f7f79e4ade16eb7988cab89') in 0.001 seconds [static dependencies only]. Details - ImportResultOutputID=6db6dda383b549f157127f31279318c1 DependenciesID=8a5c587c19da8a7fff80aec7dca2df8f StaticDependenciesID=7d5c24122adf32e795b8fde176648bfc 
Importing 'GUID: 5e726086cd652f82087d59d67d2c24cd - Path: Packages/com.unity.ide.rider/Rider/Editor/Util' with importer (DefaultImporter)
Imported 'GUID: 5e726086cd652f82087d59d67d2c24cd' -> (Import Result ID: 'd9a2c189604f3067aa868cc3d5513752') in 0.001 seconds [static dependencies only]. Details - ImportResultOutputID=6a700186624845cc20e38a45be99c2bd DependenciesID=b77d2f6a95f6954f00d2bb3a34f16027 StaticDependenciesID=bc8e24751d5a2dbf19cd4a7598f5bbac 
Importing 'GUID: 9ea154c33fd8466f973f004e5c962df7 - Path: Packages/com.unity.test-framework/UnityEditor.TestRunner/UnityTestProtocol/Messages' with importer (DefaultImporter)
Imported 'GUID: 9ea154c33fd8466f973f004e5c962df7' -> (Import Result ID: '3c06af5ccd7d28c3a865fb05abc78032') in 0.001 seconds [static dependencies only]. Details - ImportResultOutputID=9a453184ef9fbc25fc23485e89c26cb5 DependenciesID=37b228f46d6e365aa3fad450fb7268ce StaticDependenciesID=5bd96380e171a357d874fcc46c5c735a 
Importing 'GUID: ce8da628f68c7594b8b9a597fa52db7b - Path: Packages/com.unity.test-framework/UnityEngine.TestRunner/Utils/MonoBehaviourTest' with importer (DefaultImporter)
Imported 'GUID: ce8da628f68c7594b8b9a597fa52db7b' -> (Import Result ID: 'e11e86b68385d2424fabc4528965ab8b') in 0.001 seconds [static dependencies only]. Details - ImportResultOutputID=2d38d279fcda641716a64a3285bed967 DependenciesID=aee11b902f17ee05813b32d5af577e6f StaticDependenciesID=e019915e66bf56c6a53c45eddcac8d59 
Importing 'GUID: 1f5bbb88ca730434483440cbc0278ef6 - Path: Packages/com.unity.test-framework/UnityEditor.TestRunner/TestRunner/Utils' with importer (DefaultImporter)
Imported 'GUID: 1f5bbb88ca730434483440cbc0278ef6' -> (Import Result ID: 'bf22c8a53b121bf6289726882ff4d503') in 0.005 seconds [static dependencies only]. Details - ImportResultOutputID=b54df974e33f3b29d71ca6f71b34a610 DependenciesID=062ab91bc526ba62f66a5bf0817556be StaticDependenciesID=19b4d525f46038ec3ab7a23ba103e34f 
Importing 'GUID: 94a6220ee1a442249702c9df66e0fe1b - Path: Packages/com.unity.test-framework/UnityEditor.TestRunner/TestRun/Tasks/Player' with importer (DefaultImporter)
Imported 'GUID: 94a6220ee1a442249702c9df66e0fe1b' -> (Import Result ID: 'd770dc91b03c058070d04366ecf4dd6e') in 0.001 seconds [static dependencies only]. Details - ImportResultOutputID=4ae38678e341ab45b845ef0774cc1b3a DependenciesID=9223a7d87db0eaf2680363bc305d2856 StaticDependenciesID=d9ba00218ec57b2766ad47f36e0b3adc 
Importing 'GUID: 692476ac695e7b74a8d9eabd48862009 - Path: Packages/com.unity.test-framework/UnityEditor.TestRunner/TestRun/Tasks/Scene' with importer (DefaultImporter)
Imported 'GUID: 692476ac695e7b74a8d9eabd48862009' -> (Import Result ID: '8ff00a17ebaeea938b99aa5831923237') in 0.001 seconds [static dependencies only]. Details - ImportResultOutputID=2fa50d94b5f40096b11b7fc28b64729b DependenciesID=0b2a318cceea9f9d9405ecac0dc50c0e StaticDependenciesID=5381480a0e84dfd6f5a89c03f22f5b1b 
Importing 'GUID: d973b7805df545bdae3986ab72a6c2e8 - Path: Packages/com.unity.test-framework/UnityEditor.TestRunner/TestRun/Tasks/Platform' with importer (DefaultImporter)
Imported 'GUID: d973b7805df545bdae3986ab72a6c2e8' -> (Import Result ID: 'ccf5f6cb0c94142ff5cb069da58f759e') in 0.001 seconds [static dependencies only]. Details - ImportResultOutputID=74075c018e7d223e4de2551f58488a13 DependenciesID=78547b4d998f1cb5819a271ee28b000b StaticDependenciesID=707e7f285309070aa29ff903091dabc0 
Importing 'GUID: cca5935142d6c754f9ecdce1294f7079 - Path: Packages/com.unity.test-framework/UnityEditor.TestRunner/TestRun/Tasks/Events' with importer (DefaultImporter)
Imported 'GUID: cca5935142d6c754f9ecdce1294f7079' -> (Import Result ID: 'e067f112d3f0ecc2a0a0b23a7e2dddb1') in 0.001 seconds [static dependencies only]. Details - ImportResultOutputID=681e739248ec06e77a33a1d1c904555d DependenciesID=2fab6b0b709562a258e8c669975596c7 StaticDependenciesID=708111177e6492723f70efccba692d9b 
Importing 'GUID: d528c8c98d269ca44a06cd9624a03945 - Path: Packages/com.unity.ide.rider/Rider/Editor/com.unity.ide.rider.asmdef' with importer (AssemblyDefinitionImporter)
Imported 'GUID: d528c8c98d269ca44a06cd9624a03945' -> (Import Result ID: '8726df5a2d3c1a083a4c848146226a5f') in 0.026 seconds [static dependencies only]. Details - ImportResultOutputID=912be29b09a856ab914d58bed46d9f41 DependenciesID=15fe68d1e72bade2cbe4e8644df25f00 StaticDependenciesID=4d25ba9e8f625be18cd10642c4596e8d 
Importing 'GUID: 27619889b8ba8c24980f49ee34dbb44a - Path: Packages/com.unity.test-framework/UnityEngine.TestRunner/UnityEngine.TestRunner.asmdef' with importer (AssemblyDefinitionImporter)
Imported 'GUID: 27619889b8ba8c24980f49ee34dbb44a' -> (Import Result ID: 'dde441411b61d7f243edd6bd86eaed2f') in 0.002 seconds [static dependencies only]. Details - ImportResultOutputID=3370b80e2922aa61095329e63cd7b568 DependenciesID=c378fe730506c60d98d3d2985f14dfea StaticDependenciesID=efd7b7b3471c17ad6b92a6854eb4dc18 
Importing 'GUID: b93f844d45cfcc44fa2b0eed5c9ec6bb - Path: Packages/com.unity.ide.visualstudio/Editor/com.unity.ide.visualstudio.asmdef' with importer (AssemblyDefinitionImporter)
Imported 'GUID: b93f844d45cfcc44fa2b0eed5c9ec6bb' -> (Import Result ID: 'be19451ec2b6434642ba6f13ecf5db51') in 0.001 seconds [static dependencies only]. Details - ImportResultOutputID=ce62f0aa69bd55563fb33cc2591980de DependenciesID=9e30368bdd707e6848801ccde70f1f5c StaticDependenciesID=b5401851f919dd14a700f6556c7ed0a3 
Importing 'GUID: 0acc523941302664db1f4e527237feb3 - Path: Packages/com.unity.test-framework/UnityEditor.TestRunner/UnityEditor.TestRunner.asmdef' with importer (AssemblyDefinitionImporter)
Imported 'GUID: 0acc523941302664db1f4e527237feb3' -> (Import Result ID: 'e2f348df875f6247245c2f700d815735') in 0.037 seconds [static dependencies only]. Details - ImportResultOutputID=666b13231f973a40371f8a88a79fd45e DependenciesID=612cc8c97fe328230cfa9ae0658786b9 StaticDependenciesID=bbf7215ccf291794fe8ed3b5ea133e60 
Importing 'GUID: 51fa60bb2bd1e5bc74e8cc95a7bfd5b7 - Path: Packages/com.unity.modules.ui/package.ModuleCompilationTrigger' with importer (DefaultImporter)
Imported 'GUID: 51fa60bb2bd1e5bc74e8cc95a7bfd5b7' -> (Import Result ID: '0e6c19f382af6f75a9394f69adf788bd') in 0.064 seconds [static dependencies only]. Details - ImportResultOutputID=6e559821e528ff0e1a68c3b7765614d2 DependenciesID=89d09727dde36d60bf3bc38270dcfe28 StaticDependenciesID=3c1226af24afdaaba5f6812b32e68603 
Importing 'GUID: 71136fc5cf34f2cc10be0e33c0b08019 - Path: Packages/com.unity.modules.unityanalytics/package.ModuleCompilationTrigger' with importer (DefaultImporter)
Imported 'GUID: 71136fc5cf34f2cc10be0e33c0b08019' -> (Import Result ID: '56d126e4d1bc3d7b9e851b6322fe1bf8') in 0.001 seconds [static dependencies only]. Details - ImportResultOutputID=19db86d6fd47355ede82a1c702bde617 DependenciesID=b7469a4e7d2ca43e0537a7ec0ec6f7f8 StaticDependenciesID=0fa4fc0f2aeadebbd7eb627812335e19 
Importing 'GUID: 71e7167b55a3448b38774a3bb6e05bac - Path: Packages/com.unity.modules.timelinefoundation/package.ModuleCompilationTrigger' with importer (DefaultImporter)
Imported 'GUID: 71e7167b55a3448b38774a3bb6e05bac' -> (Import Result ID: 'a6bec22fa10db9f7f35c7bd13e010a27') in 0.001 seconds [static dependencies only]. Details - ImportResultOutputID=c5890c0237407de11fec9407c846284f DependenciesID=36a0517f4d644b89cbe480485858a8bb StaticDependenciesID=25f461b927f097c38d0dbd784655af32 
Importing 'GUID: a1c42005fe7c5d78585a77ce396a5eea - Path: Packages/com.unity.modules.tilemap/package.ModuleCompilationTrigger' with importer (DefaultImporter)
Imported 'GUID: a1c42005fe7c5d78585a77ce396a5eea' -> (Import Result ID: '3e9d656e966633573cb2046a22ae4ca5') in 0.001 seconds [static dependencies only]. Details - ImportResultOutputID=41e18ad721a806fe228204bdeef3a130 DependenciesID=97ef5d5583d5a20672f05956a22555d4 StaticDependenciesID=4ee5382b003fc77fa6aba69871f9e483 
Importing 'GUID: d104359075a97392b803d3d5aebc77f7 - Path: Packages/com.unity.modules.hierarchycore/package.ModuleCompilationTrigger' with importer (DefaultImporter)
Imported 'GUID: d104359075a97392b803d3d5aebc77f7' -> (Import Result ID: '636638bc242e6bdeeae1ff976ac45eea') in 0.001 seconds [static dependencies only]. Details - ImportResultOutputID=1072526eb62216a1dc59d571676cf01f DependenciesID=69277dae5c49201d36383230841bb75b StaticDependenciesID=afc1e02b93f4652d9379104da0050c0e 
Importing 'GUID: 222fc39b0c85d800342910da2cd64781 - Path: Packages/com.unity.modules.assetbundle/package.ModuleCompilationTrigger' with importer (DefaultImporter)
Imported 'GUID: 222fc39b0c85d800342910da2cd64781' -> (Import Result ID: '0fd01ec1cec49f43ec72c5169f6a2f32') in 0.001 seconds [static dependencies only]. Details - ImportResultOutputID=7310c3d2b5a0454edeaf1531193e1a44 DependenciesID=fe2b344c41a59d7326b14e42dbe8dfa7 StaticDependenciesID=068dda8c383984ece564f394f95f8957 
Importing 'GUID: d2ec2d1228c8e67cdd913cb5609176a2 - Path: Packages/com.unity.modules.unitywebrequest/package.ModuleCompilationTrigger' with importer (DefaultImporter)
Imported 'GUID: d2ec2d1228c8e67cdd913cb5609176a2' -> (Import Result ID: 'a3f2f0e23f3ad60f0708fa9556b1addd') in 0.001 seconds [static dependencies only]. Details - ImportResultOutputID=fa2ee3949a508ef3b244c0a794acf950 DependenciesID=cbbd01d5144c855f237ee6f40affeaad StaticDependenciesID=373cbc2130578c37890108d08e3aa5a8 
Importing 'GUID: e2d09a26ce46dc617b54e49a534ace20 - Path: Packages/com.unity.modules.ai/package.ModuleCompilationTrigger' with importer (DefaultImporter)
Imported 'GUID: e2d09a26ce46dc617b54e49a534ace20' -> (Import Result ID: 'c84fbdd4c3af86792ea6d72c160432c9') in 0.001 seconds [static dependencies only]. Details - ImportResultOutputID=ee6d62765d5e314c9a6c39429e765ae4 DependenciesID=9494f1933888c1f65785ae70d1f831f9 StaticDependenciesID=6c7c4c8e791c4aa26cc383c6d60585b1 
Importing 'GUID: 23032f4383e95e772bce465c5896d0fd - Path: Packages/com.unity.modules.terrain/package.ModuleCompilationTrigger' with importer (DefaultImporter)
Imported 'GUID: 23032f4383e95e772bce465c5896d0fd' -> (Import Result ID: 'bd30ba83ed02823c9e823c14b941a7f1') in 0.001 seconds [static dependencies only]. Details - ImportResultOutputID=f8cc97289111b69a8286fb59513f51d0 DependenciesID=f7f84d52c1320d9424f005284d1bf4d4 StaticDependenciesID=5c35be58abc6fbf8152e89babfca9984 
Importing 'GUID: 830a36a23cf3ab1e61fa47940a6dc35e - Path: Packages/com.unity.modules.imageconversion/package.ModuleCompilationTrigger' with importer (DefaultImporter)
Imported 'GUID: 830a36a23cf3ab1e61fa47940a6dc35e' -> (Import Result ID: 'be0b67b432003b038cf0bb92e1d77b13') in 0.001 seconds [static dependencies only]. Details - ImportResultOutputID=76d29ea8d45d8514b9b32b4ce101e77e DependenciesID=7f550e29dfcaa81d6d67cc4988f0b7c8 StaticDependenciesID=7f600a175e09c6006f9088f92f2c1098 
Importing 'GUID: a31a332ce3485f00f7df8d987302a29c - Path: Packages/com.unity.modules.unitywebrequesttexture/package.ModuleCompilationTrigger' with importer (DefaultImporter)
Imported 'GUID: a31a332ce3485f00f7df8d987302a29c' -> (Import Result ID: '7029b3a7fbb8733a8662ce0664153cce') in 0.006 seconds [static dependencies only]. Details - ImportResultOutputID=a17619517ae6297bd7d73537d7aa1eef DependenciesID=4cb8ff9f6c9825e23497eb6dfab28558 StaticDependenciesID=cee85ab715b09873ab2419e18d764d2a 
Importing 'GUID: 042dc296246916648e55a43d0eeb2036 - Path: Packages/com.unity.modules.audio/package.ModuleCompilationTrigger' with importer (DefaultImporter)
Imported 'GUID: 042dc296246916648e55a43d0eeb2036' -> (Import Result ID: 'eb5c5d20fc9656beee57de382516913d') in 0.001 seconds [static dependencies only]. Details - ImportResultOutputID=db7c8acc5ec18f8d94381a817bd4639b DependenciesID=f2e5ad5e1d5d153fc84b7341a3ca872f StaticDependenciesID=987edeb86285dfb2f2b949491eb5ed6c 
Importing 'GUID: 14e86f88e9a8c9c448d7e7df92f2aeec - Path: Packages/com.unity.modules.physicscore2d/package.ModuleCompilationTrigger' with importer (DefaultImporter)
Imported 'GUID: 14e86f88e9a8c9c448d7e7df92f2aeec' -> (Import Result ID: '2c973c246328c75cfbee9b147c533aec') in 0.001 seconds [static dependencies only]. Details - ImportResultOutputID=4f921d24b7de923e48844f6cc629c5fc DependenciesID=5c2b2ed5b2c80f68f171a4ee31fd57d0 StaticDependenciesID=b0c4b38fa6509f6aac786da76715b668 
Importing 'GUID: 553737203d61a8109f9544a97201e1aa - Path: Packages/com.unity.modules.unitywebrequestaudio/package.ModuleCompilationTrigger' with importer (DefaultImporter)
Imported 'GUID: 553737203d61a8109f9544a97201e1aa' -> (Import Result ID: '0f4eb7ae2b60b7c89087cdbc39d4a4fe') in 0.001 seconds [static dependencies only]. Details - ImportResultOutputID=64727956256aa51f7cb2d4856cb94864 DependenciesID=cd465c0c33eadf2436e57ee7f25fa7fb StaticDependenciesID=bd9a4bcd391b2567d2810cdd845fb0eb 
Importing 'GUID: e5c46c19ce0ce2e0103aa6f82df1043a - Path: Packages/com.unity.modules.vehicles/package.ModuleCompilationTrigger' with importer (DefaultImporter)
Imported 'GUID: e5c46c19ce0ce2e0103aa6f82df1043a' -> (Import Result ID: 'b99ed6723b74a4d66aa0206620636a07') in 0.001 seconds [static dependencies only]. Details - ImportResultOutputID=9b7b8c0cced984a57484c36eeeb14744 DependenciesID=ef2dffd146da6b275d6d1e44bea61be8 StaticDependenciesID=9ca15e267986355ee32da087f45ce101 
Importing 'GUID: 7610600f5c83e01041a6fe849d39279f - Path: Packages/com.unity.modules.unitywebrequestassetbundle/package.ModuleCompilationTrigger' with importer (DefaultImporter)
Imported 'GUID: 7610600f5c83e01041a6fe849d39279f' -> (Import Result ID: 'd143180331801b6afac4cb0441c03e0e') in 0.001 seconds [static dependencies only]. Details - ImportResultOutputID=f30f7eaa989873c773f075bfa516083b DependenciesID=688e9abb6902a064839efe5478506764 StaticDependenciesID=d0e36a883dc7d1e0c9c852b0a2bc5946 
Importing 'GUID: e6a135e3ea9cb46795d1b0e05ac3e1e5 - Path: Packages/com.unity.modules.jsonserialize/package.ModuleCompilationTrigger' with importer (DefaultImporter)
Imported 'GUID: e6a135e3ea9cb46795d1b0e05ac3e1e5' -> (Import Result ID: 'c71f379f57b8b9297518a0ca2d221294') in 0.001 seconds [static dependencies only]. Details - ImportResultOutputID=fe2252d2af7741e3b7227eed79d28422 DependenciesID=4d9d5a211e60a1a74167fb8bdba07a36 StaticDependenciesID=b0b22eccfcc75550cfd5416b8ccadc34 
Importing 'GUID: f62135e79edb837b2d2ee3c524da864c - Path: Packages/com.unity.modules.video/package.ModuleCompilationTrigger' with importer (DefaultImporter)
Imported 'GUID: f62135e79edb837b2d2ee3c524da864c' -> (Import Result ID: '3aef036da86c810165ec7e6a476a5e6a') in 0.001 seconds [static dependencies only]. Details - ImportResultOutputID=3eada0df8170b53fc4bf86e17012a94e DependenciesID=22c43316fff881fb5401b42ecaa5cf6b StaticDependenciesID=fbd77c14c4971f0ecd6ad9fa2e1328c7 
Importing 'GUID: 17f093324b67f5bd57e55b546736750e - Path: Packages/com.unity.modules.particlesystem/package.ModuleCompilationTrigger' with importer (DefaultImporter)
Imported 'GUID: 17f093324b67f5bd57e55b546736750e' -> (Import Result ID: 'f5f31d1663e5c8d3331bb37242222224') in 0.001 seconds [static dependencies only]. Details - ImportResultOutputID=03b670f3bb0647212e588851cc9790ce DependenciesID=7cd4b0bd5e72584af4ea6e0c0211374b StaticDependenciesID=093f92235b507c1e02fa5e78da745e12 
Importing 'GUID: 4745d06d5a7ca576dcf9e5e67b417652 - Path: Packages/com.unity.modules.accessibility/package.ModuleCompilationTrigger' with importer (DefaultImporter)
Imported 'GUID: 4745d06d5a7ca576dcf9e5e67b417652' -> (Import Result ID: '397e51aa7e4f499b0e5205ffb978fc4e') in 0.001 seconds [static dependencies only]. Details - ImportResultOutputID=b1f5e4e3c8972d4630691b43df2bbfd5 DependenciesID=1c2a5a75fdeca1a9ece56ca2cd130f73 StaticDependenciesID=d3721eb1044daf5752f2a6dc41e1fbad 
Importing 'GUID: c7a8b0317f4e68556d7509828e9e211e - Path: Packages/com.unity.modules.xr/package.ModuleCompilationTrigger' with importer (DefaultImporter)
Imported 'GUID: c7a8b0317f4e68556d7509828e9e211e' -> (Import Result ID: 'e6bc977ec43908b8c483480c50ba709b') in 0.001 seconds [static dependencies only]. Details - ImportResultOutputID=3c34469eeb3b36ac519079aacda65087 DependenciesID=d798ecfd2d3e606ae271c325f8d3f9d8 StaticDependenciesID=e7f1a4af7c34a1d23cbcb270e74c5222 
Importing 'GUID: 082fbee38a82835433261a5e9c00e267 - Path: Packages/com.unity.modules.cloth/package.ModuleCompilationTrigger' with importer (DefaultImporter)
Imported 'GUID: 082fbee38a82835433261a5e9c00e267' -> (Import Result ID: '054de114cf7b1ddb2123ab78864bfa32') in 0.001 seconds [static dependencies only]. Details - ImportResultOutputID=9be4c5c78bb42c0f666e2a3f388dc295 DependenciesID=9832c12933ccfc77258802dcb0e3f72b StaticDependenciesID=ef90c48130220f5be7a14d844c91ba67 
Importing 'GUID: c82e859b16636ddd2ca4a1f63fd34938 - Path: Packages/com.unity.modules.androidjni/package.ModuleCompilationTrigger' with importer (DefaultImporter)
Imported 'GUID: c82e859b16636ddd2ca4a1f63fd34938' -> (Import Result ID: 'ff8c030b16c1cc7102200c9ad9435e1d') in 0.001 seconds [static dependencies only]. Details - ImportResultOutputID=55f36a6ec0ad2395ab65ece168bae855 DependenciesID=d43e9c36192ead1f86158e7e35972b1d StaticDependenciesID=5262811eb11f19499d820f4d7138ccaa 
Importing 'GUID: c88e90bad18cceb5d182d0c805883056 - Path: Packages/com.unity.modules.director/package.ModuleCompilationTrigger' with importer (DefaultImporter)
Imported 'GUID: c88e90bad18cceb5d182d0c805883056' -> (Import Result ID: 'df5c6bef6720749769e0f29a7b968a5d') in 0.001 seconds [static dependencies only]. Details - ImportResultOutputID=990ca6c83905e57d0ad7cd210f7cd2f4 DependenciesID=b85bfdded66e51812773514932e1aca5 StaticDependenciesID=af76e0aacb3cf0fe693097321b8bc037 
Importing 'GUID: 1af35a910338381f753e8a985eb5daab - Path: Packages/com.unity.modules.adaptiveperformance/package.ModuleCompilationTrigger' with importer (DefaultImporter)
Imported 'GUID: 1af35a910338381f753e8a985eb5daab' -> (Import Result ID: 'fc49569651cc7b30f65743e4c018033a') in 0.001 seconds [static dependencies only]. Details - ImportResultOutputID=38b55a11ad75d8d562e364a238f3edd6 DependenciesID=31de37ff8b9a96f332a1fe4c4b17e97a StaticDependenciesID=b97217f7ec03d510a9073c02c264b8d7 
Importing 'GUID: 2adec19fac7df68adf1fd6eb83197bb1 - Path: Packages/com.unity.modules.wind/package.ModuleCompilationTrigger' with importer (DefaultImporter)
Imported 'GUID: 2adec19fac7df68adf1fd6eb83197bb1' -> (Import Result ID: '6f5329e3c0cac076202f7a8638885e2a') in 0.001 seconds [static dependencies only]. Details - ImportResultOutputID=7f18c13849c24c83cffeb627f22214a1 DependenciesID=0282cb2b50e52649b51b1218e25d341f StaticDependenciesID=eacd0b75a9f702da0584600b1d54bde7 
Importing 'GUID: 8a752aaaadd2410dd9a84e01c1bace9f - Path: Packages/com.unity.modules.uielements/package.ModuleCompilationTrigger' with importer (DefaultImporter)
Imported 'GUID: 8a752aaaadd2410dd9a84e01c1bace9f' -> (Import Result ID: 'dc6f24ef124e8a1d93aeb4a49c9f2f2f') in 0.001 seconds [static dependencies only]. Details - ImportResultOutputID=058332d648d7f8084d1da6808467f61f DependenciesID=2d44fed7f892601fa61b2fed977658e7 StaticDependenciesID=ebedc7cdf67042358e558fc7d3cb11d5 
Importing 'GUID: 1b6246f2248883964991eac9e9b4817c - Path: Packages/com.unity.modules.umbra/package.ModuleCompilationTrigger' with importer (DefaultImporter)
Imported 'GUID: 1b6246f2248883964991eac9e9b4817c' -> (Import Result ID: 'e584efd2346a6fcd345a9419a0e8a578') in 0.001 seconds [static dependencies only]. Details - ImportResultOutputID=b67f1a35dabb3a69e999ed6262ee3706 DependenciesID=acae37db5af4c558d67e981e08dc71f4 StaticDependenciesID=4c307308065751d30c0501355fc00317 
Importing 'GUID: 4bf139fc5e9d9240edc107e25d67d398 - Path: Packages/com.unity.modules.tetgen/package.ModuleCompilationTrigger' with importer (DefaultImporter)
Imported 'GUID: 4bf139fc5e9d9240edc107e25d67d398' -> (Import Result ID: '32c0a5c247b7d4630e34dc8a23b68bbe') in 0.001 seconds [static dependencies only]. Details - ImportResultOutputID=65cbec6ab1d9e8bebe15b1d11261c757 DependenciesID=f8e401a0bd87c3dc127a91c1ab3cd02f StaticDependenciesID=bcf844a6408d7a7017ee86bb65031aa6 
Importing 'GUID: cbb1a39d56ce4d9ac1a46ac505893fa7 - Path: Packages/com.unity.modules.terrainphysics/package.ModuleCompilationTrigger' with importer (DefaultImporter)
Imported 'GUID: cbb1a39d56ce4d9ac1a46ac505893fa7' -> (Import Result ID: '0015779f9cd014ade85ffd7046bb2285') in 0.001 seconds [static dependencies only]. Details - ImportResultOutputID=55421b023a735b0064eb2b4eb850448a DependenciesID=f66c66036bb2a04dc531dade5a20af10 StaticDependenciesID=9281758ea84e1fefc5eeb8796f201f8d 
Importing 'GUID: db8e609a39b9b231fccc54e5fa4cbd1b - Path: Packages/com.unity.modules.animation/package.ModuleCompilationTrigger' with importer (DefaultImporter)
Imported 'GUID: db8e609a39b9b231fccc54e5fa4cbd1b' -> (Import Result ID: '64bdd471f684b7215418c8ebb98646e6') in 0.001 seconds [static dependencies only]. Details - ImportResultOutputID=bd54157e641a087b027334797ac1bb4e DependenciesID=63ee899a18461a3d707a245c13219acd StaticDependenciesID=45113d4b06d87e4212ca0fd971c6f675 
Importing 'GUID: 3cc1ebf2abb7fef6871ad48f499b6e21 - Path: Packages/com.unity.modules.vectorgraphics/package.ModuleCompilationTrigger' with importer (DefaultImporter)
Imported 'GUID: 3cc1ebf2abb7fef6871ad48f499b6e21' -> (Import Result ID: '691e04633c45bc3a459c56548c37507c') in 0.001 seconds [static dependencies only]. Details - ImportResultOutputID=f888f024258c75377d48b95d8eccd14d DependenciesID=8afc27de05790c97bc976e3bb8e1a82d StaticDependenciesID=27d17b554dfb7e9c29707348538cb25c 
Importing 'GUID: 5c1ee4056d0ac7ad3c5a16597fcaa38a - Path: Packages/com.unity.modules.physics/package.ModuleCompilationTrigger' with importer (DefaultImporter)
Imported 'GUID: 5c1ee4056d0ac7ad3c5a16597fcaa38a' -> (Import Result ID: '0f78740e1b0faf652d13359c837630fa') in 0.001 seconds [static dependencies only]. Details - ImportResultOutputID=0711ed6008a670c121290dcbcce4e191 DependenciesID=1deaa0db5f99f0028b0739739357e86b StaticDependenciesID=93b97e97dbe87d17a699457ed0c8bfdb 
Importing 'GUID: 8d4bc6bfa28760b29f13174d6b6ea710 - Path: Packages/com.unity.modules.subsystems/package.ModuleCompilationTrigger' with importer (DefaultImporter)
Imported 'GUID: 8d4bc6bfa28760b29f13174d6b6ea710' -> (Import Result ID: '5ba628f7dd061e6c6125f1d10a64f3cc') in 0.001 seconds [static dependencies only]. Details - ImportResultOutputID=506707270f0b52336d3dc2706a7b00f3 DependenciesID=b542271c0169491e5e8c11b6ca61744b StaticDependenciesID=f8416302fe8f15d94abef2ac59f5532a 
Importing 'GUID: cd561f5f687aed43bf280c27a84f79e3 - Path: Packages/com.unity.modules.screencapture/package.ModuleCompilationTrigger' with importer (DefaultImporter)
Imported 'GUID: cd561f5f687aed43bf280c27a84f79e3' -> (Import Result ID: '44b7856086d9635bc03bb42d4968c411') in 0.001 seconds [static dependencies only]. Details - ImportResultOutputID=c0a8303c6754efb32cd09ffd146f4f49 DependenciesID=c0c206a2785c8acb2042240a2f88798b StaticDependenciesID=ffe48f33e27a5f63f50b47fe4620e5e4 
Importing 'GUID: ae87256f29d9c8b50490f4caf75b2c41 - Path: Packages/com.unity.modules.unitywebrequestwww/package.ModuleCompilationTrigger' with importer (DefaultImporter)
Imported 'GUID: ae87256f29d9c8b50490f4caf75b2c41' -> (Import Result ID: '04c5ca5b57cafa76228e9ce9042e8863') in 0.001 seconds [static dependencies only]. Details - ImportResultOutputID=e6bac705e462011a5c14df84abae17b9 DependenciesID=313bca068a82967cd7169028c09e9c78 StaticDependenciesID=794bf6e576894272110ccdcb72c79620 
Importing 'GUID: be13c398521e3c1ad21fb9da30ab2ab6 - Path: Packages/com.unity.modules.imgui/package.ModuleCompilationTrigger' with importer (DefaultImporter)
Imported 'GUID: be13c398521e3c1ad21fb9da30ab2ab6' -> (Import Result ID: 'f88617f8755f3cc7c522b80bad4b2bff') in 0.001 seconds [static dependencies only]. Details - ImportResultOutputID=bbfcda24188a78ea8f934cd6f1d77d47 DependenciesID=1676049d7bfc560c2876453352831559 StaticDependenciesID=1484f2e44d4504480cf87fd155816ecc 
Importing 'GUID: fe6a6957b37b61417b457a1e0541791d - Path: Packages/com.unity.modules.physics2d/package.ModuleCompilationTrigger' with importer (DefaultImporter)
Imported 'GUID: fe6a6957b37b61417b457a1e0541791d' -> (Import Result ID: '277c9d9c9443fa4d20de51563b0d83a5') in 0.001 seconds [static dependencies only]. Details - ImportResultOutputID=0029339c38fd9ee58145f1e3cabdd15e DependenciesID=adeb826391ab9c6ccdea71424fa76aa4 StaticDependenciesID=a2616f4ea2d94c01ce1fa3af66244439 
[Licensing::Client] Successfully resolved entitlement details
Native extension for UWP target not found
Native extension for WindowsStandalone target not found
ScheduleIndexationOnStartup MainProcess:True IndexOnStartup:True
Scripting: successfully reloaded assembly
- Finished resetting the current domain, in  1.455 seconds
Domain Reload Profiling: 5357ms
	BeginReloadAssembly (1973ms)
		ExecutionOrderSort (31ms)
		DisableScriptedObjects (489ms)
		CreateAndSetChildDomain (537ms)
	RebuildCommonClasses (81ms)
	RebuildNativeTypeToScriptingClass (69ms)
	initialDomainReloadingComplete (199ms)
	LoadAllAssembliesAndSetupDomain (1578ms)
		LoadAssemblies (1567ms)
		TypeCache.Refresh (69ms)
			TypeCache.ScanAssembly (12ms)
		AnalyzeDomain (34ms)
			BuildScriptInfoCaches (20ms)
			ResolveRequiredComponents (12ms)
	FinalizeReload (1457ms)
		SetupLoadedEditorAssemblies (0ms)
			LogAssemblyErrors (3ms)
			InitializePlatformSupportModulesInManaged (22ms)
			BeforeProcessingInitializeOnLoad (273ms)
			ProcessInitializeOnLoadAttributes (456ms)
			ProcessInitializeOnLoadMethodAttributes (207ms)
			AfterProcessingInitializeOnLoad (5ms)
		AwakeInstancesAfterBackupRestoration (102ms)
Starting new worker id: 0 with log in D:/gioco per ari/Unity_Fork/LastSeen426/LastSeen426_Real/Logs/AssetImportWorkerHW0.log
Importing 'GUID: 00000000000000005000000000000000 - Path: Library/BuildPlayer.prefs' with importer (DefaultImporter)
Imported 'GUID: 00000000000000005000000000000000' -> (Import Result ID: 'e7fde0b61ad1bb905306708466de98ff') in 0.211 seconds [static dependencies only]. Details - ImportResultOutputID=5acc0d65895b3924819acc0f7e0e29d2 DependenciesID=59ca58ea3aedb06da41e45fbc07180ca StaticDependenciesID=37539b702cdc10d1395751c96f99732e 
Importing 'GUID: 585c3fb85b32bd64e8814074e754163e - Path: Packages/com.unity.ide.visualstudio/Editor/VSWhere/vswhere.exe' with importer (DefaultImporter)
Imported 'GUID: 585c3fb85b32bd64e8814074e754163e' -> (Import Result ID: '701e5b472d57295940ce3e5e00167b53') in 0.008 seconds [static dependencies only]. Details - ImportResultOutputID=fd84ef82b906939aad1911d355b2029d DependenciesID=a9c3f6abe0e86ff7a75e134f5648d5a7 StaticDependenciesID=41bf4a9549fbc4054f90b893523d36b2 
Importing 'GUID: cb67edc1800c2ec4ba8dfb1cf0dfc84a - Path: Packages/com.unity.ide.visualstudio/Editor/COMIntegration/Release/COMIntegration.exe' with importer (DefaultImporter)
Imported 'GUID: cb67edc1800c2ec4ba8dfb1cf0dfc84a' -> (Import Result ID: '90829e31db53b07a994dc2fadb541224') in 0.002 seconds [static dependencies only]. Details - ImportResultOutputID=b9c287c27e0f1bb4e3c7a5e560e89af8 DependenciesID=b092e555a70bb69d0dae40a46a793207 StaticDependenciesID=06d3555c8fa1daca7c820cb967bf7888 
Importing 'GUID: 30b312a167534621b316172253b08723 - Path: Packages/com.unity.modules.subsystems/package.json' with importer (PackageManifestImporter)
Imported 'GUID: 30b312a167534621b316172253b08723' -> (Import Result ID: '91cadbda1f4551ba4ae374b5d4ebbb95') in 0.004 seconds [static dependencies only]. Details - ImportResultOutputID=f12373219448441b0341099e7af5eb41 DependenciesID=c3a1a64a1ed707356763ac5780bfff54 StaticDependenciesID=b0c5384f3a63b37ff1cc33155b308e39 
Importing 'GUID: 40bf3cec17fa0b49fe04443c8332d638 - Path: Packages/com.unity.modules.jsonserialize/package.json' with importer (PackageManifestImporter)
Imported 'GUID: 40bf3cec17fa0b49fe04443c8332d638' -> (Import Result ID: '062926dc2f811d5fa649e1a6cf35b2be') in 0.003 seconds [static dependencies only]. Details - ImportResultOutputID=d715bb69eb97158ae78ee98bcdc249c8 DependenciesID=4e6f9b5b81636b56298af5228107b3cb StaticDependenciesID=0fc633a2d442bf1460b6d27ccd581959 
Importing 'GUID: 6022bdd5b2896a54f94123b812705321 - Path: Packages/com.unity.ide.visualstudio/CHANGELOG.md' with importer (TextScriptImporter)
Imported 'GUID: 6022bdd5b2896a54f94123b812705321' -> (Import Result ID: 'ef287330416445f6e6232585ee0948a3') in 1.237 seconds [static dependencies only]. Details - ImportResultOutputID=c0e58df697d8d3aed0a3958a0ae37c00 DependenciesID=5dae0207f906ef7c56008bf3abe2c0ab StaticDependenciesID=3bc5f93312d6c771c47ec3111a32a56e 
Importing 'GUID: 80beef77cb19e713c7c2d481b65ed485 - Path: Packages/com.unity.modules.screencapture/package.json' with importer (PackageManifestImporter)
Imported 'GUID: 80beef77cb19e713c7c2d481b65ed485' -> (Import Result ID: '43371bca79999413678980d6fc470d9b') in 0.001 seconds [static dependencies only]. Details - ImportResultOutputID=b4ffc84b5928a9d8fa48bb1ab9ca0965 DependenciesID=c066d8070b2f6fb0d766951c3eb71b2b StaticDependenciesID=39cc6ec39bb1615df8637c27727a4672 
Importing 'GUID: 906c12bc9cd95d3963c6d58f62522c78 - Path: Packages/com.unity.modules.cloth/package.json' with importer (PackageManifestImporter)
Imported 'GUID: 906c12bc9cd95d3963c6d58f62522c78' -> (Import Result ID: '20459150db32dbf40baebe3351f8536a') in 0.001 seconds [static dependencies only]. Details - ImportResultOutputID=40599719a159f2424dc6caf7e57b374b DependenciesID=fa4d36e58cf5cfff9338af3c71e3bcd4 StaticDependenciesID=0cc8c8dd8d90fcd1bb3a740f254ee7cb 
Importing 'GUID: d0e3ad91972c66f5238f5b9b7d5ae58a - Path: Packages/com.unity.modules.unitywebrequesttexture/package.json' with importer (PackageManifestImporter)
Imported 'GUID: d0e3ad91972c66f5238f5b9b7d5ae58a' -> (Import Result ID: '29c257d3f95ab1385a113e0721079503') in 0.001 seconds [static dependencies only]. Details - ImportResultOutputID=f9819a2814b9d346b95c32cadc86b95f DependenciesID=519cc091285c3f57de53fce00a91dff1 StaticDependenciesID=de4675f32f28c25d668fe6a485729132 
Importing 'GUID: f0f13f2ab3d6d13cfc6e4656824bfca8 - Path: Packages/com.unity.modules.ai/package.json' with importer (PackageManifestImporter)
Imported 'GUID: f0f13f2ab3d6d13cfc6e4656824bfca8' -> (Import Result ID: 'e8ffbb81041722dd8a51842cf8aa5b1a') in 0.002 seconds [static dependencies only]. Details - ImportResultOutputID=6c1e1e68cc352ca0c8f4fa95c3c80fe9 DependenciesID=0836e57675788e3b5d3d53f00dfdf241 StaticDependenciesID=ef62caa18b85eae761e5b71f9a8f42c6 
Importing 'GUID: 8143d3a8390f2c64685e3bc272bd9e90 - Path: Packages/com.unity.ext.nunit/package.json' with importer (PackageManifestImporter)
Imported 'GUID: 8143d3a8390f2c64685e3bc272bd9e90' -> (Import Result ID: '348e755bcd88ed4be531481a0e37aaa3') in 0.003 seconds [static dependencies only]. Details - ImportResultOutputID=47b4f14681140d9bb1e09b9c9db18de3 DependenciesID=2695f3a8acff006aa04eff3e4dc77303 StaticDependenciesID=cf644d6770398a85ed11d59f3fc82bcf 
Importing 'GUID: e1ef8466c8fd01a549f10baa4d51fa17 - Path: Packages/com.unity.modules.assetbundle/package.json' with importer (PackageManifestImporter)
Imported 'GUID: e1ef8466c8fd01a549f10baa4d51fa17' -> (Import Result ID: '748132f011a260c8df556b8cee535e4c') in 0.001 seconds [static dependencies only]. Details - ImportResultOutputID=cfe9da6d42ce96a22193f1d8b2af86ad DependenciesID=16c55702c0aaaab1de43bc36cec08d92 StaticDependenciesID=7a1bc9322701c6205e280c430adfb524 
Importing 'GUID: 42fe78c8fe682715a2cb531422e6ccb3 - Path: Packages/com.unity.modules.imgui/package.json' with importer (PackageManifestImporter)
Imported 'GUID: 42fe78c8fe682715a2cb531422e6ccb3' -> (Import Result ID: '38d3bb719d37ec99f8a9f6c14d39c414') in 0.001 seconds [static dependencies only]. Details - ImportResultOutputID=a5346159d22bce0395fd3c3cfff1d1a1 DependenciesID=bb3e0f71c194a791f04bcb82e59b0e77 StaticDependenciesID=fcba81c59960cbb5fd08016f128ba1a0 
Importing 'GUID: 92a378669877c05c6071d0fed687bb95 - Path: Packages/com.unity.modules.tilemap/package.json' with importer (PackageManifestImporter)
Imported 'GUID: 92a378669877c05c6071d0fed687bb95' -> (Import Result ID: '08175b43d19d068c3d070bec5e4db444') in 0.001 seconds [static dependencies only]. Details - ImportResultOutputID=23dd1249d007cf65d61b546a4fe02828 DependenciesID=d50bdc650850cd95506663c9d7227b68 StaticDependenciesID=7ba57acf13f14af7fe4f557b15547504 
Importing 'GUID: 43674d438e19b89d7fe6af07234f3252 - Path: Packages/com.unity.modules.accessibility/package.json' with importer (PackageManifestImporter)
Imported 'GUID: 43674d438e19b89d7fe6af07234f3252' -> (Import Result ID: 'f8c87b4fbc6298e300bc3ef00722b65a') in 0.001 seconds [static dependencies only]. Details - ImportResultOutputID=09acbb368a6bac60c9ab3566ee7106ae DependenciesID=921d601850da1ec9b05f1f468436ab0e StaticDependenciesID=c19d0189e83c9cd3e5aa4d1c325afb07 
Importing 'GUID: 939b89fc6b924ea2e821fc1be1b09f56 - Path: Packages/com.unity.modules.tetgen/package.json' with importer (PackageManifestImporter)
Imported 'GUID: 939b89fc6b924ea2e821fc1be1b09f56' -> (Import Result ID: '11768157ac485b2639961b8822c46966') in 0.001 seconds [static dependencies only]. Details - ImportResultOutputID=29fa5e06454fd7d4a3de4ebaad1b9fb3 DependenciesID=c1b4948256745152fc2049e828600095 StaticDependenciesID=85fe6b83da180efd3b8a71f4f73ea1d2 
Importing 'GUID: a3f71b076c36a204a864f8c44142b3a9 - Path: Packages/com.unity.ide.visualstudio/ValidationConfig.json' with importer (TextScriptImporter)
Imported 'GUID: a3f71b076c36a204a864f8c44142b3a9' -> (Import Result ID: '6bc194c0e5cf2c0ea377129ee0200221') in 0.002 seconds [static dependencies only]. Details - ImportResultOutputID=cff9390ab0252068bea3e095f4d8ef8d DependenciesID=9d8b025ffb710ac31101c22b75c904b3 StaticDependenciesID=cb892ee866859957be28e6dcd81741fb 
Importing 'GUID: d3cbe921f7b3d9a3257e7c61a5761796 - Path: Packages/com.unity.modules.terrainphysics/package.json' with importer (PackageManifestImporter)
Imported 'GUID: d3cbe921f7b3d9a3257e7c61a5761796' -> (Import Result ID: 'c6962603b20062c5a3d8cbe46638f06b') in 0.001 seconds [static dependencies only]. Details - ImportResultOutputID=dd1e3adb7083a3027e8e76a0f466a653 DependenciesID=6517e97cccb0ebb2f51518d264d97ccd StaticDependenciesID=89337a2390f409565d8be9f960167083 
Importing 'GUID: 2479a4656ed89570ebd1de1fdda3dae5 - Path: Packages/com.unity.modules.timelinefoundation/package.json' with importer (PackageManifestImporter)
Imported 'GUID: 2479a4656ed89570ebd1de1fdda3dae5' -> (Import Result ID: '0302208327ef60b38a6c6ef73efb8e67') in 0.002 seconds [static dependencies only]. Details - ImportResultOutputID=46a2b4bb43d4824a41d6c5129c0be0e9 DependenciesID=da2ed76247ab9d845fc0bddff5663209 StaticDependenciesID=89e750f67239ef258d2e24cbb0e9b393 
Importing 'GUID: f49bbe06ffa5ae24abe32abdab430c24 - Path: Packages/com.unity.ext.nunit/CHANGELOG.md' with importer (TextScriptImporter)
Imported 'GUID: f49bbe06ffa5ae24abe32abdab430c24' -> (Import Result ID: 'cd4dff66c699a226bf55f5e7c0a1f4b0') in 0.005 seconds [static dependencies only]. Details - ImportResultOutputID=01168eb68a0f3be6f532fd87433b1d0d DependenciesID=410372227720ae096651114bf4c0a19e StaticDependenciesID=afa1787e8d8c28cb672470fcab17a9b6 
Importing 'GUID: 05f7f519769978b79b31d063a7fc6fa1 - Path: Packages/com.unity.modules.unitywebrequestassetbundle/package.json' with importer (PackageManifestImporter)
Imported 'GUID: 05f7f519769978b79b31d063a7fc6fa1' -> (Import Result ID: '4e7f058c964e1e63e1c953b992af019b') in 0.001 seconds [static dependencies only]. Details - ImportResultOutputID=bc2c97e74faeca88ac7413fb1ab6bdad DependenciesID=4922d3f5480f1c735012b971dc672e06 StaticDependenciesID=d86e0c2d1b53ce6b8f92e493f4765894 
Importing 'GUID: 5598b14661b5f4c43bed757f34b6d172 - Path: Packages/com.unity.ide.rider/LICENSE.md' with importer (TextScriptImporter)
Imported 'GUID: 5598b14661b5f4c43bed757f34b6d172' -> (Import Result ID: 'edf5f386fa5935ba76146f2e667a75ce') in 0.036 seconds [static dependencies only]. Details - ImportResultOutputID=327a019b016b061199b139089c9f7588 DependenciesID=26e7eae126c0167609ad958f04cf5999 StaticDependenciesID=9b3fb3b79c2968dbd1c57f75c7eec358 
Importing 'GUID: 656f74f6edaa396458412b9e3903d8cd - Path: Packages/com.unity.ide.visualstudio/package.json' with importer (PackageManifestImporter)
Imported 'GUID: 656f74f6edaa396458412b9e3903d8cd' -> (Import Result ID: '026fbff18d6d8ccd2105aaf4207fab86') in 0.001 seconds [static dependencies only]. Details - ImportResultOutputID=c6c234ec4788ad4daafb8100490de712 DependenciesID=e856ee9d89f09216e15ef763c814698e StaticDependenciesID=d58099b9ef64c5201453a22746692171 
Importing 'GUID: 953fab16d15d5885b3600fcd6388b2ad - Path: Packages/com.unity.modules.imageconversion/package.json' with importer (PackageManifestImporter)
Imported 'GUID: 953fab16d15d5885b3600fcd6388b2ad' -> (Import Result ID: 'f429bdfb79f913ce8c501a82d8358497') in 0.001 seconds [static dependencies only]. Details - ImportResultOutputID=0e4995c3f3dd5769464d8a543795eb59 DependenciesID=65c452b17df9a2ed2f86b3ad31f5fd59 StaticDependenciesID=3a87574dc1bf2139ab2e833c570d41ac 
Importing 'GUID: b5930dbc378b45d406aeb881f06b6dfa - Path: Packages/com.unity.modules.physicscore2d/package.json' with importer (PackageManifestImporter)
Imported 'GUID: b5930dbc378b45d406aeb881f06b6dfa' -> (Import Result ID: '2a94add01761f8fc65c922a501319370') in 0.001 seconds [static dependencies only]. Details - ImportResultOutputID=af44914a33c884dc4608f0447aad1ab8 DependenciesID=bbce0d58c26795613a52965175925ea9 StaticDependenciesID=920f07d595124003c9dbccbb35574a76 
Importing 'GUID: 26a4f29db434fd79025c91f6126382cc - Path: Packages/com.unity.modules.unityanalytics/package.json' with importer (PackageManifestImporter)
Imported 'GUID: 26a4f29db434fd79025c91f6126382cc' -> (Import Result ID: '1f638ec50865121ee10f404e14c75ab5') in 0.006 seconds [static dependencies only]. Details - ImportResultOutputID=d24cdca416056c3767c03f6739fd11b9 DependenciesID=8bdea4c5466816daf6e8103cf30828da StaticDependenciesID=4ebdb3799ab953706fae87a220b5817b 
Importing 'GUID: 66c95bb3c74257f41bae2622511dc02d - Path: Packages/com.unity.ide.rider/package.json' with importer (PackageManifestImporter)
Imported 'GUID: 66c95bb3c74257f41bae2622511dc02d' -> (Import Result ID: '2d48b3247060e80247497281f12a74d8') in 0.001 seconds [static dependencies only]. Details - ImportResultOutputID=f89ff0383dd1cd9973d5836fc09a4be8 DependenciesID=71ba70c35d6bc9f6ffbb1a3f64b3d602 StaticDependenciesID=af2497d9d1327f4cf331ec0b6078f68f 
Importing 'GUID: 8645aa9c3c74fb34ba9499e14fb332b5 - Path: Packages/com.unity.ide.rider/CHANGELOG.md' with importer (TextScriptImporter)
Imported 'GUID: 8645aa9c3c74fb34ba9499e14fb332b5' -> (Import Result ID: 'ca2f202aafa234975268fc06aed9535b') in 0.014 seconds [static dependencies only]. Details - ImportResultOutputID=dd3c231205f1535e4e5415aae999a968 DependenciesID=11a9b17e0d5c1acc8c70bad97de3a745 StaticDependenciesID=58ddf74d8480a0ce5936b8187118a61f 
Importing 'GUID: 96d14b71b907bb52333b2886e665aba6 - Path: Packages/com.unity.modules.video/package.json' with importer (PackageManifestImporter)
Imported 'GUID: 96d14b71b907bb52333b2886e665aba6' -> (Import Result ID: '6b4f50a4e00b550b15fbd8f3ac5e84b5') in 0.001 seconds [static dependencies only]. Details - ImportResultOutputID=0a5bae1cac69280d6b37914850384cc6 DependenciesID=77125f870918faa373ab6ef5167113de StaticDependenciesID=68f521bd5c1f61d426b3051a918c6b9e 
Importing 'GUID: b6029123aa4ab4e0481a4b3ad8a15af9 - Path: Packages/com.unity.ide.rider/ValidationExceptions.json' with importer (TextScriptImporter)
Imported 'GUID: b6029123aa4ab4e0481a4b3ad8a15af9' -> (Import Result ID: 'bae1c1b0434e288081f0fd8719c30c3d') in 0.001 seconds [static dependencies only]. Details - ImportResultOutputID=6f52e86b1f5116132a8a30131b940fa4 DependenciesID=6a83c3389cff2b6a1a377c08c7d8e8ac StaticDependenciesID=699685fe34e51757b946cd0401fbce0a 
Importing 'GUID: d691174143fd3774ba63d7c493633b99 - Path: Packages/com.unity.test-framework/CHANGELOG.md' with importer (TextScriptImporter)
Imported 'GUID: d691174143fd3774ba63d7c493633b99' -> (Import Result ID: 'c3fca394a9cc09d5d88d3d5a76ec5eb4') in 0.008 seconds [static dependencies only]. Details - ImportResultOutputID=574d6ecf949752cdaa9f864cbd026df1 DependenciesID=3ebce2b7a7e20f8a29d788af81daa402 StaticDependenciesID=3db3ee678f4ead70f7573c01750b7294 
Importing 'GUID: d6a2e6e4803de7b43baacdc355fc144d - Path: Packages/com.unity.test-framework/package.json' with importer (PackageManifestImporter)
Imported 'GUID: d6a2e6e4803de7b43baacdc355fc144d' -> (Import Result ID: '4b899eafef6618b34266f7fa52222bf0') in 0.004 seconds [static dependencies only]. Details - ImportResultOutputID=8016505d6f82683b7a680276e2efcb9a DependenciesID=0ec88bb72c4f9ee5507e3a35aa7adfc4 StaticDependenciesID=40dee2580fdace20e4fd62895bc53e8f 
Importing 'GUID: 87d720faa37005c08600090e04d8c739 - Path: Packages/com.unity.modules.particlesystem/package.json' with importer (PackageManifestImporter)
Imported 'GUID: 87d720faa37005c08600090e04d8c739' -> (Import Result ID: '15ba545013c55640b4ce8e0d94e20d46') in 0.002 seconds [static dependencies only]. Details - ImportResultOutputID=af5c3885a5831dbe4c34a3756290e84a DependenciesID=bbdc17fc46e2a3d1111a4d4e4153fb2a StaticDependenciesID=06de8909aa29b12b2795f90e8aee05d2 
Importing 'GUID: f7a8357347c80dc69c08d0b1a05e2122 - Path: Packages/com.unity.modules.physics2d/package.json' with importer (PackageManifestImporter)
Imported 'GUID: f7a8357347c80dc69c08d0b1a05e2122' -> (Import Result ID: '8e18bbb66b2b3d8f7842ee3a260e5e45') in 0.001 seconds [static dependencies only]. Details - ImportResultOutputID=ffdd5cf71990097dc8e67f888e336b27 DependenciesID=68187d32eb6aebb86cb290844636b6d9 StaticDependenciesID=f56b4961831f9b23bfaa0e5ff6985f7e 
Importing 'GUID: 78e5667e52329c3ceef41288763404ae - Path: Packages/com.unity.modules.vectorgraphics/package.json' with importer (PackageManifestImporter)
Imported 'GUID: 78e5667e52329c3ceef41288763404ae' -> (Import Result ID: '09f01d89e95ac1113032cda9f5947657') in 0.001 seconds [static dependencies only]. Details - ImportResultOutputID=ef5e6b3fee8048647d8f25b6cde53588 DependenciesID=cc5ecf416d7daecaadaacc0456f35c38 StaticDependenciesID=084b183a4b093193949ce92dec6e1dc4 
Importing 'GUID: 7809f42f64c877f4b90ac233e5ec2372 - Path: Packages/com.unity.ide.visualstudio/ThirdPartyNotices.md' with importer (TextScriptImporter)
Imported 'GUID: 7809f42f64c877f4b90ac233e5ec2372' -> (Import Result ID: 'a28aa1402ac8e637190ddf8440cc5e87') in 0.015 seconds [static dependencies only]. Details - ImportResultOutputID=f154d8c91844fe25266ca0011028e787 DependenciesID=5c2ffb1af8d1a639e99b218df7f42831 StaticDependenciesID=43742991ad5fb88fc39b2047e4b47ea1 
Importing 'GUID: 788fbcfc0abc6c54b9504cfee3176c22 - Path: Packages/com.unity.ide.visualstudio/ValidationExceptions.json' with importer (TextScriptImporter)
Imported 'GUID: 788fbcfc0abc6c54b9504cfee3176c22' -> (Import Result ID: '81135997c364631328a054147938fac8') in 0.014 seconds [static dependencies only]. Details - ImportResultOutputID=99c9b320b2a231cc13cad939eaabe428 DependenciesID=6dad5110de8a6794f881a3e6a17a8b63 StaticDependenciesID=9764ead717ca00dc09d6f901b9296d05 
Importing 'GUID: b83f06ac0c0696e9563230865ca72b81 - Path: Packages/com.unity.modules.wind/package.json' with importer (PackageManifestImporter)
Imported 'GUID: b83f06ac0c0696e9563230865ca72b81' -> (Import Result ID: '9dc79958c73e3a55e2560d2ec74ff90d') in 0.001 seconds [static dependencies only]. Details - ImportResultOutputID=86a5be3d0a8a6444c0847994148a04c5 DependenciesID=95d8fc5d2bbd997a55ecfbddefb96c80 StaticDependenciesID=66cc94a4346663330b5c6298f2e148dc 
Importing 'GUID: d85e5eeaf8f135aeaaebdc8aa3cff6c3 - Path: Packages/com.unity.modules.umbra/package.json' with importer (PackageManifestImporter)
Imported 'GUID: d85e5eeaf8f135aeaaebdc8aa3cff6c3' -> (Import Result ID: 'ee2615399b279152b0335e685f9e4f21') in 0.001 seconds [static dependencies only]. Details - ImportResultOutputID=6667220eaf37b9411d76bda967a29351 DependenciesID=bb715ffc975102cf4a247ccc967a7412 StaticDependenciesID=eb37a685219cb5aef5fbd5df60eae697 
Importing 'GUID: e9df95f53f1c1d0c9199e235d6c42b50 - Path: Packages/com.unity.modules.audio/package.json' with importer (PackageManifestImporter)
Imported 'GUID: e9df95f53f1c1d0c9199e235d6c42b50' -> (Import Result ID: '3da0abae5321bad105734fca4c4bca28') in 0.001 seconds [static dependencies only]. Details - ImportResultOutputID=9e7a8ca17c9ada176ee8f9feaacb145a DependenciesID=b61383e346dbc8a029c6c7d93da0c63e StaticDependenciesID=a6ba264de710eb848c1def723963e3cc 
Importing 'GUID: f91a00d2dca52b843b2d50ccf750737d - Path: Packages/com.unity.ext.nunit/LICENSE.md' with importer (TextScriptImporter)
Imported 'GUID: f91a00d2dca52b843b2d50ccf750737d' -> (Import Result ID: '4a79da6677dd67cc5d5f747357bc40de') in 0.001 seconds [static dependencies only]. Details - ImportResultOutputID=d854dc97e3ddfb1399f46d637df03eb9 DependenciesID=4a66b8c1e54c8eb3ce2459fec3d8a4ef StaticDependenciesID=4e9ac9040dec2c3da17f383824ffe8cc 
Importing 'GUID: 1a4266815e998967becf686f9c71f0a6 - Path: Packages/com.unity.modules.physics/package.json' with importer (PackageManifestImporter)
Imported 'GUID: 1a4266815e998967becf686f9c71f0a6' -> (Import Result ID: '7b29e9278b7ae7ab0bcead621cf46af3') in 0.001 seconds [static dependencies only]. Details - ImportResultOutputID=a2d6f3bfd9bb75782461acb9a5eb4f5a DependenciesID=bd4510c5c9c050edfefb2c84c95abf90 StaticDependenciesID=ff880c4980be6e10637516ee80719398 
Importing 'GUID: 6afb166a156df2d20433d981f4bb2832 - Path: Packages/com.unity.modules.vehicles/package.json' with importer (PackageManifestImporter)
Imported 'GUID: 6afb166a156df2d20433d981f4bb2832' -> (Import Result ID: '8b13c179e857afa8bd8b8fea88399ef0') in 0.001 seconds [static dependencies only]. Details - ImportResultOutputID=913c781524e2f88f1f61dedb313e4c06 DependenciesID=76d2c74133d94ef22145f285a1490df1 StaticDependenciesID=0ea68813f79d4edf8309ce9abbe27516 
Importing 'GUID: fa27413e9edb06a6058d6c894eca0338 - Path: Packages/com.unity.modules.unitywebrequestwww/package.json' with importer (PackageManifestImporter)
Imported 'GUID: fa27413e9edb06a6058d6c894eca0338' -> (Import Result ID: '9a74feef4dcfee670a5eb21bda97016d') in 0.001 seconds [static dependencies only]. Details - ImportResultOutputID=5205eed9bc215ff67b1f0174ef8ee9e2 DependenciesID=5bcd3dbd358387d2ec18d64b6a8aac49 StaticDependenciesID=63a1a8073e35af2c81c07d08e1454c22 
Importing 'GUID: 4b518b37798c97b0f860962cbf615533 - Path: Packages/com.unity.modules.unitywebrequestaudio/package.json' with importer (PackageManifestImporter)
Imported 'GUID: 4b518b37798c97b0f860962cbf615533' -> (Import Result ID: 'e725fec144678b00eb2da485abf6a653') in 0.001 seconds [static dependencies only]. Details - ImportResultOutputID=3ac3d29a7b2daa2a646425d6f9137196 DependenciesID=2e46841df581e962aa2293fc9a833445 StaticDependenciesID=593560aa1b7a7af813f7b98c268e79f8 
Importing 'GUID: 9b1a5759726ef9d39a0ab82047b615f1 - Path: Packages/com.unity.modules.hierarchycore/package.json' with importer (PackageManifestImporter)
Imported 'GUID: 9b1a5759726ef9d39a0ab82047b615f1' -> (Import Result ID: 'e2f2a4dc1806eafb567812fa13071323') in 0.007 seconds [static dependencies only]. Details - ImportResultOutputID=1dea4a637fffff459a716aab2b4544dc DependenciesID=d8bebc9a9b7a84bd405ce0fcce71b5c8 StaticDependenciesID=882b96a1432b49929b6e23cde2929d1c 
Importing 'GUID: 2c814623cb42764d304be0c5ddd03ceb - Path: Packages/com.unity.modules.xr/package.json' with importer (PackageManifestImporter)
Imported 'GUID: 2c814623cb42764d304be0c5ddd03ceb' -> (Import Result ID: '3da53f8cacc6be07556e579b152a3075') in 0.002 seconds [static dependencies only]. Details - ImportResultOutputID=1262664d19c2258369288d30beb2cdb6 DependenciesID=57697ae4248f807eca533f4fde7c490c StaticDependenciesID=50443b01181fb4ffad09dd60cbe10d44 
Importing 'GUID: 4c413a81cadcce7038e446e56570117e - Path: Packages/com.unity.modules.adaptiveperformance/package.json' with importer (PackageManifestImporter)
Imported 'GUID: 4c413a81cadcce7038e446e56570117e' -> (Import Result ID: '6bc9096e03b526a234bd93df8e40474d') in 0.002 seconds [static dependencies only]. Details - ImportResultOutputID=1f07c1ff1eeefc2532264b0ab169267a DependenciesID=2824091591b7cc56042c6ee0b731bf44 StaticDependenciesID=1a42c6fc11b3b4a5a41df228177a979d 
Importing 'GUID: ec02776fe29df900b897106d61977735 - Path: Packages/com.unity.modules.director/package.json' with importer (PackageManifestImporter)
Imported 'GUID: ec02776fe29df900b897106d61977735' -> (Import Result ID: '492a653eef361c2234f2ab95b5e32efa') in 0.001 seconds [static dependencies only]. Details - ImportResultOutputID=e6c46672aaf283c4f268e9bb004b543a DependenciesID=c278012f0e730bd8614bf4ae12d7f0cf StaticDependenciesID=e4ecc0992a31879a4dc5fafeaa443773 
Importing 'GUID: 5da62a0c1c5218c4aa16b74546a7822d - Path: Packages/com.unity.ext.nunit/README.md' with importer (TextScriptImporter)
Imported 'GUID: 5da62a0c1c5218c4aa16b74546a7822d' -> (Import Result ID: '592d9dd6a64470a9f8e825fd6229006b') in 0.001 seconds [static dependencies only]. Details - ImportResultOutputID=c8657eaa0cd2cb7909b75292d5c2cac7 DependenciesID=a0989442b53f21c8891136d7e7395d08 StaticDependenciesID=2412cf4b705c843d874bb0f8c90adae9 
Importing 'GUID: 6d56244f8c39a851975d3c0bd432c66f - Path: Packages/com.unity.modules.terrain/package.json' with importer (PackageManifestImporter)
Imported 'GUID: 6d56244f8c39a851975d3c0bd432c66f' -> (Import Result ID: 'acdf629200802dc846f4b01de6f3d421') in 0.001 seconds [static dependencies only]. Details - ImportResultOutputID=5e40d0b8d35162ad5eb9813bcce344e1 DependenciesID=0fdc6c03230f00196d66509291acf7a7 StaticDependenciesID=98ac750c63e45666278d0decee7f0873 
Importing 'GUID: bd1af0a6633ee94ae21c7d1d702cdc12 - Path: Packages/com.unity.modules.androidjni/package.json' with importer (PackageManifestImporter)
Imported 'GUID: bd1af0a6633ee94ae21c7d1d702cdc12' -> (Import Result ID: 'c66b3a289a73bbec2fda23e48bc08026') in 0.002 seconds [static dependencies only]. Details - ImportResultOutputID=7126a0377f515e9a6995b9946f69e957 DependenciesID=3460a296a7931240235c48d675c04d07 StaticDependenciesID=766670ff5734e879714b6e5bd1fc3fee 
Importing 'GUID: cd78ce5b75b8be84d8b94cd99903161f - Path: Packages/com.unity.ide.visualstudio/CONTRIBUTING.md' with importer (TextScriptImporter)
Imported 'GUID: cd78ce5b75b8be84d8b94cd99903161f' -> (Import Result ID: '90ce997c7b0b9a72c1a4bbc8359255a1') in 0.003 seconds [static dependencies only]. Details - ImportResultOutputID=2e903f86b6274379e888bf8205a28a62 DependenciesID=70fad9e9c5fb93c90ae3bc1cfaf55621 StaticDependenciesID=83a52b79b18beab5b489fe9907122b65 
Importing 'GUID: 3ec7596410385054a9e0bc90377fbe63 - Path: Packages/com.unity.test-framework/LICENSE.md' with importer (TextScriptImporter)
Imported 'GUID: 3ec7596410385054a9e0bc90377fbe63' -> (Import Result ID: '3a1c9d30bdeada97253cfb6695045bc3') in 0.004 seconds [static dependencies only]. Details - ImportResultOutputID=bba2943017dac050fc7c7408db0545e8 DependenciesID=2a5c50339c505478545b9a6b332308d4 StaticDependenciesID=979fcfe7b19f9d33c0758a6b2a5be9b4 
Importing 'GUID: 5e83f8baac96eaa47bdd9ca781cd2002 - Path: Packages/com.unity.ide.rider/CONTRIBUTING.md' with importer (TextScriptImporter)
Imported 'GUID: 5e83f8baac96eaa47bdd9ca781cd2002' -> (Import Result ID: 'df0cebd9447d1612751bd7af1f3a21de') in 0.037 seconds [static dependencies only]. Details - ImportResultOutputID=299398a35b0d6ab073c07e25e1931264 DependenciesID=4420fbc427b51d1f4f4759a393a225ad StaticDependenciesID=dbd5140748e3c8e099a6a3e5d2e4ab08 
Importing 'GUID: 7ef8348b8ea834d7e1bc214b07f7fb87 - Path: Packages/com.unity.modules.animation/package.json' with importer (PackageManifestImporter)
Imported 'GUID: 7ef8348b8ea834d7e1bc214b07f7fb87' -> (Import Result ID: '82e086625e3caaa7556c47741779fbbd') in 0.001 seconds [static dependencies only]. Details - ImportResultOutputID=b91668c34ad33289ab3788464c3773fc DependenciesID=0065dbae8c760ef394d86b185f8b83a2 StaticDependenciesID=a1cddf4511130d831d577e406d2312e6 
Importing 'GUID: 1fe9e6e1ae93cf64bbdfbd29300752e1 - Path: Packages/com.unity.ide.visualstudio/LICENSE.md' with importer (TextScriptImporter)
Imported 'GUID: 1fe9e6e1ae93cf64bbdfbd29300752e1' -> (Import Result ID: '3810f04e5a6dea9d7192322c518317fc') in 0.018 seconds [static dependencies only]. Details - ImportResultOutputID=59b2bdb7a2a944bdd850427bde77d577 DependenciesID=63009f1a6fb1b534e5b44aa1d21f03d3 StaticDependenciesID=cfdc7fb9a1450b6ca3a201af1edec05b 
Importing 'GUID: 3fdd83b151eb8d25c5e2f82fc39dcb04 - Path: Packages/com.unity.modules.unitywebrequest/package.json' with importer (PackageManifestImporter)
Imported 'GUID: 3fdd83b151eb8d25c5e2f82fc39dcb04' -> (Import Result ID: '92635879e69b098a24aed6b11124d6af') in 0.003 seconds [static dependencies only]. Details - ImportResultOutputID=c3fdc439e8f1f75cc7a0e86c4c6ba96d DependenciesID=af541476494a73d8e0e3c25128f3ed67 StaticDependenciesID=7d8ffda6dfec0ff398f84144af32c448 
Importing 'GUID: 4f0f9b9f3ed97ad2b9ba8f1a8e4666c2 - Path: Packages/com.unity.modules.uielements/package.json' with importer (PackageManifestImporter)
Imported 'GUID: 4f0f9b9f3ed97ad2b9ba8f1a8e4666c2' -> (Import Result ID: '184794dd62116f07f31b8718f7db4388') in 0.002 seconds [static dependencies only]. Details - ImportResultOutputID=c6edeb5d9bc578ffca7fbf049f13618e DependenciesID=55e8d1ec6ce87a14c2bd6ab2efec80b4 StaticDependenciesID=6a093705c82ba59492894df208618d92 
Importing 'GUID: bfd567a3d1631a761bca9e99fa53d86d - Path: Packages/com.unity.modules.ui/package.json' with importer (PackageManifestImporter)
Imported 'GUID: bfd567a3d1631a761bca9e99fa53d86d' -> (Import Result ID: '4dd710bbce123bc757f4a8a01bdf269a') in 0.002 seconds [static dependencies only]. Details - ImportResultOutputID=2c146ae310e14069b7968d16cdff2b0b DependenciesID=b1c5e489db4e32517744613cffb974f4 StaticDependenciesID=9d4c7cf74df7148af2e86e5b6924c57c 
Importing 'GUID: bfcb3ba499f7d452b92d9a9cc3378788 - Path: Packages/com.unity.ext.nunit/Third Party Notices.md' with importer (TextScriptImporter)
Imported 'GUID: bfcb3ba499f7d452b92d9a9cc3378788' -> (Import Result ID: 'e6cfe1d808178a6dfdb4b89ccfc62c2a') in 0.041 seconds [static dependencies only]. Details - ImportResultOutputID=13e034fa650cd897dd3935828cea6abc DependenciesID=75baafcacaf8f610432359dceece7d61 StaticDependenciesID=c41ef689649a42705725ae0c14ba6db5 
No restricted APIs configured; Validation skipped.
Checking 2 assemblies for restricted APIs found 0 usage(s) in 8 ms
Launched and connected shader compiler UnityShaderCompiler.exe after 0.19 seconds
Loading style catalogs (6)
	StyleSheets/Extensions/base/common.uss
	UIPackageResources/StyleSheets/Default/Variables/Public/common.uss
	StyleSheets/Northstar/common.uss
	StyleSheets/Extensions/fonts/inter.uss
	StyleSheets/Extensions/base/dark.uss
	UIPackageResources/StyleSheets/Default/Northstar/Palette/dark.uss

Asset Pipeline Refresh (id=686c1ac9362752043b740cd41323ecb9): Total: 79.679 seconds - Initiated by InitialRefreshV2(ForceSynchronousImport)
	(Values over 0.05ms)
	Summary:
		Imports: total=230 (actual=230, local cache=0, cache server=0)
		Asset DB Process Time: managed=76 ms, native=14789 ms
		Asset DB Callback time: managed=690 ms, native=16905 ms
		Scripting: domain reloads=1, domain reload time=4021 ms, compile time=43156 ms, other=14 ms
		Project Asset Count: scripts=169, non-scripts=61
		Asset File Changes: new=713, changed=713, moved=0, deleted=0
		Scan Filter Count: 0
	InvokeCustomDependenciesCallbacks: 0.145ms
	InvokePackagesCallback: 12544.215ms
	ApplyChangesToAssetFolders: 14.055ms
	Scan: 8757.483ms
	Collect global state as custom dependencies: 454.640ms
	OnSourceAssetsModified: 13.951ms
	CategorizeScriptCompilationAssets: 24.662ms
	ProcessAssetsWithTransientArtifactChanges: 81.273ms
	CategorizeAssets: 18.089ms
	CompileScripts: 43155.651ms
	ImportOutOfDateAssets: 4572.085ms (1503.698ms without children)
		ImportManagerImport: 3012.864ms (25.892ms without children)
			UpdateCategorizedAssets: 0.786ms
		UnloadImportedAssets: 0.271ms
		ReloadImportedAssets: 0.077ms
		EnsureUptoDateAssetsAreRegisteredWithGuidPM: 0.065ms
		ImportSchedulerStart: 55.183ms
	PostProcessAllAssets: 4998.084ms
		AssemblyValidation.PostprocessAllAssets 78.948ms
		VCAutoAddAssetPostprocess 24.855ms
		WindowTitlePostprocess 15.929ms
		PostProcessCallbackCreateDeferredMaterials 12.208ms
		VersionControlSettings.HiddenFilePostprocess 3.028ms
		ShaderAssetModifiedCallback 2.557ms
		RaytracingShaderImportPostprocess 1.949ms
		ComputeShaderImportPostprocess 1.897ms
		LocalizationDatabase.AssetDatabasePostprocessCallback 1.104ms
		SpeedTreeImporter.PostprocessAllAssets 0.666ms
		BlockShaderImporter.PostprocessAllAssets 0.608ms
		MonoPostProcessAllAssets: 686.338ms
			StyleCatalogPostProcessor.OnPostprocessAllAssets 297.775ms
			SyncVS.PostprocessSyncProject 192.256ms
			AssetPostprocessor.OnPostprocessAllAssets 106.641ms
			WindowAssetPostprocessingWatcher.OnPostprocessAllAssets 28.333ms
			AssetChangedListener.OnPostprocessAllAssets 12.548ms
			BuilderAssetPostprocessor.OnPostprocessAllAssets 7.051ms
			TextAssetPostProcessor.OnPostprocessAllAssets 4.780ms
			RetainedModeAssetPostprocessor.OnPostprocessAllAssets 1.878ms
			SpeedTree9Postprocessor.OnPostprocessAllAssets 1.710ms
			ArtifactBrowserPostProcessor.OnPostprocessAllAssets 1.490ms
			EditModeScopePostprocessor.OnPostprocessAllAssets 0.968ms
			AssetEvents.OnPostprocessAllAssets 0.501ms
			ReferencedClipsPostProcessor.OnPostprocessAllAssets 0.468ms
			AudioMixerPostprocessor.OnPostprocessAllAssets 0.430ms
			ThemePostprocessor.OnPostprocessAllAssets 0.252ms
			TerrainToolbarOverlayPostProcessor.OnPostprocessAllAssets 0.240ms
			SpeedTreePostProcessor.OnPostprocessAllAssets 0.221ms
			ConfigAssetsTracker.OnPostprocessAllAssets 0.187ms
			AssetDatabaseCallbacks.OnPostprocessAllAssets 0.185ms
			ScenarioDriftAssetsTracker.OnPostprocessAllAssets 0.149ms
			RenderPipelineGlobalSettingsPostprocessor.OnPostprocessAllAssets 0.143ms
			AudioContainerPostProcessor.OnPostprocessAllAssets 0.135ms
	PostAssetChangesProfiler: 72.663ms
	UnloadStreamsBegin: 8.094ms
	PersistCurrentRevisions: 10.616ms
	Untracked: 4809.831ms

Application.AssetDatabase Initial Refresh End
Scanning for USB devices : 11.424ms
Initializing Unity extensions:
[MODES] ModeService[none].Initialize
[MODES] ModeService[none].LoadModes
[MODES] Loading mode Default (0) for mode-current-id-LastSeen426_Real
Unloading 3 Unused Serialized files (Serialized files now loaded: 0)
Unloading 497 unused Assets / (484.0 KB). Loaded Objects now: 1245.
Memory consumption went from 244.3 MB to 243.8 MB.
Total: 79.521200 ms (FindLiveObjects: 0.241900 ms CreateObjectMapping: 0.034000 ms MarkObjects: 64.286700 ms  DeleteObjects: 0.359700 ms)

[Licensing::Client] Successfully resolved entitlement details
[LAYOUT] About to load C:/Users/utente/AppData/Roaming/Unity/Editor-5.x/Preferences\Layouts\current\default-6000.dwlt, keepMainWindow=False
[LAYOUT] About to save layout D:\gioco per ari\Unity_Fork\LastSeen426\LastSeen426_Real\UserSettings\Layouts\default-6000.dwlt
[LAYOUT] About to save layout C:/Users/utente/AppData/Roaming/Unity/Editor-5.x/Preferences\Layouts\current\default-6000.dwlt
[MODES] ModeService[default].InitializeCurrentMode
[MODES] ModeService[default].RaiseModeChanged(default, default)
This project uses Input Manager, which is marked for deprecation. To manage input in your project, use the <a href="https://docs.unity3d.com/Packages/com.unity.inputsystem@latest">Input System package</a> instead.
<RI> Initializing input.
<RI> Input initialized.
[Project] Loading completed in 145.721 seconds
	Project init time: 				137.403 seconds
		Template init time: 		0.000 seconds
		Package Manager init time: 		0.076 seconds
		Asset Database init time: 		17.534 seconds
		Global illumination init time: 	0.125 seconds
		Assemblies load time: 			22.674 seconds
		Unity extensions init time: 	0.001 seconds
		Asset Database refresh time: 	79.754 seconds
	Scene opening time: 			7.385 seconds
##utp:{"type":"ProjectInfo","version":2,"phase":"Immediate","time":1788716191011,"processId":15444,"projectLoad":145.72074110000003,"projectInit":137.4025367,"templateInit":0.0,"packageManagerInit":0.0762079,"assetDatabaseInit":17.5341447,"globalIlluminationInit":0.1246396,"assembliesLoad":22.673896,"unityExtensionsInit":0.0012398,"assetDatabaseRefresh":79.7536593,"sceneOpening":7.385436}
##utp:{"type":"EditorInfo","version":2,"phase":"Immediate","time":1788716191033,"processId":15444,"editorVersion":"6000.6.0f1 (f7f8ed4d1e24)","branch":"6000.6/respin/6000.6.0f1-fa21a270ab12","buildType":"Release","platform":"Windows"}
[Licensing::Client] Successfully resolved entitlement details
[MODES] ModeService[default].LoadModes
Worker ready: AssetImportWorkerHW0 0
Created GICache directory at C:/Users/utente/AppData/LocalLow/Unity/Caches/GiCache. Took: 0.114s, timestamps: [146.096 - 146.210]
[Licensing::Client] Successfully resolved entitlement details
[Licensing::Client] Successfully resolved entitlement details
[Licensing::Client] Successfully updated the access token
[Licensing::Module] Successfully updated access token: "8f2-ZEnu"... (expires: 2026-09-06T18:35:48Z)
[Licensing::Client] Successfully resolved entitlement details
[Licensing::Client] Successfully resolved entitlement details
[Licensing::Client] Successfully resolved entitlement details
[Licensing::Client] Successfully resolved entitlement details
[Licensing::Client] Successfully resolved entitlement details
[Licensing::Client] Successfully resolved entitlement details
[Licensing::Client] Successfully resolved entitlement details
[Licensing::Client] Successfully resolved entitlement details
[Licensing::Client] Successfully resolved entitlement details
TrimDiskCacheJob: Current cache size 0mb

Asset Pipeline Refresh (id=2a94260566d4ec34591891671995ad4f): Total: 0.631 seconds - Initiated by RefreshV2(AllowForceSynchronousImport)
	(Values over 0.05ms)
	Summary:
		Imports: total=0 (actual=0, local cache=0, cache server=0)
		Asset DB Process Time: managed=0 ms, native=167 ms
		Asset DB Callback time: managed=0 ms, native=463 ms
		Scripting: domain reloads=0, domain reload time=0 ms, compile time=0 ms, other=0 ms
		Project Asset Count: scripts=169, non-scripts=61
		Asset File Changes: new=0, changed=0, moved=0, deleted=0
		Scan Filter Count: 0
	InvokePackagesCallback: 463.555ms
	ApplyChangesToAssetFolders: 0.131ms
	Scan: 128.153ms
	Collect global state as custom dependencies: 0.409ms
	UnloadStreamsBegin: 2.165ms
	UnloadStreamsEnd: 0.081ms
	Untracked: 2.226ms

Start Indexing on Editor startup
[Indexing] Starting Initial Indexing for Assets
[Worker0] Imported GUID: b73b3de0d473d4a1c887ab31f69b1a8d - Path: Packages/com.unity.ide.visualstudio/Editor/Testing/TestAdaptor.cs - Importer: ScriptedImporter/UnityEditor.QuickSearchModule:UnityEditor.Search:ASIAI0B -> (ImportResultId: 'cb8d18799bd63b2609df3e6e56861c3c') in 0.6461931 seconds
[Worker0] Imported GUID: fbbb1ee655846b043baf6c3502b5ce49 - Path: Packages/com.unity.ide.visualstudio/Editor/SolutionParser.cs - Importer: ScriptedImporter/UnityEditor.QuickSearchModule:UnityEditor.Search:ASIAI0B -> (ImportResultId: '3cb13c09cbd9dc953c024b7517aaa4f9') in 0.002496 seconds
[Worker0] Imported GUID: a3f71b076c36a204a864f8c44142b3a9 - Path: Packages/com.unity.ide.visualstudio/ValidationConfig.json - Importer: ScriptedImporter/UnityEditor.QuickSearchModule:UnityEditor.Search:ASIAI0B -> (ImportResultId: 'f65ec12127468bb717903b72fde03456') in 0.0285909 seconds
[Worker0] Imported GUID: 5c1b8a755d2c97640bbb207c43f4cf61 - Path: Packages/com.unity.ide.visualstudio/Editor/SolutionProjectEntry.cs - Importer: ScriptedImporter/UnityEditor.QuickSearchModule:UnityEditor.Search:ASIAI0B -> (ImportResultId: '161dbfb84a691ed34dc2be1d3be5bd79') in 0.002858 seconds
[Worker0] Imported GUID: f7b5530092b3a7646bdc7865f1f6ee94 - Path: Packages/com.unity.ide.visualstudio/Editor/Cli.cs - Importer: ScriptedImporter/UnityEditor.QuickSearchModule:UnityEditor.Search:ASIAI0B -> (ImportResultId: 'a6a993762fec858b96633e03f1f7eb8b') in 0.0018055 seconds
[Worker0] Imported GUID: 3070b6395b0f5f04faaab13164c6256d - Path: Packages/com.unity.ide.visualstudio/Editor/ProjectGeneration/LegacyStyleProjectGeneration.cs - Importer: ScriptedImporter/UnityEditor.QuickSearchModule:UnityEditor.Search:ASIAI0B -> (ImportResultId: '0d87cdda2a58c72dba1a9745ad529a5f') in 0.0029353 seconds
[Worker0] Imported GUID: b9308b762484008498bb5cd1886aa491 - Path: Packages/com.unity.ide.visualstudio/Editor/Symbols.cs - Importer: ScriptedImporter/UnityEditor.QuickSearchModule:UnityEditor.Search:ASIAI0B -> (ImportResultId: 'b6610b043b67b268286fa9813c14e917') in 0.0076175 seconds
[Worker0] Imported GUID: cd78ce5b75b8be84d8b94cd99903161f - Path: Packages/com.unity.ide.visualstudio/CONTRIBUTING.md - Importer: ScriptedImporter/UnityEditor.QuickSearchModule:UnityEditor.Search:ASIAI0B -> (ImportResultId: '399d13e8efd84d52d2c908d336de0210') in 0.0018845 seconds
[Worker0] Imported GUID: ffe1bdf971d321f4db593c4c6ebd6e47 - Path: Packages/com.unity.ide.visualstudio/Editor/VersionPair.cs - Importer: ScriptedImporter/UnityEditor.QuickSearchModule:UnityEditor.Search:ASIAI0B -> (ImportResultId: 'de7233c7d16500d6ea298c805f7bbc74') in 0.0020396 seconds
[Worker0] Imported GUID: 0173aff8c07e06b42af07ebdd7f08032 - Path: Packages/com.unity.ide.visualstudio/Editor/VisualStudioEditor.cs - Importer: ScriptedImporter/UnityEditor.QuickSearchModule:UnityEditor.Search:ASIAI0B -> (ImportResultId: '2d59fd18fdfffc27337ce0514ee28497') in 0.0018875 seconds
[Worker0] Imported GUID: 48fcd6ebd5ce8fd4cbe931895233677d - Path: Packages/com.unity.ide.visualstudio/Editor/VisualStudioIntegration.cs - Importer: ScriptedImporter/UnityEditor.QuickSearchModule:UnityEditor.Search:ASIAI0B -> (ImportResultId: 'd8046e12f69b5bcf03624d7d2a2dd476') in 0.0096028 seconds
[Worker0] Imported GUID: 553737203d61a8109f9544a97201e1aa - Path: Packages/com.unity.modules.unitywebrequestaudio/package.ModuleCompilationTrigger - Importer: ScriptedImporter/UnityEditor.QuickSearchModule:UnityEditor.Search:ASIAI0B -> (ImportResultId: '45dc9eb68d1fd8f486a9a701878499a0') in 0.0028173 seconds
[Worker0] Imported GUID: fa7011e2ea1ff024083fea2179f3df08 - Path: Packages/com.unity.ide.visualstudio/Editor/ProjectGeneration/ProjectProperties.cs - Importer: ScriptedImporter/UnityEditor.QuickSearchModule:UnityEditor.Search:ASIAI0B -> (ImportResultId: '5c6da1b331acab1537fe17f5b11e883c') in 0.0017342 seconds
[Worker0] Imported GUID: ed8e7c93c781e48df93d063a3c0d2972 - Path: Packages/com.unity.ide.visualstudio/Editor/SimpleJSON.cs - Importer: ScriptedImporter/UnityEditor.QuickSearchModule:UnityEditor.Search:ASIAI0B -> (ImportResultId: '926f7d5fccbb94430642c106a0376434') in 0.001642 seconds
[Worker0] Imported GUID: 369c09afe05d2c346af49faef943c773 - Path: Packages/com.unity.ide.visualstudio/Editor/Messaging/Serializer.cs - Importer: ScriptedImporter/UnityEditor.QuickSearchModule:UnityEditor.Search:ASIAI0B -> (ImportResultId: '1c4ceea7cbe42afbbcd6df00a302e94f') in 0.0020446 seconds
[Worker0] Imported GUID: af4c2c762e1d8e949a6bc458973df6e7 - Path: Packages/com.unity.ide.visualstudio/Editor/Solution.cs - Importer: ScriptedImporter/UnityEditor.QuickSearchModule:UnityEditor.Search:ASIAI0B -> (ImportResultId: '92f73cabe675df83e10e641c28af0562') in 0.0021353 seconds
[Worker0] Imported GUID: a8c76505bcc613640ade706bdb0f1cba - Path: Packages/com.unity.ide.visualstudio/Editor/UnityInstallation.cs - Importer: ScriptedImporter/UnityEditor.QuickSearchModule:UnityEditor.Search:ASIAI0B -> (ImportResultId: 'a91c7ef27f77ee3d0be57e8951f3fb61') in 0.0194121 seconds
[Worker0] Imported GUID: 555fcccd6b79a864f83e7a319daa1c3e - Path: Packages/com.unity.ide.visualstudio/Editor/ProjectGeneration/ProjectGenerationFlag.cs - Importer: ScriptedImporter/UnityEditor.QuickSearchModule:UnityEditor.Search:ASIAI0B -> (ImportResultId: '1dab1dab61b8d36eb984b9cef5eff378') in 0.0025013 seconds
[Worker0] Imported GUID: 6022bdd5b2896a54f94123b812705321 - Path: Packages/com.unity.ide.visualstudio/CHANGELOG.md - Importer: ScriptedImporter/UnityEditor.QuickSearchModule:UnityEditor.Search:ASIAI0B -> (ImportResultId: 'cb0b22d7406d52e806471c30b964653b') in 0.0827455 seconds
[Worker0] Imported GUID: 917a51fff055ce547b4ad1215321f3da - Path: Packages/com.unity.ide.visualstudio/Editor/Messaging/ExceptionEventArgs.cs - Importer: ScriptedImporter/UnityEditor.QuickSearchModule:UnityEditor.Search:ASIAI0B -> (ImportResultId: 'd2eaff4258685515fd15bb818efdff48') in 0.0015166 seconds
[Worker0] Imported GUID: cbccb6292dce08a489e6e742243154e7 - Path: Packages/com.unity.ide.visualstudio/Editor/KnownAssemblies.cs - Importer: ScriptedImporter/UnityEditor.QuickSearchModule:UnityEditor.Search:ASIAI0B -> (ImportResultId: '6a2fe64409c5e7fb0e1441853efc278b') in 0.0015242 seconds
[Worker0] Imported GUID: 1fe9e6e1ae93cf64bbdfbd29300752e1 - Path: Packages/com.unity.ide.visualstudio/LICENSE.md - Importer: ScriptedImporter/UnityEditor.QuickSearchModule:UnityEditor.Search:ASIAI0B -> (ImportResultId: 'e4eaf71bab2988e305e9c62d900c9477') in 0.011909 seconds
[Worker0] Imported GUID: ec80b1fb8938b3b4ab442d10390c5315 - Path: Packages/com.unity.ide.visualstudio/Editor/ProjectGeneration/FileIOProvider.cs - Importer: ScriptedImporter/UnityEditor.QuickSearchModule:UnityEditor.Search:ASIAI0B -> (ImportResultId: '65a0d82e35e98218336d0a6fd12f08f4') in 0.0018028 seconds
[Worker0] Imported GUID: 788fbcfc0abc6c54b9504cfee3176c22 - Path: Packages/com.unity.ide.visualstudio/ValidationExceptions.json - Importer: ScriptedImporter/UnityEditor.QuickSearchModule:UnityEditor.Search:ASIAI0B -> (ImportResultId: '6dc3f69bdcfd35d4ea6baf69efec3cec') in 0.014254 seconds
[Worker0] Imported GUID: 829d4d6bc39fd1044ba4c5fc2a9c911f - Path: Packages/com.unity.ide.visualstudio/Editor/SolutionProperties.cs - Importer: ScriptedImporter/UnityEditor.QuickSearchModule:UnityEditor.Search:ASIAI0B -> (ImportResultId: 'f61c6e85c73c72aa7ecdb05344d6ac10') in 0.0019137 seconds
[Worker0] Imported GUID: e8aed47cdce10fd4cae32fefa2c34f8f - Path: Packages/com.unity.ide.visualstudio/Editor/ProjectGeneration/SdkStyleProjectGeneration.cs - Importer: ScriptedImporter/UnityEditor.QuickSearchModule:UnityEditor.Search:ASIAI0B -> (ImportResultId: 'b8eae62d10beef22fce8c28cde630a02') in 0.0027215 seconds
[Worker0] Imported GUID: a31a332ce3485f00f7df8d987302a29c - Path: Packages/com.unity.modules.unitywebrequesttexture/package.ModuleCompilationTrigger - Importer: ScriptedImporter/UnityEditor.QuickSearchModule:UnityEditor.Search:ASIAI0B -> (ImportResultId: '7b19775d37fd96991d9e72b63951d46b') in 0.0013742 seconds
[Worker0] Imported GUID: d791d407901442e49862d3aa783ce8af - Path: Packages/com.unity.ide.visualstudio/Editor/AssemblyInfo.cs - Importer: ScriptedImporter/UnityEditor.QuickSearchModule:UnityEditor.Search:ASIAI0B -> (ImportResultId: '28c1119aa466022930e2cedfa461d090') in 0.0028104 seconds
[Worker0] Imported GUID: 5e249ae353801f043a6e4173410c6152 - Path: Packages/com.unity.ide.visualstudio/Editor/Messaging/Messenger.cs - Importer: ScriptedImporter/UnityEditor.QuickSearchModule:UnityEditor.Search:ASIAI0B -> (ImportResultId: '4fba8b078de8885d32ca8b769d004b9d') in 0.0019934 seconds
[Worker0] Imported GUID: be7ef402265a7a549b2e43c11d1a22c5 - Path: Packages/com.unity.ide.visualstudio/Editor/VisualStudioForWindowsInstallation.cs - Importer: ScriptedImporter/UnityEditor.QuickSearchModule:UnityEditor.Search:ASIAI0B -> (ImportResultId: '363e80381e7499547f372b4b2a9a5fbe') in 0.0022296 seconds
[Worker0] Imported GUID: 4b518b37798c97b0f860962cbf615533 - Path: Packages/com.unity.modules.unitywebrequestaudio/package.json - Importer: ScriptedImporter/UnityEditor.QuickSearchModule:UnityEditor.Search:ASIAI0B -> (ImportResultId: '8cca9a20886ad203f1bbe124520d76ad') in 0.0143801 seconds
[Worker0] Imported GUID: 656f74f6edaa396458412b9e3903d8cd - Path: Packages/com.unity.ide.visualstudio/package.json - Importer: ScriptedImporter/UnityEditor.QuickSearchModule:UnityEditor.Search:ASIAI0B -> (ImportResultId: '68743c05935618f5caf6866d37f96c59') in 0.0020558 seconds
[Worker0] Imported GUID: 8e6c7ea7c059fb547b6723aaf225900b - Path: Packages/com.unity.ide.visualstudio/Editor/Image.cs - Importer: ScriptedImporter/UnityEditor.QuickSearchModule:UnityEditor.Search:ASIAI0B -> (ImportResultId: '24c31f41538ede5262b335bcc2e4055f') in 0.0017695 seconds
[Worker0] Imported GUID: de1c9ea7b82c9904d9e5fba2ee70a998 - Path: Packages/com.unity.ide.visualstudio/Editor/Messaging/Message.cs - Importer: ScriptedImporter/UnityEditor.QuickSearchModule:UnityEditor.Search:ASIAI0B -> (ImportResultId: '48a3c43c922c87f702005dc64fd148a0') in 0.0013929 seconds
[Worker0] Imported GUID: a1c42005fe7c5d78585a77ce396a5eea - Path: Packages/com.unity.modules.tilemap/package.ModuleCompilationTrigger - Importer: ScriptedImporter/UnityEditor.QuickSearchModule:UnityEditor.Search:ASIAI0B -> (ImportResultId: '1fcb37bca865c0c3ea1bff917cd43d55') in 0.0016718 seconds
[Worker0] Imported GUID: fae6007c1ac2cc744b2891fd4d279c96 - Path: Packages/com.unity.ide.visualstudio/Editor/Testing/TestRunnerCallbacks.cs - Importer: ScriptedImporter/UnityEditor.QuickSearchModule:UnityEditor.Search:ASIAI0B -> (ImportResultId: '2178a7eb48644e516df19ed40c0498cb') in 0.0015836 seconds
[Worker0] Imported GUID: ded625cf0d03fa94c9f939fd13ced18d - Path: Packages/com.unity.ide.visualstudio/Editor/Messaging/TcpListener.cs - Importer: ScriptedImporter/UnityEditor.QuickSearchModule:UnityEditor.Search:ASIAI0B -> (ImportResultId: 'a5863680a7d9866c256e3bacbf0b63dc') in 0.0078876 seconds
[Worker0] Imported GUID: cbb1a39d56ce4d9ac1a46ac505893fa7 - Path: Packages/com.unity.modules.terrainphysics/package.ModuleCompilationTrigger - Importer: ScriptedImporter/UnityEditor.QuickSearchModule:UnityEditor.Search:ASIAI0B -> (ImportResultId: '2180dd9f19f14372cb6f41ba655d806d') in 0.0017306 seconds
[Worker0] Imported GUID: bb86eea06f54fb24caa7046a8a764945 - Path: Packages/com.unity.ide.visualstudio/Editor/VisualStudioInstallation.cs - Importer: ScriptedImporter/UnityEditor.QuickSearchModule:UnityEditor.Search:ASIAI0B -> (ImportResultId: '9847bf10e5f6c59f00936f1b2b4b5c93') in 0.0015378 seconds
[Worker0] Imported GUID: c6c8b2f6152bd1348ae35f9f95719f75 - Path: Packages/com.unity.ide.visualstudio/Editor/AsyncOperation.cs - Importer: ScriptedImporter/UnityEditor.QuickSearchModule:UnityEditor.Search:ASIAI0B -> (ImportResultId: 'e260c771540d365881d45587eff92622') in 0.0014175 seconds
[Worker0] Imported GUID: 40bf3cec17fa0b49fe04443c8332d638 - Path: Packages/com.unity.modules.jsonserialize/package.json - Importer: ScriptedImporter/UnityEditor.QuickSearchModule:UnityEditor.Search:ASIAI0B -> (ImportResultId: 'a371bfd8d0541edf632bf1822055ccbe') in 0.0013078 seconds
[Worker0] Imported GUID: 0b59b40c84c6a5348a188c16b17c7b40 - Path: Packages/com.unity.ide.visualstudio/Editor/Testing/TestRunnerApiListener.cs - Importer: ScriptedImporter/UnityEditor.QuickSearchModule:UnityEditor.Search:ASIAI0B -> (ImportResultId: '6dd7f5c11b3a39c7cfa2dd9e726e3f78') in 0.0014887 seconds
[Worker0] Imported GUID: f3edbdc86577af648a23263aa75161e1 - Path: Packages/com.unity.ide.visualstudio/Editor/Messaging/MessageType.cs - Importer: ScriptedImporter/UnityEditor.QuickSearchModule:UnityEditor.Search:ASIAI0B -> (ImportResultId: '6fedf2cfebc79871f4cd9fa14d5b2be7') in 0.0076792 seconds
[Worker0] Imported GUID: 5a7aba2d3d458e04eb4210c0303fbf64 - Path: Packages/com.unity.ide.visualstudio/Editor/UsageUtility.cs - Importer: ScriptedImporter/UnityEditor.QuickSearchModule:UnityEditor.Search:ASIAI0B -> (ImportResultId: 'b7c7ba334b46c90fc59288974c661775') in 0.0017335 seconds
[Worker0] Imported GUID: d3cbe921f7b3d9a3257e7c61a5761796 - Path: Packages/com.unity.modules.terrainphysics/package.json - Importer: ScriptedImporter/UnityEditor.QuickSearchModule:UnityEditor.Search:ASIAI0B -> (ImportResultId: '6102677e25caea21ced19dc1a79e0c03') in 0.0013949 seconds
[Worker0] Imported GUID: 9f3705b95d031e84c82f140d8e980867 - Path: Packages/com.unity.ide.visualstudio/Editor/ProjectGeneration/ProjectGeneration.cs - Importer: ScriptedImporter/UnityEditor.QuickSearchModule:UnityEditor.Search:ASIAI0B -> (ImportResultId: '33ddf6ea18cd440370efbb7cf20f742b') in 0.0016866 seconds
[Worker0] Imported GUID: abe003ac6fee32e4892100a78f555011 - Path: Packages/com.unity.ide.visualstudio/Editor/Discovery.cs - Importer: ScriptedImporter/UnityEditor.QuickSearchModule:UnityEditor.Search:ASIAI0B -> (ImportResultId: 'a0f2b473eef073c2cfbf9076817ab0a7') in 0.0014927 seconds
[Worker0] Imported GUID: 6f1dc05fb6e7d3e4f89ae9ca482735be - Path: Packages/com.unity.ide.visualstudio/Editor/FileUtility.cs - Importer: ScriptedImporter/UnityEditor.QuickSearchModule:UnityEditor.Search:ASIAI0B -> (ImportResultId: 'e9a96111a3170900d3109b19dc5e2caa') in 0.0016235 seconds
[Worker0] Imported GUID: c94f13e05ef0a7a49bdd39f197f39e5e - Path: Packages/com.unity.ide.visualstudio/Editor/ProjectGeneration/GeneratorFactory.cs - Importer: ScriptedImporter/UnityEditor.QuickSearchModule:UnityEditor.Search:ASIAI0B -> (ImportResultId: '01c5eb2e0e5737514539974ea22ba02d') in 0.0022169 seconds
[Worker0] Imported GUID: 7809f42f64c877f4b90ac233e5ec2372 - Path: Packages/com.unity.ide.visualstudio/ThirdPartyNotices.md - Importer: ScriptedImporter/UnityEditor.QuickSearchModule:UnityEditor.Search:ASIAI0B -> (ImportResultId: '0d55389e12deabdd4e124e967de41752') in 0.0028805 seconds
[Worker0] Imported GUID: f6674c38820d12a49ac116d416521d85 - Path: Packages/com.unity.ide.visualstudio/Editor/Messaging/TcpClient.cs - Importer: ScriptedImporter/UnityEditor.QuickSearchModule:UnityEditor.Search:ASIAI0B -> (ImportResultId: 'c9c4501de08adc45fd8bae61a3b76871') in 0.0024798 seconds
[Worker0] Imported GUID: d0e3ad91972c66f5238f5b9b7d5ae58a - Path: Packages/com.unity.modules.unitywebrequesttexture/package.json - Importer: ScriptedImporter/UnityEditor.QuickSearchModule:UnityEditor.Search:ASIAI0B -> (ImportResultId: 'dce218e864a9c877b51ebddfe40b0dba') in 0.0013722 seconds
[Worker0] Imported GUID: 1be5c96ff30e6ec40876f28fd9ab7e24 - Path: Packages/com.unity.ide.visualstudio/Editor/VisualStudioCodeInstallation.cs - Importer: ScriptedImporter/UnityEditor.QuickSearchModule:UnityEditor.Search:ASIAI0B -> (ImportResultId: 'cc5dd0f70f59203f9e11dc5ab2024a87') in 0.0014918 seconds
[Worker0] Imported GUID: 3eda7a83649158546826efb3ffe6c1e3 - Path: Packages/com.unity.ide.visualstudio/Editor/Messaging/Deserializer.cs - Importer: ScriptedImporter/UnityEditor.QuickSearchModule:UnityEditor.Search:ASIAI0B -> (ImportResultId: '4cbb00e1ea4e0d58308d5299153c374b') in 0.0017544 seconds
[Worker0] Imported GUID: e6a135e3ea9cb46795d1b0e05ac3e1e5 - Path: Packages/com.unity.modules.jsonserialize/package.ModuleCompilationTrigger - Importer: ScriptedImporter/UnityEditor.QuickSearchModule:UnityEditor.Search:ASIAI0B -> (ImportResultId: '16192d911235e038422f414553b2dc86') in 0.002167 seconds
[Worker0] Imported GUID: f47f2d030bc1d415a8d15a51dbcc39a2 - Path: Packages/com.unity.ide.visualstudio/Editor/Testing/TestResultAdaptor.cs - Importer: ScriptedImporter/UnityEditor.QuickSearchModule:UnityEditor.Search:ASIAI0B -> (ImportResultId: '5b11e9db15af8347467137cf976bb5e7') in 0.0015554 seconds
[Worker0] Imported GUID: 957a5f2d2660a894d926660de2a9d577 - Path: Packages/com.unity.ide.visualstudio/Editor/ProcessRunner.cs - Importer: ScriptedImporter/UnityEditor.QuickSearchModule:UnityEditor.Search:ASIAI0B -> (ImportResultId: '3eddbe65a8e9fc3da55c31c0f0056b73') in 0.0016558 seconds
[Worker0] Imported GUID: b93f844d45cfcc44fa2b0eed5c9ec6bb - Path: Packages/com.unity.ide.visualstudio/Editor/com.unity.ide.visualstudio.asmdef - Importer: ScriptedImporter/UnityEditor.QuickSearchModule:UnityEditor.Search:ASIAI0B -> (ImportResultId: 'be0054dbaa1aea34b23fe0087a97363a') in 0.0028371 seconds
[Worker0] Imported GUID: eeb21ffd7b0188542b348935f4b04fe8 - Path: Packages/com.unity.ide.visualstudio/Editor/ProjectGeneration/TypeCacheHelper.cs - Importer: ScriptedImporter/UnityEditor.QuickSearchModule:UnityEditor.Search:ASIAI0B -> (ImportResultId: 'a1bf8fa535239cbd2e2c54b9b838be1b') in 0.0096154 seconds
[Worker0] Imported GUID: 275143c81d816ef4286fdc67aabc20c8 - Path: Packages/com.unity.ide.visualstudio/Editor/Messaging/MessageEventArgs.cs - Importer: ScriptedImporter/UnityEditor.QuickSearchModule:UnityEditor.Search:ASIAI0B -> (ImportResultId: '7f8bfae9639911e397ef8372625826f6') in 0.0014947 seconds
[Worker0] Imported GUID: 7652904b1008e324fb7cfb952ea87656 - Path: Packages/com.unity.ide.visualstudio/Editor/ProjectGeneration/GUIDProvider.cs - Importer: ScriptedImporter/UnityEditor.QuickSearchModule:UnityEditor.Search:ASIAI0B -> (ImportResultId: '9e76be6f089b6612595ce731f03938ce') in 0.0014392 seconds
[Worker0] Imported GUID: 38cb3a4a17d2cfd41926da95ce675934 - Path: Packages/com.unity.ide.visualstudio/Editor/Messaging/UdpSocket.cs - Importer: ScriptedImporter/UnityEditor.QuickSearchModule:UnityEditor.Search:ASIAI0B -> (ImportResultId: 'e70f761d5f22859add4e4f3347341a9e') in 0.0017743 seconds
[Worker0] Imported GUID: 57537f08f8e923f488e4aadabb831c9b - Path: Packages/com.unity.ide.visualstudio/Editor/ProjectGeneration/AssemblyNameProvider.cs - Importer: ScriptedImporter/UnityEditor.QuickSearchModule:UnityEditor.Search:ASIAI0B -> (ImportResultId: '84a311c5b6f3378c088e25f375dc5ac7') in 0.0146537 seconds
[Worker0] Imported GUID: 92a378669877c05c6071d0fed687bb95 - Path: Packages/com.unity.modules.tilemap/package.json - Importer: ScriptedImporter/UnityEditor.QuickSearchModule:UnityEditor.Search:ASIAI0B -> (ImportResultId: '238310a75d0a4b54d8dae61a928b7b72') in 0.0015811 seconds
[Worker0] Imported GUID: 2b301b727225f1941974d69e61a55620 - Path: Packages/com.unity.test-framework/UnityEditor.TestRunner/TestRunnerWindowSettings.cs - Importer: ScriptedImporter/UnityEditor.QuickSearchModule:UnityEditor.Search:ASIAI0B -> (ImportResultId: '66c54bebbad3b0a8cda76c53635bca0d') in 0.0024405 seconds
[Worker0] Imported GUID: 3ec7596410385054a9e0bc90377fbe63 - Path: Packages/com.unity.test-framework/LICENSE.md - Importer: ScriptedImporter/UnityEditor.QuickSearchModule:UnityEditor.Search:ASIAI0B -> (ImportResultId: '7517ea564c7813be00daca7edce32667') in 0.0014629 seconds
[Worker0] Imported GUID: be13c398521e3c1ad21fb9da30ab2ab6 - Path: Packages/com.unity.modules.imgui/package.ModuleCompilationTrigger - Importer: ScriptedImporter/UnityEditor.QuickSearchModule:UnityEditor.Search:ASIAI0B -> (ImportResultId: '7db5115eae91a7f681e81a11060104e2') in 0.0015522 seconds
[Worker0] Imported GUID: 585c3fb85b32bd64e8814074e754163e - Path: Packages/com.unity.ide.visualstudio/Editor/VSWhere/vswhere.exe - Importer: ScriptedImporter/UnityEditor.QuickSearchModule:UnityEditor.Search:ASIAI0B -> (ImportResultId: '010b59b44656032fbcfefed59620d32b') in 0.0014043 seconds
[Worker0] Imported GUID: 9db19a04003fca7439552acd4de9baa1 - Path: Packages/com.unity.test-framework/UnityEditor.TestRunner/AssemblyInfo.cs - Importer: ScriptedImporter/UnityEditor.QuickSearchModule:UnityEditor.Search:ASIAI0B -> (ImportResultId: 'a78520e1bfe684b244996c417be97041') in 0.001373 seconds
[Worker0] Imported GUID: 222fc39b0c85d800342910da2cd64781 - Path: Packages/com.unity.modules.assetbundle/package.ModuleCompilationTrigger - Importer: ScriptedImporter/UnityEditor.QuickSearchModule:UnityEditor.Search:ASIAI0B -> (ImportResultId: '465b6bef1be7dd96d7183cb06b178e1b') in 0.001437 seconds
[Worker0] Imported GUID: e1ef8466c8fd01a549f10baa4d51fa17 - Path: Packages/com.unity.modules.assetbundle/package.json - Importer: ScriptedImporter/UnityEditor.QuickSearchModule:UnityEditor.Search:ASIAI0B -> (ImportResultId: '33650f9a5e32af23651269a9d9c5e399') in 0.0012968 seconds
[Worker0] Imported GUID: 3411e19edd44cfd46b548b058c3bc36c - Path: Packages/com.unity.test-framework/UnityEditor.TestRunner/TestBuildAssemblyFilter.cs - Importer: ScriptedImporter/UnityEditor.QuickSearchModule:UnityEditor.Search:ASIAI0B -> (ImportResultId: '926f3809f36a3316cf6d9aec22ddaeae') in 0.007529 seconds
[Worker0] Imported GUID: 939b89fc6b924ea2e821fc1be1b09f56 - Path: Packages/com.unity.modules.tetgen/package.json - Importer: ScriptedImporter/UnityEditor.QuickSearchModule:UnityEditor.Search:ASIAI0B -> (ImportResultId: '3ea8c2850242d234612a3359b9bbda58') in 0.001408 seconds
[Worker0] Imported GUID: 5c1ee4056d0ac7ad3c5a16597fcaa38a - Path: Packages/com.unity.modules.physics/package.ModuleCompilationTrigger - Importer: ScriptedImporter/UnityEditor.QuickSearchModule:UnityEditor.Search:ASIAI0B -> (ImportResultId: '1227fd83302ec3e46f5579324d078b24') in 0.0014047 seconds
[Worker0] Imported GUID: a667f6654ad7a9548b8c8e68b51c8895 - Path: Packages/com.unity.test-framework/UnityEditor.TestRunner/RequireApiProfileAttribute.cs - Importer: ScriptedImporter/UnityEditor.QuickSearchModule:UnityEditor.Search:ASIAI0B -> (ImportResultId: 'f1c79f449f48bff3c6c94dd95abf5916') in 0.001753 seconds
[Worker0] Imported GUID: 0719f1a8b2a284e1182b352e6c8c3c60 - Path: Packages/com.unity.ide.visualstudio/Editor/Testing/TestStatusAdaptor.cs - Importer: ScriptedImporter/UnityEditor.QuickSearchModule:UnityEditor.Search:ASIAI0B -> (ImportResultId: 'b87ca784c44459002e788cf5cffd1ee3') in 0.0023602 seconds
[Worker0] Imported GUID: db8e609a39b9b231fccc54e5fa4cbd1b - Path: Packages/com.unity.modules.animation/package.ModuleCompilationTrigger - Importer: ScriptedImporter/UnityEditor.QuickSearchModule:UnityEditor.Search:ASIAI0B -> (ImportResultId: 'f4796b66625ffd221f0fe219e9daebd9') in 0.0082012 seconds
[Worker0] Imported GUID: 27619889b8ba8c24980f49ee34dbb44a - Path: Packages/com.unity.test-framework/UnityEngine.TestRunner/UnityEngine.TestRunner.asmdef - Importer: ScriptedImporter/UnityEditor.QuickSearchModule:UnityEditor.Search:ASIAI0B -> (ImportResultId: '409225c90459f98cb439ec614f448afd') in 0.00576 seconds
[Worker0] Imported GUID: 80beef77cb19e713c7c2d481b65ed485 - Path: Packages/com.unity.modules.screencapture/package.json - Importer: ScriptedImporter/UnityEditor.QuickSearchModule:UnityEditor.Search:ASIAI0B -> (ImportResultId: '5927bbbba39380a784b74732d51f772f') in 0.0020714 seconds
[Worker0] Imported GUID: 85dd7af03f02aea4aae13a3945e3b313 - Path: Packages/com.unity.test-framework/UnityEditor.TestRunner/Api/ITestAdaptor.cs - Importer: ScriptedImporter/UnityEditor.QuickSearchModule:UnityEditor.Search:ASIAI0B -> (ImportResultId: '608cf96f6e7ee05fa7ece4a8b6ae2b80') in 0.0068919 seconds
[Worker0] Imported GUID: 1a4266815e998967becf686f9c71f0a6 - Path: Packages/com.unity.modules.physics/package.json - Importer: ScriptedImporter/UnityEditor.QuickSearchModule:UnityEditor.Search:ASIAI0B -> (ImportResultId: 'b2096b85d1108ff5e5ebe8b7d3383336') in 0.0010958 seconds
[Worker0] Imported GUID: ec02776fe29df900b897106d61977735 - Path: Packages/com.unity.modules.director/package.json - Importer: ScriptedImporter/UnityEditor.QuickSearchModule:UnityEditor.Search:ASIAI0B -> (ImportResultId: '646c5021f0d5598c186f0fe962949524') in 0.0009847 seconds
[Worker0] Imported GUID: 71e7167b55a3448b38774a3bb6e05bac - Path: Packages/com.unity.modules.timelinefoundation/package.ModuleCompilationTrigger - Importer: ScriptedImporter/UnityEditor.QuickSearchModule:UnityEditor.Search:ASIAI0B -> (ImportResultId: 'e52895ad72be73f7111349e1797606c5') in 0.0010007 seconds
[Worker0] Imported GUID: c82e859b16636ddd2ca4a1f63fd34938 - Path: Packages/com.unity.modules.androidjni/package.ModuleCompilationTrigger - Importer: ScriptedImporter/UnityEditor.QuickSearchModule:UnityEditor.Search:ASIAI0B -> (ImportResultId: 'af0b1a8092fd1681a541d234948239f6') in 0.0009711 seconds
[Worker0] Imported GUID: 559482fe33c79e44882d3a6cedc55fb5 - Path: Packages/com.unity.test-framework/UnityEditor.TestRunner/TestResultSerializer.cs - Importer: ScriptedImporter/UnityEditor.QuickSearchModule:UnityEditor.Search:ASIAI0B -> (ImportResultId: 'c20f7ce2256e3d59f8db8cb720f21e7e') in 0.0010243 seconds
[Worker0] Imported GUID: 4c413a81cadcce7038e446e56570117e - Path: Packages/com.unity.modules.adaptiveperformance/package.json - Importer: ScriptedImporter/UnityEditor.QuickSearchModule:UnityEditor.Search:ASIAI0B -> (ImportResultId: '65b91f5c2c89ea5415adb434b96a090b') in 0.0009027 seconds
[Worker0] Imported GUID: eea34a28297f9bc4c9f4c573bc8d5d1c - Path: Packages/com.unity.test-framework/UnityEditor.TestRunner/Api/ExecutionSettings.cs - Importer: ScriptedImporter/UnityEditor.QuickSearchModule:UnityEditor.Search:ASIAI0B -> (ImportResultId: '06ca7db0473a92b88f0d894d14d1f48b') in 0.0015342 seconds
[Worker0] Imported GUID: bd1af0a6633ee94ae21c7d1d702cdc12 - Path: Packages/com.unity.modules.androidjni/package.json - Importer: ScriptedImporter/UnityEditor.QuickSearchModule:UnityEditor.Search:ASIAI0B -> (ImportResultId: '742fca89ae87bd29cd5bb25ee3faea78') in 0.0020824 seconds
[Worker0] Imported GUID: 2479a4656ed89570ebd1de1fdda3dae5 - Path: Packages/com.unity.modules.timelinefoundation/package.json - Importer: ScriptedImporter/UnityEditor.QuickSearchModule:UnityEditor.Search:ASIAI0B -> (ImportResultId: 'e18646da5cd28ce879c2684f83e71b92') in 0.0018675 seconds
[Worker0] Imported GUID: 93eea84e53d0226479c9a584f19427b5 - Path: Packages/com.unity.test-framework/UnityEditor.TestRunner/Api/ICallbacks.cs - Importer: ScriptedImporter/UnityEditor.QuickSearchModule:UnityEditor.Search:ASIAI0B -> (ImportResultId: '2411f3f188b847f8ce1ffd4a42aba20a') in 0.001452 seconds
[Worker0] Imported GUID: 4dfcd3a631f61d248b7cc0b845d40345 - Path: Packages/com.unity.test-framework/UnityEditor.TestRunner/TestRunnerWindow.cs - Importer: ScriptedImporter/UnityEditor.QuickSearchModule:UnityEditor.Search:ASIAI0B -> (ImportResultId: '62b775d6928736db7abffad2d16b44aa') in 0.0011283 seconds
[Worker0] Imported GUID: 1a06c562b0c5eb046bcb876a29f93c98 - Path: Packages/com.unity.test-framework/UnityEditor.TestRunner/Api/IErrorCallbacks.cs - Importer: ScriptedImporter/UnityEditor.QuickSearchModule:UnityEditor.Search:ASIAI0B -> (ImportResultId: '38c4be244c184030651b8467a1411a0f') in 0.0010465 seconds
[Worker0] Imported GUID: 7ef8348b8ea834d7e1bc214b07f7fb87 - Path: Packages/com.unity.modules.animation/package.json - Importer: ScriptedImporter/UnityEditor.QuickSearchModule:UnityEditor.Search:ASIAI0B -> (ImportResultId: 'f751af31c4dc42ed3e48fe973ddf6682') in 0.000989 seconds
[Worker0] Imported GUID: 082fbee38a82835433261a5e9c00e267 - Path: Packages/com.unity.modules.cloth/package.ModuleCompilationTrigger - Importer: ScriptedImporter/UnityEditor.QuickSearchModule:UnityEditor.Search:ASIAI0B -> (ImportResultId: '1ece147e1bb2f08de4f91d250acbe709') in 0.0009907 seconds
[Worker0] Imported GUID: b5930dbc378b45d406aeb881f06b6dfa - Path: Packages/com.unity.modules.physicscore2d/package.json - Importer: ScriptedImporter/UnityEditor.QuickSearchModule:UnityEditor.Search:ASIAI0B -> (ImportResultId: 'd59b0b07618a34ca8c9751412a3633f1') in 0.0009122 seconds
[Worker0] Imported GUID: 51fa60bb2bd1e5bc74e8cc95a7bfd5b7 - Path: Packages/com.unity.modules.ui/package.ModuleCompilationTrigger - Importer: ScriptedImporter/UnityEditor.QuickSearchModule:UnityEditor.Search:ASIAI0B -> (ImportResultId: '464db968fbfc265d133d09beeee2c943') in 0.0009716 seconds
[Worker0] Imported GUID: d742f2caefd9f934d9f19dad07a08e6f - Path: Packages/com.unity.test-framework/UnityEditor.TestRunner/Api/ICallbacksHolder.cs - Importer: ScriptedImporter/UnityEditor.QuickSearchModule:UnityEditor.Search:ASIAI0B -> (ImportResultId: 'a9705d73bb18c8f9016a22a8075dc75a') in 0.0012292 seconds
[Worker0] Imported GUID: cd561f5f687aed43bf280c27a84f79e3 - Path: Packages/com.unity.modules.screencapture/package.ModuleCompilationTrigger - Importer: ScriptedImporter/UnityEditor.QuickSearchModule:UnityEditor.Search:ASIAI0B -> (ImportResultId: '770ecede47eef356cf761a7864959067') in 0.0010214 seconds
[Worker0] Imported GUID: b83f06ac0c0696e9563230865ca72b81 - Path: Packages/com.unity.modules.wind/package.json - Importer: ScriptedImporter/UnityEditor.QuickSearchModule:UnityEditor.Search:ASIAI0B -> (ImportResultId: '39e7eb1da01f1f766ef8229256150a87') in 0.0009374 seconds
[Worker0] Imported GUID: 4bf139fc5e9d9240edc107e25d67d398 - Path: Packages/com.unity.modules.tetgen/package.ModuleCompilationTrigger - Importer: ScriptedImporter/UnityEditor.QuickSearchModule:UnityEditor.Search:ASIAI0B -> (ImportResultId: '23a22350ec23b876771862e75cce71e1') in 0.0043534 seconds
[Worker0] Imported GUID: 803abab0f7e17044db56f8760186dbd1 - Path: Packages/com.unity.test-framework/UnityEditor.TestRunner/Api/ITestAdaptorFactory.cs - Importer: ScriptedImporter/UnityEditor.QuickSearchModule:UnityEditor.Search:ASIAI0B -> (ImportResultId: '3b3ccbb58604c5558380fa8d3a507ee9') in 0.0011955 seconds
[Worker0] Imported GUID: 14e86f88e9a8c9c448d7e7df92f2aeec - Path: Packages/com.unity.modules.physicscore2d/package.ModuleCompilationTrigger - Importer: ScriptedImporter/UnityEditor.QuickSearchModule:UnityEditor.Search:ASIAI0B -> (ImportResultId: 'e38f09162d86834fa743d9599f01f492') in 0.0011022 seconds
[Worker0] Imported GUID: 0acc523941302664db1f4e527237feb3 - Path: Packages/com.unity.test-framework/UnityEditor.TestRunner/UnityEditor.TestRunner.asmdef - Importer: ScriptedImporter/UnityEditor.QuickSearchModule:UnityEditor.Search:ASIAI0B -> (ImportResultId: '795cf92cca8edec17e712ecc53b7c406') in 0.0010019 seconds
[Worker0] Imported GUID: c88e90bad18cceb5d182d0c805883056 - Path: Packages/com.unity.modules.director/package.ModuleCompilationTrigger - Importer: ScriptedImporter/UnityEditor.QuickSearchModule:UnityEditor.Search:ASIAI0B -> (ImportResultId: 'e01818dc6420d4199f92bd9fdb21bca1') in 0.0017201 seconds
[Worker0] Imported GUID: cb67edc1800c2ec4ba8dfb1cf0dfc84a - Path: Packages/com.unity.ide.visualstudio/Editor/COMIntegration/Release/COMIntegration.exe - Importer: ScriptedImporter/UnityEditor.QuickSearchModule:UnityEditor.Search:ASIAI0B -> (ImportResultId: '7618ee3e25d6ec3d7af66beff8951835') in 0.0011139 seconds
[Worker0] Imported GUID: 42fe78c8fe682715a2cb531422e6ccb3 - Path: Packages/com.unity.modules.imgui/package.json - Importer: ScriptedImporter/UnityEditor.QuickSearchModule:UnityEditor.Search:ASIAI0B -> (ImportResultId: '13d4a218cb696c7c3d79110c020d48c2') in 0.0012787 seconds
[Worker0] Imported GUID: 0de03ebd74e2b474fa23d05ab42d0cd8 - Path: Packages/com.unity.test-framework/UnityEditor.TestRunner/Api/CallbacksDelegator.cs - Importer: ScriptedImporter/UnityEditor.QuickSearchModule:UnityEditor.Search:ASIAI0B -> (ImportResultId: '6593b1d79965634943bd50be668842de') in 0.0012281 seconds
[Worker0] Imported GUID: 8f8f74fe8e363da42875d9cab025d3b2 - Path: Packages/com.unity.test-framework/UnityEditor.TestRunner/Api/ICallbacksDelegator.cs - Importer: ScriptedImporter/UnityEditor.QuickSearchModule:UnityEditor.Search:ASIAI0B -> (ImportResultId: 'd2e5e5b957825fba87b00ebb0910fc49') in 0.0013131 seconds
[Worker0] Imported GUID: 906c12bc9cd95d3963c6d58f62522c78 - Path: Packages/com.unity.modules.cloth/package.json - Importer: ScriptedImporter/UnityEditor.QuickSearchModule:UnityEditor.Search:ASIAI0B -> (ImportResultId: '90947f5c575b4445e02cc26a03e00433') in 0.0036164 seconds
[Worker0] Imported GUID: cc22cc13b69c1094c85e176c008b9ef8 - Path: Packages/com.unity.test-framework/UnityEngine.TestRunner/AssemblyInfo.cs - Importer: ScriptedImporter/UnityEditor.QuickSearchModule:UnityEditor.Search:ASIAI0B -> (ImportResultId: '69b28da4b9f28b61f5c3b7598a70adb0') in 0.0012443 seconds
[Worker0] Imported GUID: 71136fc5cf34f2cc10be0e33c0b08019 - Path: Packages/com.unity.modules.unityanalytics/package.ModuleCompilationTrigger - Importer: ScriptedImporter/UnityEditor.QuickSearchModule:UnityEditor.Search:ASIAI0B -> (ImportResultId: 'd59bafcb7a536cf35ddc3fb86bf62eb1') in 0.001093 seconds
[Worker0] Imported GUID: a785dd14005a471483d6732fabeee0ea - Path: Packages/com.unity.test-framework/UnityEditor.TestRunner/Api/IgnoreTest.cs - Importer: ScriptedImporter/UnityEditor.QuickSearchModule:UnityEditor.Search:ASIAI0B -> (ImportResultId: '113d37840dfe9485894f0ed51b58c9f3') in 0.0011097 seconds
[Worker0] Imported GUID: 1af35a910338381f753e8a985eb5daab - Path: Packages/com.unity.modules.adaptiveperformance/package.ModuleCompilationTrigger - Importer: ScriptedImporter/UnityEditor.QuickSearchModule:UnityEditor.Search:ASIAI0B -> (ImportResultId: 'd075aa3cbd99422dbe37613ef5b92c38') in 0.0010915 seconds
[Worker0] Imported GUID: 4884ccc3528cb2e40a0e6f0a19a2b35b - Path: Packages/com.unity.test-framework/UnityEditor.TestRunner/Api/CallbacksHolder.cs - Importer: ScriptedImporter/UnityEditor.QuickSearchModule:UnityEditor.Search:ASIAI0B -> (ImportResultId: '88aee0b117815fcf316bb8b76814f913') in 0.0013991 seconds
[Worker0] Imported GUID: 05f92e4a2414cb144a92157752dfa324 - Path: Packages/com.unity.test-framework/UnityEditor.TestRunner/Api/Filter.cs - Importer: ScriptedImporter/UnityEditor.QuickSearchModule:UnityEditor.Search:ASIAI0B -> (ImportResultId: '3ad5331b7ceff8cbf105ebcc08afa5ad') in 0.0010948 seconds
[Worker0] Imported GUID: 2adec19fac7df68adf1fd6eb83197bb1 - Path: Packages/com.unity.modules.wind/package.ModuleCompilationTrigger - Importer: ScriptedImporter/UnityEditor.QuickSearchModule:UnityEditor.Search:ASIAI0B -> (ImportResultId: '7e1b6f4b84180ce31bae1f7fc4dca6f0') in 0.0010248 seconds
[Worker0] Imported GUID: bfd567a3d1631a761bca9e99fa53d86d - Path: Packages/com.unity.modules.ui/package.json - Importer: ScriptedImporter/UnityEditor.QuickSearchModule:UnityEditor.Search:ASIAI0B -> (ImportResultId: 'ecea9730d08699da5afb28e29e446d91') in 0.0009804 seconds
[Worker0] Imported GUID: 26a4f29db434fd79025c91f6126382cc - Path: Packages/com.unity.modules.unityanalytics/package.json - Importer: ScriptedImporter/UnityEditor.QuickSearchModule:UnityEditor.Search:ASIAI0B -> (ImportResultId: '812817a06fe080eecca9f6559a20afd4') in 0.0067302 seconds
[Worker0] Imported GUID: d2146428d3f1ad54eb7326c9a44b3284 - Path: Packages/com.unity.test-framework/UnityEditor.TestRunner/RequirePlatformSupportAttribute.cs - Importer: ScriptedImporter/UnityEditor.QuickSearchModule:UnityEditor.Search:ASIAI0B -> (ImportResultId: '11af955df1b4eddace36c10be49a98f6') in 0.0012297 seconds
[Worker0] Imported GUID: d6a2e6e4803de7b43baacdc355fc144d - Path: Packages/com.unity.test-framework/package.json - Importer: ScriptedImporter/UnityEditor.QuickSearchModule:UnityEditor.Search:ASIAI0B -> (ImportResultId: 'ad5ae53eb5591e86ee1b7857f142d77d') in 0.0012393 seconds
[Worker0] Imported GUID: d691174143fd3774ba63d7c493633b99 - Path: Packages/com.unity.test-framework/CHANGELOG.md - Importer: ScriptedImporter/UnityEditor.QuickSearchModule:UnityEditor.Search:ASIAI0B -> (ImportResultId: '711f6618f959f35957057a31d5936e2d') in 0.0021781 seconds
[Worker0] Imported GUID: fd57cf917f61bbb42b8f030436426ddd - Path: Packages/com.unity.test-framework/UnityEditor.TestRunner/GUI/IGuiHelper.cs - Importer: ScriptedImporter/UnityEditor.QuickSearchModule:UnityEditor.Search:ASIAI0B -> (ImportResultId: 'b3167ff9d39bee0681aa259d119a4f1f') in 0.0030025 seconds
[Worker0] Imported GUID: 1ebc1994f9a3d5649a1201d3a84b38df - Path: Packages/com.unity.test-framework/UnityEditor.TestRunner/TestRunner/EditorEnumeratorTestWorkItem.cs - Importer: ScriptedImporter/UnityEditor.QuickSearchModule:UnityEditor.Search:ASIAI0B -> (ImportResultId: 'a93638d6fbcb797d4f64e5016be5b907') in 0.0031434 seconds
[Worker0] Imported GUID: 9ec94545c5b00344c9bd8e691f15d799 - Path: Packages/com.unity.test-framework/UnityEditor.TestRunner/Api/TestStatus.cs - Importer: ScriptedImporter/UnityEditor.QuickSearchModule:UnityEditor.Search:ASIAI0B -> (ImportResultId: '1264fb2a3e5c111f6e621b9b6c467c3b') in 0.0019642 seconds
[Worker0] Imported GUID: c3a75354f6ceac94ca15ca9d96593290 - Path: Packages/com.unity.test-framework/UnityEditor.TestRunner/CommandLineTest/ExecutionSettings.cs - Importer: ScriptedImporter/UnityEditor.QuickSearchModule:UnityEditor.Search:ASIAI0B -> (ImportResultId: 'bd314a67676f6c91947e688556f45d5b') in 0.0019182 seconds
[Worker0] Imported GUID: 0b677ddfd54046c498a20446baa4f932 - Path: Packages/com.unity.test-framework/UnityEditor.TestRunner/TestRun/TestJobRunner.cs - Importer: ScriptedImporter/UnityEditor.QuickSearchModule:UnityEditor.Search:ASIAI0B -> (ImportResultId: '86b2010bbb4035866c89b70842997c83') in 0.005297 seconds
[Worker0] Imported GUID: c1cba6f3ed484514097080a3bb835958 - Path: Packages/com.unity.test-framework/UnityEditor.TestRunner/TestLaunchers/PlayerLauncherTestRunSettings.cs - Importer: ScriptedImporter/UnityEditor.QuickSearchModule:UnityEditor.Search:ASIAI0B -> (ImportResultId: '788d6d6d8c427109aacddec074f5e110') in 0.0026613 seconds
[Worker0] Imported GUID: 68993ba529ae04440916cb7c23bf3279 - Path: Packages/com.unity.test-framework/UnityEditor.TestRunner/Api/TestRunnerApi.cs - Importer: ScriptedImporter/UnityEditor.QuickSearchModule:UnityEditor.Search:ASIAI0B -> (ImportResultId: 'e11bc307459d2b6c89aa52921cd240d8') in 0.0015837 seconds
[Worker0] Imported GUID: 6965880f76f40194593cb53a88f74005 - Path: Packages/com.unity.test-framework/UnityEditor.TestRunner/TestLaunchers/PlayerLauncherContextSettings.cs - Importer: ScriptedImporter/UnityEditor.QuickSearchModule:UnityEditor.Search:ASIAI0B -> (ImportResultId: 'c83bfc23114a6027c2de7947c13012df') in 0.0023 seconds
[Worker0] Imported GUID: d061ada5d3169454daf54243390b5fdb - Path: Packages/com.unity.test-framework/UnityEditor.TestRunner/Api/TestResultAdaptor.cs - Importer: ScriptedImporter/UnityEditor.QuickSearchModule:UnityEditor.Search:ASIAI0B -> (ImportResultId: '0589bbbd1e7ff5a3544aa4fccb6c426f') in 0.0014868 seconds
[Worker0] Imported GUID: 0efb23ecb373b6d4bbe5217485785138 - Path: Packages/com.unity.test-framework/UnityEditor.TestRunner/TestLaunchers/RuntimeTestLauncherBase.cs - Importer: ScriptedImporter/UnityEditor.QuickSearchModule:UnityEditor.Search:ASIAI0B -> (ImportResultId: 'e90778e0e1cbf9e858191f04f976d725') in 0.00149 seconds
[Worker0] Imported GUID: 317f06562c344e22991ba4117cf7b71c - Path: Packages/com.unity.test-framework/UnityEditor.TestRunner/CommandLineTest/TestState.cs - Importer: ScriptedImporter/UnityEditor.QuickSearchModule:UnityEditor.Search:ASIAI0B -> (ImportResultId: 'f237e0488a7b42ab444b89ce64f389ae') in 0.0035906 seconds
[Worker0] Imported GUID: d56e34a052c646e39a3317c404303e5f - Path: Packages/com.unity.test-framework/UnityEditor.TestRunner/CommandLineTest/IRunData.cs - Importer: ScriptedImporter/UnityEditor.QuickSearchModule:UnityEditor.Search:ASIAI0B -> (ImportResultId: '0b5e7e6fe3243df2d896783fa2bd123e') in 0.0033086 seconds
[Worker0] Imported GUID: 8d20eedbe40f0ce41a4c4f633f225de8 - Path: Packages/com.unity.test-framework/UnityEditor.TestRunner/CommandLineTest/LogSavingCallbacks.cs - Importer: ScriptedImporter/UnityEditor.QuickSearchModule:UnityEditor.Search:ASIAI0B -> (ImportResultId: '297307b80054da9979a1196b809659c5') in 0.0015072 seconds
[Worker0] Imported GUID: 416b65350c010294db54ceca7fd02072 - Path: Packages/com.unity.test-framework/UnityEditor.TestRunner/TestRun/RequiredTestRunDataMissingException.cs - Importer: ScriptedImporter/UnityEditor.QuickSearchModule:UnityEditor.Search:ASIAI0B -> (ImportResultId: '07fc861194c0b9bc711b4143ccbdb03b') in 0.0015136 seconds
[Worker0] Imported GUID: d0663d520c26b7c48a4135599e66acf8 - Path: Packages/com.unity.test-framework/UnityEditor.TestRunner/Api/TestAdaptorFactory.cs - Importer: ScriptedImporter/UnityEditor.QuickSearchModule:UnityEditor.Search:ASIAI0B -> (ImportResultId: 'ef38b45779c628239336b7c8b2b84d38') in 0.0014827 seconds
[Worker0] Imported GUID: edd2a1fe1acbbde43aad39862bb3f4a8 - Path: Packages/com.unity.test-framework/UnityEditor.TestRunner/TestLaunchers/RemotePlayerLogController.cs - Importer: ScriptedImporter/UnityEditor.QuickSearchModule:UnityEditor.Search:ASIAI0B -> (ImportResultId: '69568e59827c182660dc0096ac62c4ad') in 0.0017201 seconds
[Worker0] Imported GUID: 8bb59cb2f66d156418ca1bd1e2703233 - Path: Packages/com.unity.test-framework/UnityEditor.TestRunner/Api/RunState.cs - Importer: ScriptedImporter/UnityEditor.QuickSearchModule:UnityEditor.Search:ASIAI0B -> (ImportResultId: 'b68b9cad6ff1fdcbaf12ee8eb5337a47') in 0.0014976 seconds
[Worker0] Imported GUID: b7468a027a77337478e133b40b42b4f9 - Path: Packages/com.unity.test-framework/UnityEditor.TestRunner/CommandLineTest/SettingsBuilder.cs - Importer: ScriptedImporter/UnityEditor.QuickSearchModule:UnityEditor.Search:ASIAI0B -> (ImportResultId: 'ff2fe4a2eaceb55d2a80f19775122d38') in 0.0078193 seconds
[Worker0] Imported GUID: 208e46d59ff6e304db0318377d20f5a1 - Path: Packages/com.unity.test-framework/UnityEditor.TestRunner/GUI/IAssetsDatabaseHelper.cs - Importer: ScriptedImporter/UnityEditor.QuickSearchModule:UnityEditor.Search:ASIAI0B -> (ImportResultId: '9b3747e412b79b9fe758c37c21940b6d') in 0.0015351 seconds
[Worker0] Imported GUID: d973fc1524e4d724081553934c55958c - Path: Packages/com.unity.test-framework/UnityEditor.TestRunner/TestLaunchers/PlayerLauncher.cs - Importer: ScriptedImporter/UnityEditor.QuickSearchModule:UnityEditor.Search:ASIAI0B -> (ImportResultId: 'ae7ed4c7f1f9fad3ab935a9707a66250') in 0.0014885 seconds
[Worker0] Imported GUID: 05778dd1de4433d418793b6f3d3c18cf - Path: Packages/com.unity.test-framework/UnityEditor.TestRunner/CommandLineTest/LogWriter.cs - Importer: ScriptedImporter/UnityEditor.QuickSearchModule:UnityEditor.Search:ASIAI0B -> (ImportResultId: '52a3c315f5982e1f64543dc5651a2d6b') in 0.0015122 seconds
[Worker0] Imported GUID: 740b3785866edda4b8d1e1a05570a5f8 - Path: Packages/com.unity.test-framework/UnityEditor.TestRunner/GUI/AssetsDatabaseHelper.cs - Importer: ScriptedImporter/UnityEditor.QuickSearchModule:UnityEditor.Search:ASIAI0B -> (ImportResultId: 'ae2c032ee5416ffbf9c797892349563c') in 0.0017313 seconds
[Worker0] Imported GUID: 7d36034e63ad8254b9b2f55280fcc040 - Path: Packages/com.unity.test-framework/UnityEditor.TestRunner/TestLaunchers/RemotePlayerTestController.cs - Importer: ScriptedImporter/UnityEditor.QuickSearchModule:UnityEditor.Search:ASIAI0B -> (ImportResultId: 'ca1855d2a66a4fad60988b8207d23d2f') in 0.0095788 seconds
[Worker0] Imported GUID: 241a47157da9420aaafa8cda2afd41a0 - Path: Packages/com.unity.test-framework/UnityEditor.TestRunner/TestRun/WaitForPlayerRunTask.cs - Importer: ScriptedImporter/UnityEditor.QuickSearchModule:UnityEditor.Search:ASIAI0B -> (ImportResultId: '21603c3390f6f0f3d67ed92643c0fdeb') in 0.0015138 seconds
[Worker0] Imported GUID: f445ca0c614a846449fcd8ae648c24e2 - Path: Packages/com.unity.test-framework/UnityEditor.TestRunner/CommandLineParser/ICommandLineOption.cs - Importer: ScriptedImporter/UnityEditor.QuickSearchModule:UnityEditor.Search:ASIAI0B -> (ImportResultId: 'c532d1068628b6f9e93072ff12d09c9c') in 0.0015583 seconds
[Worker0] Imported GUID: 3dde15f260b0dd1469e60d16eaa795dc - Path: Packages/com.unity.test-framework/UnityEditor.TestRunner/TestRunner/EditmodeWorkItemFactory.cs - Importer: ScriptedImporter/UnityEditor.QuickSearchModule:UnityEditor.Search:ASIAI0B -> (ImportResultId: '8d02eec894c6ed729c81cce03ef6d224') in 0.0014533 seconds
[Worker0] Imported GUID: 1d45b9d3cf85bee4f99c1492fca8438a - Path: Packages/com.unity.test-framework/UnityEditor.TestRunner/TestRun/TestRunCanceledException.cs - Importer: ScriptedImporter/UnityEditor.QuickSearchModule:UnityEditor.Search:ASIAI0B -> (ImportResultId: 'fca7c1c6e19111b19ac4228244b24d15') in 0.0166872 seconds
[Worker0] Imported GUID: 83eda34b7da01e04aa894f268158b0c0 - Path: Packages/com.unity.test-framework/UnityEditor.TestRunner/TestSettings/ITestSettings.cs - Importer: ScriptedImporter/UnityEditor.QuickSearchModule:UnityEditor.Search:ASIAI0B -> (ImportResultId: 'f03d2636e28c61b51d5b2f4109e1c3b0') in 0.0065795 seconds
[Worker0] Imported GUID: 8a13cbeb2099aca47bb456f49845f86c - Path: Packages/com.unity.test-framework/UnityEditor.TestRunner/CommandLineTest/ISettingsBuilder.cs - Importer: ScriptedImporter/UnityEditor.QuickSearchModule:UnityEditor.Search:ASIAI0B -> (ImportResultId: '17d8f3d1674d4cf65f993aa304f8772d') in 0.002265 seconds
[Worker0] Imported GUID: 15f870c6975ad6449b5b52514b90dc2b - Path: Packages/com.unity.test-framework/UnityEditor.TestRunner/GUI/TestRunnerUIFilter.cs - Importer: ScriptedImporter/UnityEditor.QuickSearchModule:UnityEditor.Search:ASIAI0B -> (ImportResultId: '25e671159d945ba45d9af139701b4582') in 0.0043398 seconds
[Worker0] Imported GUID: 2ae2ce6274819484fa8747a28cebdf3a - Path: Packages/com.unity.test-framework/UnityEditor.TestRunner/Api/ITestRunSettings.cs - Importer: ScriptedImporter/UnityEditor.QuickSearchModule:UnityEditor.Search:ASIAI0B -> (ImportResultId: '20fcb8e8e31aaa4b9e222f05654321e8') in 0.0016067 seconds
[Worker0] Imported GUID: b1516a46a16d458e8debc6b459b107ea - Path: Packages/com.unity.test-framework/UnityEditor.TestRunner/TestRun/TaskList.cs - Importer: ScriptedImporter/UnityEditor.QuickSearchModule:UnityEditor.Search:ASIAI0B -> (ImportResultId: '7c0fe1af20ab3f92dbb52d4278268326') in 0.0094565 seconds
[Worker0] Imported GUID: 29d603e0a726a9043b3503112271844a - Path: Packages/com.unity.test-framework/UnityEditor.TestRunner/Api/ResultsWriter.cs - Importer: ScriptedImporter/UnityEditor.QuickSearchModule:UnityEditor.Search:ASIAI0B -> (ImportResultId: 'ca4cb79a0863d17b99cb0a4a04456b63') in 0.0015392 seconds
[Worker0] Imported GUID: 6d16f2e78a356d34c9a32108929de932 - Path: Packages/com.unity.test-framework/UnityEditor.TestRunner/TestRunner/EditModePCHelper.cs - Importer: ScriptedImporter/UnityEditor.QuickSearchModule:UnityEditor.Search:ASIAI0B -> (ImportResultId: '0aa568c3f90abbd0f0b8ecb0c711e010') in 0.0016405 seconds
[Worker0] Imported GUID: 8069e1fc631e461ababf11f19a9c0df3 - Path: Packages/com.unity.test-framework/UnityEditor.TestRunner/GUI/UITestRunnerFilter.cs - Importer: ScriptedImporter/UnityEditor.QuickSearchModule:UnityEditor.Search:ASIAI0B -> (ImportResultId: 'a14794b49da822ff453baf536f9679f8') in 0.0015662 seconds
[Worker0] Imported GUID: c9219e99d466b7741a057132d1994f35 - Path: Packages/com.unity.test-framework/UnityEditor.TestRunner/TestRunner/EditModeRunner.cs - Importer: ScriptedImporter/UnityEditor.QuickSearchModule:UnityEditor.Search:ASIAI0B -> (ImportResultId: 'bf1c3e6da6de4bf0536d2cfdb10b163b') in 0.0090859 seconds
[Worker0] Imported GUID: 8a06b6fbaa6f4191aa47b7e31242f061 - Path: Packages/com.unity.test-framework/UnityEditor.TestRunner/Api/TestRunProgress.cs - Importer: ScriptedImporter/UnityEditor.QuickSearchModule:UnityEditor.Search:ASIAI0B -> (ImportResultId: '4021370ecec17faa34df57e3dcee86ab') in 0.0018895 seconds
[Worker0] Imported GUID: d0138170d24533e47b8e6c250c6d7fbc - Path: Packages/com.unity.test-framework/UnityEditor.TestRunner/GUI/GuiHelper.cs - Importer: ScriptedImporter/UnityEditor.QuickSearchModule:UnityEditor.Search:ASIAI0B -> (ImportResultId: '2cf5be369b9b1b1be31a9afba142777d') in 0.0015014 seconds
[Worker0] Imported GUID: ef563c5a6ecf64d4193dc144cb7d472a - Path: Packages/com.unity.test-framework/UnityEditor.TestRunner/CommandLineTest/ResultsSavingCallbacks.cs - Importer: ScriptedImporter/UnityEditor.QuickSearchModule:UnityEditor.Search:ASIAI0B -> (ImportResultId: '2a7f2e956c55cf688c63b82adc81fdab') in 0.0014795 seconds
[Worker0] Imported GUID: a3529368f4cd0424a89aa51080a16b06 - Path: Packages/com.unity.test-framework/UnityEditor.TestRunner/CommandLineParser/CommandLineOption.cs - Importer: ScriptedImporter/UnityEditor.QuickSearchModule:UnityEditor.Search:ASIAI0B -> (ImportResultId: '982acd01bc3f2a54f165f07d78aed221') in 0.0016943 seconds
[Worker0] Imported GUID: 5a0dfda606a24736913c00edd76e55f6 - Path: Packages/com.unity.test-framework/UnityEditor.TestRunner/GUI/TestRunnerGUI.cs - Importer: ScriptedImporter/UnityEditor.QuickSearchModule:UnityEditor.Search:ASIAI0B -> (ImportResultId: '20ffa644ef43cd364d6f6e625d693dcd') in 0.0037985 seconds
[Worker0] Imported GUID: a582090813554df479fb9ca03e9857d3 - Path: Packages/com.unity.test-framework/UnityEditor.TestRunner/TestLaunchers/EditModeLauncherContextSettings.cs - Importer: ScriptedImporter/UnityEditor.QuickSearchModule:UnityEditor.Search:ASIAI0B -> (ImportResultId: 'b7501a7a9ed38dfe9ccb1b5da575f464') in 0.0020064 seconds
[Worker0] Imported GUID: 083c6a3a5426382449369ddc12b691d8 - Path: Packages/com.unity.test-framework/UnityEditor.TestRunner/CommandLineTest/Executer.cs - Importer: ScriptedImporter/UnityEditor.QuickSearchModule:UnityEditor.Search:ASIAI0B -> (ImportResultId: '141570c50548b291cef48793d90cff2c') in 0.0015674 seconds
[Worker0] Imported GUID: d3217d58bbd1d2b4aaee933e2e8b9195 - Path: Packages/com.unity.test-framework/UnityEditor.TestRunner/TestLaunchers/PlaymodeLauncher.cs - Importer: ScriptedImporter/UnityEditor.QuickSearchModule:UnityEditor.Search:ASIAI0B -> (ImportResultId: 'cad913afb729cfc0f8507c8631d1025b') in 0.0014465 seconds
[Worker0] Imported GUID: 1cddf785b0d07434d8e0607c97b09135 - Path: Packages/com.unity.test-framework/UnityEditor.TestRunner/TestLaunchers/TestLauncherBase.cs - Importer: ScriptedImporter/UnityEditor.QuickSearchModule:UnityEditor.Search:ASIAI0B -> (ImportResultId: '224867a55e1ad81065dcce09365b0977') in 0.0015132 seconds
[Worker0] Imported GUID: 124533853216377448d786fd7c725701 - Path: Packages/com.unity.test-framework/UnityEditor.TestRunner/NUnitExtension/TestRunnerStateSerializer.cs - Importer: ScriptedImporter/UnityEditor.QuickSearchModule:UnityEditor.Search:ASIAI0B -> (ImportResultId: 'c0182234efd2c4f3c23800f551cbb50d') in 0.0017737 seconds
[Worker0] Imported GUID: 3297738ef11b478a8b7ee802953ae768 - Path: Packages/com.unity.test-framework/UnityEditor.TestRunner/CommandLineTest/IExecuter.cs - Importer: ScriptedImporter/UnityEditor.QuickSearchModule:UnityEditor.Search:ASIAI0B -> (ImportResultId: '7ab75dc139a96d92282855b473f4c613') in 0.0015728 seconds
[Worker0] Imported GUID: 4230e406313f1db43a4b548e7a3ad2e2 - Path: Packages/com.unity.test-framework/UnityEditor.TestRunner/Api/ITestTreeRebuildCallbacks.cs - Importer: ScriptedImporter/UnityEditor.QuickSearchModule:UnityEditor.Search:ASIAI0B -> (ImportResultId: '00b8058fef19ddde4d023150ade247d9') in 0.0095368 seconds
[Worker0] Imported GUID: a7842a837a4b13e41ae16193db753418 - Path: Packages/com.unity.test-framework/UnityEditor.TestRunner/Api/ITestRunnerApi.cs - Importer: ScriptedImporter/UnityEditor.QuickSearchModule:UnityEditor.Search:ASIAI0B -> (ImportResultId: 'd27172fea09667c5e6898adffaa2bc28') in 0.0029285 seconds
[Worker0] Imported GUID: cad095eccea17b741bc4cd264e7441cd - Path: Packages/com.unity.test-framework/UnityEditor.TestRunner/Api/TestMode.cs - Importer: ScriptedImporter/UnityEditor.QuickSearchModule:UnityEditor.Search:ASIAI0B -> (ImportResultId: '638f7de5b671a737d5c66635031d90f4') in 0.0017139 seconds
[Worker0] Imported GUID: 4f90cfe4bf5cfb44f84a5b11387f2a42 - Path: Packages/com.unity.test-framework/UnityEditor.TestRunner/Api/ITestResultAdaptor.cs - Importer: ScriptedImporter/UnityEditor.QuickSearchModule:UnityEditor.Search:ASIAI0B -> (ImportResultId: '62ce20cb2779750e690bc181b90eb70c') in 0.0017806 seconds
[Worker0] Imported GUID: 4d616d1a494edd144b262cf6cd5e5fda - Path: Packages/com.unity.test-framework/UnityEditor.TestRunner/CommandLineTest/TestStarter.cs - Importer: ScriptedImporter/UnityEditor.QuickSearchModule:UnityEditor.Search:ASIAI0B -> (ImportResultId: 'cb1dfa6fd546811f7977200b7e6ec149') in 0.0031757 seconds
[Worker0] Imported GUID: a04a45bbed9e1714f9902fc9443669b9 - Path: Packages/com.unity.test-framework/UnityEditor.TestRunner/GUI/TestRunnerResult.cs - Importer: ScriptedImporter/UnityEditor.QuickSearchModule:UnityEditor.Search:ASIAI0B -> (ImportResultId: '28d4d79eee966f8ef18dcca6ffb533ac') in 0.0016353 seconds
[Worker0] Imported GUID: 8173ba5b162e4e5882521d173c36acec - Path: Packages/com.unity.test-framework/UnityEditor.TestRunner/TestRun/ITestJobRunner.cs - Importer: ScriptedImporter/UnityEditor.QuickSearchModule:UnityEditor.Search:ASIAI0B -> (ImportResultId: '7e1462ffe83bcdfbe8233139c8eb65b3') in 0.0022252 seconds
[Worker0] Imported GUID: 3f8c1075884df0249b80e23a0598f9c1 - Path: Packages/com.unity.test-framework/UnityEditor.TestRunner/CommandLineTest/RunData.cs - Importer: ScriptedImporter/UnityEditor.QuickSearchModule:UnityEditor.Search:ASIAI0B -> (ImportResultId: '5409f6328f4610cec6838e1e9dcf6fba') in 0.004048 seconds
[Worker0] Imported GUID: 63572993f2104574099a48392460b211 - Path: Packages/com.unity.test-framework/UnityEditor.TestRunner/CommandLineTest/SetupException.cs - Importer: ScriptedImporter/UnityEditor.QuickSearchModule:UnityEditor.Search:ASIAI0B -> (ImportResultId: '9a436f0ce419e4aca1d00d2b42fbac20') in 0.0032586 seconds
[Worker0] Imported GUID: 6e0e62db88935c74288c97c907243bd0 - Path: Packages/com.unity.test-framework/UnityEditor.TestRunner/Api/TestAdaptor.cs - Importer: ScriptedImporter/UnityEditor.QuickSearchModule:UnityEditor.Search:ASIAI0B -> (ImportResultId: 'b5ad1487c327e682f2c9b59babfb253c') in 0.0030311 seconds
[Worker0] Imported GUID: 43db38ca7188900429bf8be95ebbe197 - Path: Packages/com.unity.test-framework/UnityEditor.TestRunner/CommandLineTest/RunStateCallbacks.cs - Importer: ScriptedImporter/UnityEditor.QuickSearchModule:UnityEditor.Search:ASIAI0B -> (ImportResultId: '53d9d135fb1930abd10c9d702a697509') in 0.0018609 seconds
[Worker0] Imported GUID: 7d0a7ea6062a4f42bcea6cb642817537 - Path: Packages/com.unity.test-framework/UnityEditor.TestRunner/TestRun/ITestJobDataHolder.cs - Importer: ScriptedImporter/UnityEditor.QuickSearchModule:UnityEditor.Search:ASIAI0B -> (ImportResultId: 'f75b13777a57e4e3c73760c97fe179d2') in 0.0016146 seconds
[Worker0] Imported GUID: 901b761c5c1e22d4e8a3ba7d95bc1f5d - Path: Packages/com.unity.test-framework/UnityEditor.TestRunner/TestRunner/EnumeratorStepHelper.cs - Importer: ScriptedImporter/UnityEditor.QuickSearchModule:UnityEditor.Search:ASIAI0B -> (ImportResultId: '55f20f023e4f63b0f4b280f5d34ccf98') in 0.010645 seconds
[Worker0] Imported GUID: 59d3f5586b341a74c84c8f72144a4568 - Path: Packages/com.unity.test-framework/UnityEditor.TestRunner/CommandLineTest/RunSettings.cs - Importer: ScriptedImporter/UnityEditor.QuickSearchModule:UnityEditor.Search:ASIAI0B -> (ImportResultId: '26be6c83ee68fb68c0510f52a73abf9e') in 0.0016605 seconds
[Worker0] Imported GUID: 612b00d793cac3c49808ab3ee5428f16 - Path: Packages/com.unity.test-framework/UnityEditor.TestRunner/TestRun/TestJobDataHolder.cs - Importer: ScriptedImporter/UnityEditor.QuickSearchModule:UnityEditor.Search:ASIAI0B -> (ImportResultId: '22e6d7e28bee93ef3577f3419df05584') in 0.0016149 seconds
[Worker0] Imported GUID: 139c5eac101a4dc4fb3098e30c29f15e - Path: Packages/com.unity.test-framework/UnityEditor.TestRunner/CommandLineParser/CommandLineOptionSet.cs - Importer: ScriptedImporter/UnityEditor.QuickSearchModule:UnityEditor.Search:ASIAI0B -> (ImportResultId: 'c1a33f168d29ca94b09b2e4ee9097329') in 0.0018117 seconds
[Worker0] Imported GUID: d208a1684f8aa6a40ad91d6aa9600c14 - Path: Packages/com.unity.test-framework/UnityEditor.TestRunner/TestSettings/ITestSettingsDeserializer.cs - Importer: ScriptedImporter/UnityEditor.QuickSearchModule:UnityEditor.Search:ASIAI0B -> (ImportResultId: '50209b3fe46aadb92e3db8c3b4c4d3d6') in 0.0070086 seconds
[Worker0] Imported GUID: 621fd19bcb071b64aa1d68f0271aa780 - Path: Packages/com.unity.test-framework/UnityEngine.TestRunner/Utils/PostBuildCleanupAttribute.cs - Importer: ScriptedImporter/UnityEditor.QuickSearchModule:UnityEditor.Search:ASIAI0B -> (ImportResultId: '86c48ff4e78e09dd433e786edd4e129a') in 0.0016927 seconds
[Worker0] Imported GUID: 68a48d1900320ed458e118415857faf6 - Path: Packages/com.unity.test-framework/UnityEngine.TestRunner/Assertions/ConstraintsExtensions.cs - Importer: ScriptedImporter/UnityEditor.QuickSearchModule:UnityEditor.Search:ASIAI0B -> (ImportResultId: '9455461b53ea9af87540610b5bd677f3') in 0.0017678 seconds
[Worker0] Imported GUID: 6a3af79041a1431ab3a2a9395a7ed2ae - Path: Packages/com.unity.test-framework/UnityEngine.TestRunner/NUnitExtensions/OrderedTestSuiteModifier.cs - Importer: ScriptedImporter/UnityEditor.QuickSearchModule:UnityEditor.Search:ASIAI0B -> (ImportResultId: '59212eaff503562a99cb1ca77b84896c') in 0.0033815 seconds
[Worker0] Imported GUID: d0abdd8cb6b29a24c8ee19626ef741b9 - Path: Packages/com.unity.test-framework/UnityEditor.TestRunner/UnityTestProtocol/UtpDebuglogger.cs - Importer: ScriptedImporter/UnityEditor.QuickSearchModule:UnityEditor.Search:ASIAI0B -> (ImportResultId: '31a61e3e8175b3ef885347ca07bd46aa') in 0.0028106 seconds
[Worker0] Imported GUID: 2fcdb9402e0a4427bd5bd01f71ecf6d5 - Path: Packages/com.unity.test-framework/UnityEngine.TestRunner/Assertions/OutOfOrderExpectedLogMessageException.cs - Importer: ScriptedImporter/UnityEditor.QuickSearchModule:UnityEditor.Search:ASIAI0B -> (ImportResultId: '2a039045dfc73933fc0a4b8285055aa0') in 0.0025187 seconds
[Worker0] Imported GUID: b9aec9d3b0a86466ab4647d01e8fc87d - Path: Packages/com.unity.test-framework/UnityEngine.TestRunner/TestRunner/SynchronousFilter.cs - Importer: ScriptedImporter/UnityEditor.QuickSearchModule:UnityEditor.Search:ASIAI0B -> (ImportResultId: 'd6525b61807ab70fe20c34e42aceb818') in 0.0015959 seconds
[Worker0] Imported GUID: 1dd36da2e4e5540d5b2e44fc928a9d50 - Path: Packages/com.unity.test-framework/UnityEngine.TestRunner/Utils/IPostbuildCleanupWithTestData.cs - Importer: ScriptedImporter/UnityEditor.QuickSearchModule:UnityEditor.Search:ASIAI0B -> (ImportResultId: 'd4f4ebe019161a54c36435151fa26d66') in 0.0022699 seconds
[Worker0] Imported GUID: 4c006cc4132f4e2d8b3e7208af3e208c - Path: Packages/com.unity.test-framework/UnityEngine.TestRunner/NUnitExtensions/ITestSuiteModifier.cs - Importer: ScriptedImporter/UnityEditor.QuickSearchModule:UnityEditor.Search:ASIAI0B -> (ImportResultId: '9e6d13dcb20b1e4d7997e67517d6f455') in 0.0018432 seconds
[Worker0] Imported GUID: d1b534518943030499685344fd1d476d - Path: Packages/com.unity.test-framework/UnityEngine.TestRunner/TestRunner/ITestRunnerListener.cs - Importer: ScriptedImporter/UnityEditor.QuickSearchModule:UnityEditor.Search:ASIAI0B -> (ImportResultId: '4a2e6386692eec2e1dd5562a6974c1e4') in 0.0118991 seconds
[Worker0] Imported GUID: 1c15a1275ff24d1092facf3f75065ab6 - Path: Packages/com.unity.test-framework/UnityEngine.TestRunner/UnityTestProtocol/MessageForRetryRepeat.cs - Importer: ScriptedImporter/UnityEditor.QuickSearchModule:UnityEditor.Search:ASIAI0B -> (ImportResultId: 'aa138dbe706badf1c75cf984d0af99fb') in 0.0036166 seconds
[Worker0] Imported GUID: d09858396dd7adb4bbdb22ea0c8c3a37 - Path: Packages/com.unity.test-framework/UnityEngine.TestRunner/Assertions/AllocatingGCMemoryConstraint.cs - Importer: ScriptedImporter/UnityEditor.QuickSearchModule:UnityEditor.Search:ASIAI0B -> (ImportResultId: 'a5bfe26cd528627f8bd9ec29eb94fb18') in 0.0149624 seconds
[Worker0] Imported GUID: acc16f0c684508f44813662a300c574b - Path: Packages/com.unity.test-framework/UnityEngine.TestRunner/Utils/IPrebuildSetup.cs - Importer: ScriptedImporter/UnityEditor.QuickSearchModule:UnityEditor.Search:ASIAI0B -> (ImportResultId: '9999fcd982d9d5961a0595fcdd4ef752') in 0.002598 seconds
[Worker0] Imported GUID: 78776d25d6504b16a629856dba391764 - Path: Packages/com.unity.test-framework/UnityEditor.TestRunner/UnityTestProtocol/DeterministicGuid.cs - Importer: ScriptedImporter/UnityEditor.QuickSearchModule:UnityEditor.Search:ASIAI0B -> (ImportResultId: 'f9bb2863232db81a56ef2c16793122e5') in 0.0053129 seconds
[Worker0] Imported GUID: 8bc74398aa3944646ade4ee78cd57484 - Path: Packages/com.unity.test-framework/UnityEngine.TestRunner/NUnitExtensions/TestExtensions.cs - Importer: ScriptedImporter/UnityEditor.QuickSearchModule:UnityEditor.Search:ASIAI0B -> (ImportResultId: '4912222d4e1668e4e8be1838a51d6c39') in 0.0024375 seconds
[Worker0] Imported GUID: 26d207ea119f34117a1dc1a439e285e3 - Path: Packages/com.unity.test-framework/UnityEngine.TestRunner/Utils/PrebuildSetupWithTestDataAttribute.cs - Importer: ScriptedImporter/UnityEditor.QuickSearchModule:UnityEditor.Search:ASIAI0B -> (ImportResultId: 'dc9052a97161f02aefa5be885df13dbf') in 0.0019335 seconds
[Worker0] Imported GUID: ebcc5f899d9277642868aeda9a17cbaf - Path: Packages/com.unity.test-framework/UnityEditor.TestRunner/UnityTestProtocol/UtpMessageReporter.cs - Importer: ScriptedImporter/UnityEditor.QuickSearchModule:UnityEditor.Search:ASIAI0B -> (ImportResultId: '208858e9fbc6ad68fbd500c6ae9d8e43') in 0.0016693 seconds
[Worker0] Imported GUID: ae8ce3ffe04ac2c42945fd27e0291fc3 - Path: Packages/com.unity.test-framework/UnityEngine.TestRunner/Utils/AttributeHelper.cs - Importer: ScriptedImporter/UnityEditor.QuickSearchModule:UnityEditor.Search:ASIAI0B -> (ImportResultId: 'b81c99754bc4ffbea03b70023d5272d0') in 0.0103288 seconds
[Worker0] Imported GUID: 7dc341f3ffc346738912e0ae5aa6c7e4 - Path: Packages/com.unity.test-framework/UnityEditor.TestRunner/UnityTestProtocol/TesRunDataHolder.cs - Importer: ScriptedImporter/UnityEditor.QuickSearchModule:UnityEditor.Search:ASIAI0B -> (ImportResultId: '8444f29506bd66aa7ae6ac54cee4d217') in 0.0031139 seconds
[Worker0] Imported GUID: 900aac3710bc14542a8d164e3f0ff820 - Path: Packages/com.unity.test-framework/UnityEditor.TestRunner/UnityTestProtocol/UnityTestProtocolListener.cs - Importer: ScriptedImporter/UnityEditor.QuickSearchModule:UnityEditor.Search:ASIAI0B -> (ImportResultId: 'a2a615e43d689dec6bb234dbb93639f0') in 0.0165786 seconds
[Worker0] Imported GUID: 319fe8cda376431bb7987d94f916819b - Path: Packages/com.unity.test-framework/UnityEditor.TestRunner/UnityTestProtocol/UtpMessageBuilder.cs - Importer: ScriptedImporter/UnityEditor.QuickSearchModule:UnityEditor.Search:ASIAI0B -> (ImportResultId: '88d8e71ec7a4a1b62a22b8b98eca0036') in 0.0075005 seconds
[Worker0] Imported GUID: 6d5833966abeadb429de247e4316eef4 - Path: Packages/com.unity.test-framework/UnityEngine.TestRunner/Assertions/Is.cs - Importer: ScriptedImporter/UnityEditor.QuickSearchModule:UnityEditor.Search:ASIAI0B -> (ImportResultId: 'e3f18c32d2a9c07f317b9fa95db939ed') in 0.002539 seconds
[Worker0] Imported GUID: 38d0b8a87b967304da08a2ae9b955066 - Path: Packages/com.unity.test-framework/UnityEngine.TestRunner/Utils/ITestRunCallback.cs - Importer: ScriptedImporter/UnityEditor.QuickSearchModule:UnityEditor.Search:ASIAI0B -> (ImportResultId: '97523dfe67fa2e88393fd6821c9d2dfd') in 0.0024764 seconds
[Worker0] Imported GUID: 98ba0396e4b4ee8498a8f097affcfddf - Path: Packages/com.unity.test-framework/UnityEngine.TestRunner/NUnitExtensions/UnityTestAssemblyBuilder.cs - Importer: ScriptedImporter/UnityEditor.QuickSearchModule:UnityEditor.Search:ASIAI0B -> (ImportResultId: '4237e425fef1316d5aa5a6b47475cc10') in 0.0119245 seconds
[Worker0] Imported GUID: af5042802f06c804c8abddd544b77a4a - Path: Packages/com.unity.test-framework/UnityEngine.TestRunner/Utils/FloatEqualityComparer.cs - Importer: ScriptedImporter/UnityEditor.QuickSearchModule:UnityEditor.Search:ASIAI0B -> (ImportResultId: '7aa66a080c00e205535ad42552051aa3') in 0.0027846 seconds
[Worker0] Imported GUID: 102e512f651ee834f951a2516c1ea3b8 - Path: Packages/com.unity.test-framework/UnityEngine.TestRunner/TestRunner/PlaymodeTestsController.cs - Importer: ScriptedImporter/UnityEditor.QuickSearchModule:UnityEditor.Search:ASIAI0B -> (ImportResultId: '8bc401c98bf8ce371132168c87b65f25') in 0.0032934 seconds
[Worker0] Imported GUID: 58082d6ef6fd84b288e832c55741961e - Path: Packages/com.unity.test-framework/UnityEngine.TestRunner/Utils/IPrebuildSetupWithTestData.cs - Importer: ScriptedImporter/UnityEditor.QuickSearchModule:UnityEditor.Search:ASIAI0B -> (ImportResultId: 'd35de1eb49935c6f2ee37f0b95421f78') in 0.0027245 seconds
[Worker0] Imported GUID: 0fc9f45e5db884c07b28ac7207622a4b - Path: Packages/com.unity.test-framework/UnityEditor.TestRunner/UnityTestProtocol/TestRunData.cs - Importer: ScriptedImporter/UnityEditor.QuickSearchModule:UnityEditor.Search:ASIAI0B -> (ImportResultId: '2d274507b348e62bc2db973172a76f98') in 0.0054269 seconds
[Worker0] Imported GUID: 2011a59d3f76b3d4a85cb53f945fceee - Path: Packages/com.unity.test-framework/UnityEditor.TestRunner/UnityTestProtocol/TestRunnerApiMapper.cs - Importer: ScriptedImporter/UnityEditor.QuickSearchModule:UnityEditor.Search:ASIAI0B -> (ImportResultId: 'e74c5abc583f4880c115bd7ed298f6a9') in 0.0042826 seconds
[Worker0] Imported GUID: fc748d99f1f0d484a811a566fc7915ec - Path: Packages/com.unity.test-framework/UnityEngine.TestRunner/Utils/StacktraceFilter.cs - Importer: ScriptedImporter/UnityEditor.QuickSearchModule:UnityEditor.Search:ASIAI0B -> (ImportResultId: '17d6647fc0eff84638fe1b7caab08372') in 0.0032511 seconds
[Worker0] Imported GUID: 77f432980bb30084299a138e15c6f571 - Path: Packages/com.unity.test-framework/UnityEditor.TestRunner/UnityTestProtocol/TestState.cs - Importer: ScriptedImporter/UnityEditor.QuickSearchModule:UnityEditor.Search:ASIAI0B -> (ImportResultId: '6d77cba37089ef1fb64fa2e05b5cc65a') in 0.0026564 seconds
[Worker0] Imported GUID: c97b794b51780d349a16826a4c7898d7 - Path: Packages/com.unity.test-framework/UnityEngine.TestRunner/Assertions/LogAssert.cs - Importer: ScriptedImporter/UnityEditor.QuickSearchModule:UnityEditor.Search:ASIAI0B -> (ImportResultId: '538b8722427a64e62891cbc48af9d43b') in 0.0099724 seconds
[Worker0] Imported GUID: 1ac58cb55fc8daf4abd3945a2bbbb0c5 - Path: Packages/com.unity.test-framework/UnityEditor.TestRunner/UnityTestProtocol/UnityTestProtocolStarter.cs - Importer: ScriptedImporter/UnityEditor.QuickSearchModule:UnityEditor.Search:ASIAI0B -> (ImportResultId: '70bef86e183d7bb86ce084af93644504') in 0.0029139 seconds
[Worker0] Imported GUID: e64067e4f2ec4e818dba53b3d31847b8 - Path: Packages/com.unity.test-framework/UnityEngine.TestRunner/UnityTestProtocol/DeterministicGuid.cs - Importer: ScriptedImporter/UnityEditor.QuickSearchModule:UnityEditor.Search:ASIAI0B -> (ImportResultId: '3da56efcdd26a3d1c11213c09700c069') in 0.0128832 seconds
[Worker0] Imported GUID: e440d63dae5d049ca83c823c9f246b17 - Path: Packages/com.unity.test-framework/UnityEngine.TestRunner/Utils/PostBuildCleanupWithTestDataAttribute.cs - Importer: ScriptedImporter/UnityEditor.QuickSearchModule:UnityEditor.Search:ASIAI0B -> (ImportResultId: '053f7a4f3536793afc3d95757f429621') in 0.003791 seconds
[Worker0] Imported GUID: a8ed4063f2beecd41a234a582202f3c4 - Path: Packages/com.unity.test-framework/UnityEngine.TestRunner/Assertions/UnhandledLogMessageException.cs - Importer: ScriptedImporter/UnityEditor.QuickSearchModule:UnityEditor.Search:ASIAI0B -> (ImportResultId: '1afb6221b52081ec48db3f3cfbd249a6') in 0.0091928 seconds
[Worker0] Imported GUID: db9a20ff62f649c7b64172ebec68370c - Path: Packages/com.unity.test-framework/UnityEngine.TestRunner/UnityTestProtocol/TestStartedMessage.cs - Importer: ScriptedImporter/UnityEditor.QuickSearchModule:UnityEditor.Search:ASIAI0B -> (ImportResultId: '4bd0d5c018fe3d7e3b375e3e1af2139e') in 0.0021663 seconds
[Worker0] Imported GUID: 4f939b9e23a0946439b812551e07ac81 - Path: Packages/com.unity.test-framework/UnityEngine.TestRunner/NUnitExtensions/ActionDelegator.cs - Importer: ScriptedImporter/UnityEditor.QuickSearchModule:UnityEditor.Search:ASIAI0B -> (ImportResultId: '9924ede1fdffff801396b1f7c4e624ae') in 0.0018381 seconds
[Worker0] Imported GUID: ff67c526455160f4690a44f74dee4cbe - Path: Packages/com.unity.test-framework/UnityEngine.TestRunner/Utils/IPostBuildCleanup.cs - Importer: ScriptedImporter/UnityEditor.QuickSearchModule:UnityEditor.Search:ASIAI0B -> (ImportResultId: '2ffea7c993b321228388b3177731d38d') in 0.0019634 seconds
[Worker0] Imported GUID: d6105bc8cf5ce544487daca4cbc62583 - Path: Packages/com.unity.test-framework/UnityEngine.TestRunner/Utils/ColorEqualityComparer.cs - Importer: ScriptedImporter/UnityEditor.QuickSearchModule:UnityEditor.Search:ASIAI0B -> (ImportResultId: 'c206be1277cc6cc9898622bd42ba4548') in 0.0106533 seconds
[Worker0] Imported GUID: 37cea569bfefafe49a1513c4d7f0e9eb - Path: Packages/com.unity.test-framework/UnityEngine.TestRunner/NUnitExtensions/BaseDelegator.cs - Importer: ScriptedImporter/UnityEditor.QuickSearchModule:UnityEditor.Search:ASIAI0B -> (ImportResultId: '538a3e271e236b697ac35822298eecc1') in 0.0015498 seconds
[Worker0] Imported GUID: 9650d910fcaefb34cb45f121c1993892 - Path: Packages/com.unity.test-framework/UnityEngine.TestRunner/Assertions/InvalidSignatureException.cs - Importer: ScriptedImporter/UnityEditor.QuickSearchModule:UnityEditor.Search:ASIAI0B -> (ImportResultId: 'bbad4e2a698e233c51cce6a0bdd45220') in 0.0022477 seconds
[Worker0] Imported GUID: 5aec7938f118041779fb739b38477100 - Path: Packages/com.unity.test-framework/UnityEngine.TestRunner/TestRunner/TestTaskWrapper.cs - Importer: ScriptedImporter/UnityEditor.QuickSearchModule:UnityEditor.Search:ASIAI0B -> (ImportResultId: 'cd2d71e93440516edd377ca58b9710cc') in 0.0073901 seconds
[Worker0] Imported GUID: 2799eb4c84e72e54092a292cf626936b - Path: Packages/com.unity.test-framework/UnityEngine.TestRunner/TestRunner/PlaymodeTestsControllerSettings.cs - Importer: ScriptedImporter/UnityEditor.QuickSearchModule:UnityEditor.Search:ASIAI0B -> (ImportResultId: '1140fd25fbefac49586d6a98c4e97773') in 0.0052488 seconds
[Worker0] Imported GUID: 9ad0b0c865b01af4ca1b414689e71259 - Path: Packages/com.unity.test-framework/UnityEngine.TestRunner/TestRunner/TestEnumeratorWrapper.cs - Importer: ScriptedImporter/UnityEditor.QuickSearchModule:UnityEditor.Search:ASIAI0B -> (ImportResultId: '260c60ac4ea017fb508a5fe5cc12f7d9') in 0.0019327 seconds
[Worker0] Imported GUID: 24a158219395ebf44a60547b97784ddc - Path: Packages/com.unity.test-framework/UnityEngine.TestRunner/Utils/CoroutineRunner.cs - Importer: ScriptedImporter/UnityEditor.QuickSearchModule:UnityEditor.Search:ASIAI0B -> (ImportResultId: 'ec901524da7690d7b96ed153ed519e88') in 0.0206506 seconds
[Worker0] Imported GUID: 5f875a14565308a40a5262d2504da705 - Path: Packages/com.unity.test-framework/UnityEngine.TestRunner/NUnitExtensions/IStateSerializer.cs - Importer: ScriptedImporter/UnityEditor.QuickSearchModule:UnityEditor.Search:ASIAI0B -> (ImportResultId: 'ae6097ed3c4a621a6b8f5f364cbe4ce3') in 0.0049708 seconds
[Worker0] Imported GUID: 5b2eeca598284bd4abb4a15c30df1576 - Path: Packages/com.unity.test-framework/UnityEngine.TestRunner/Assertions/UnexpectedLogMessageException.cs - Importer: ScriptedImporter/UnityEditor.QuickSearchModule:UnityEditor.Search:ASIAI0B -> (ImportResultId: '0590251af8833199af8c0a58aafd82da') in 0.0025199 seconds
[Worker0] Imported GUID: 75e7d7a9a57458841a85fe42d9c9141f - Path: Packages/com.unity.test-framework/UnityEditor.TestRunner/TestSettings/TestSettingsDeserializer.cs - Importer: ScriptedImporter/UnityEditor.QuickSearchModule:UnityEditor.Search:ASIAI0B -> (ImportResultId: '6ba6ebf6c62d20a0a5be936af630409a') in 0.0022392 seconds
[Worker0] Imported GUID: 65fb6da362a78334ab360a125cfafdaf - Path: Packages/com.unity.test-framework/UnityEngine.TestRunner/NUnitExtensions/TestResultExtensions.cs - Importer: ScriptedImporter/UnityEditor.QuickSearchModule:UnityEditor.Search:ASIAI0B -> (ImportResultId: '0d9645f17e26c5c3796611a4b7c5b06e') in 0.0015999 seconds
[Worker0] Imported GUID: c3aa5c3d59b94854e843f10b75b3ad63 - Path: Packages/com.unity.test-framework/UnityEngine.TestRunner/NUnitExtensions/IAsyncTestAssemblyBuilder.cs - Importer: ScriptedImporter/UnityEditor.QuickSearchModule:UnityEditor.Search:ASIAI0B -> (ImportResultId: '3e92b5e24285133e411b180aed9a8d26') in 0.0076398 seconds
[Worker0] Imported GUID: ffb335140c799c4408411d81789fb05c - Path: Packages/com.unity.test-framework/UnityEngine.TestRunner/Assertions/UnityTestTimeoutException.cs - Importer: ScriptedImporter/UnityEditor.QuickSearchModule:UnityEditor.Search:ASIAI0B -> (ImportResultId: '4bccbe265af90d1d40870d454fc1a762') in 0.0033519 seconds
[Worker0] Imported GUID: d1b7ce919aa8864409412e809073cf96 - Path: Packages/com.unity.test-framework/UnityEngine.TestRunner/Utils/PrebuildSetupAttribute.cs - Importer: ScriptedImporter/UnityEditor.QuickSearchModule:UnityEditor.Search:ASIAI0B -> (ImportResultId: '356806a96754751445465feb5dd9c319') in 0.0016764 seconds
[Worker0] Imported GUID: 73deb9b8722aa284eab27c4dc90956c6 - Path: Packages/com.unity.test-framework/UnityEngine.TestRunner/TestRunner/TestListenerWrapper.cs - Importer: ScriptedImporter/UnityEditor.QuickSearchModule:UnityEditor.Search:ASIAI0B -> (ImportResultId: 'b91fcc7e7166ca4dd0778504282d16e6') in 0.0016074 seconds
[Worker0] Imported GUID: b42e1db66fe9c634798674cb9e1df2ca - Path: Packages/com.unity.test-framework/UnityEngine.TestRunner/NUnitExtensions/ConstructDelegator.cs - Importer: ScriptedImporter/UnityEditor.QuickSearchModule:UnityEditor.Search:ASIAI0B -> (ImportResultId: '7c7534b26fe7ce72bb9f82848114bc0e') in 0.0087656 seconds
[Worker0] Imported GUID: a025ba7ee40d0104db8d08b1d9eabb0d - Path: Packages/com.unity.test-framework/UnityEngine.TestRunner/TestRunner/RuntimeTestRunnerFilter.cs - Importer: ScriptedImporter/UnityEditor.QuickSearchModule:UnityEditor.Search:ASIAI0B -> (ImportResultId: 'c516871867a8e0f032918287fa5b7851') in 0.0017343 seconds
[Worker0] Imported GUID: b9c2a6302985d3846b7b9f6fd9e2da9a - Path: Packages/com.unity.test-framework/UnityEngine.TestRunner/Utils/IOuterUnityTestAction.cs - Importer: ScriptedImporter/UnityEditor.QuickSearchModule:UnityEditor.Search:ASIAI0B -> (ImportResultId: 'aa5bddc808788c86df828098fae5896e') in 0.0016395 seconds
[Worker0] Imported GUID: 2cc8cb8ea0b84a54b6caf6601d63ece6 - Path: Packages/com.unity.test-framework/UnityEngine.TestRunner/UnityTestProtocol/TestFinishMessage.cs - Importer: ScriptedImporter/UnityEditor.QuickSearchModule:UnityEditor.Search:ASIAI0B -> (ImportResultId: '5438327975ec61511a7e90d1aa795dc3') in 0.0024563 seconds
[Worker0] Imported GUID: c3a9378562b345c4ac08e605d35c0d93 - Path: Packages/com.unity.test-framework/UnityEngine.TestRunner/UnityTestProtocol/TestState.cs - Importer: ScriptedImporter/UnityEditor.QuickSearchModule:UnityEditor.Search:ASIAI0B -> (ImportResultId: '5b447d719038af29ce632cf8013b1b8c') in 0.0084703 seconds
[Worker0] Imported GUID: 6de79ae237e51554da96fd28f68b66a6 - Path: Packages/com.unity.test-framework/UnityEditor.TestRunner/UnityTestProtocol/ITestRunnerApiMapper.cs - Importer: ScriptedImporter/UnityEditor.QuickSearchModule:UnityEditor.Search:ASIAI0B -> (ImportResultId: '16fdc34fcc19fe0dd378b86cc6d13b25') in 0.0020373 seconds
[Worker0] Imported GUID: 952b3dc7b47846947b37c8d3ae46579a - Path: Packages/com.unity.test-framework/UnityEditor.TestRunner/UnityTestProtocol/IUtpMessageReporter.cs - Importer: ScriptedImporter/UnityEditor.QuickSearchModule:UnityEditor.Search:ASIAI0B -> (ImportResultId: '2a33936c9689ba35903d710a3bbe3161') in 0.0016843 seconds
[Worker0] Imported GUID: 3b28913f21577de429da928d6d05219f - Path: Packages/com.unity.test-framework/UnityEngine.TestRunner/Utils/QuaternionEqualityComparer.cs - Importer: ScriptedImporter/UnityEditor.QuickSearchModule:UnityEditor.Search:ASIAI0B -> (ImportResultId: '68bc28c08b9a7a8362f09f4204f2806c') in 0.001845 seconds
[Worker0] Imported GUID: 743879b4db4bc1a4b829aae4386f4acf - Path: Packages/com.unity.test-framework/UnityEngine.TestRunner/TestRunner/TestPlatform.cs - Importer: ScriptedImporter/UnityEditor.QuickSearchModule:UnityEditor.Search:ASIAI0B -> (ImportResultId: '3d0f47e0d907e79ac15cdd6060e0a88e') in 0.0018467 seconds
[Worker0] Imported GUID: 6b32b6725087a0d4bb1670818d26996e - Path: Packages/com.unity.test-framework/UnityEditor.TestRunner/TestSettings/TestSettings.cs - Importer: ScriptedImporter/UnityEditor.QuickSearchModule:UnityEditor.Search:ASIAI0B -> (ImportResultId: '50672bad66adb865ffdc9919baa71b8a') in 0.005596 seconds
[Worker0] Imported GUID: 9014630255533ed42915965b4065cde8 - Path: Packages/com.unity.test-framework/UnityEditor.TestRunner/UnityTestProtocol/IUtpLogger.cs - Importer: ScriptedImporter/UnityEditor.QuickSearchModule:UnityEditor.Search:ASIAI0B -> (ImportResultId: '1ec116fcccbb190d7a60cfd95ad81446') in 0.0030923 seconds
[Worker0] Imported GUID: 58ad09607a0d62d458a78d7174665566 - Path: Packages/com.unity.test-framework/UnityEngine.TestRunner/Utils/Vector2EqualityComparer.cs - Importer: ScriptedImporter/UnityEditor.QuickSearchModule:UnityEditor.Search:ASIAI0B -> (ImportResultId: '2da4ce30255d9754ece26d916f00655b') in 0.0017534 seconds
[Worker0] Imported GUID: 65701ebe8bada6b4785e9c7afe7f5bee - Path: Packages/com.unity.test-framework/UnityEngine.TestRunner/Utils/Vector2ComparerWithEqualsOperator.cs - Importer: ScriptedImporter/UnityEditor.QuickSearchModule:UnityEditor.Search:ASIAI0B -> (ImportResultId: 'be472f87fc515d49725a652a4fc5cc2e') in 0.0019685 seconds
[Worker0] Imported GUID: 76b3a3296de548f48b0c3d088fb4b490 - Path: Packages/com.unity.test-framework/UnityEngine.TestRunner/Utils/TestRunCallbackAttribute.cs - Importer: ScriptedImporter/UnityEditor.QuickSearchModule:UnityEditor.Search:ASIAI0B -> (ImportResultId: '9446a98b9bb2a765031a8b7ddca13a84') in 0.0017623 seconds
[Worker0] Imported GUID: 68f09f0f82599b5448579854e622a4c1 - Path: Packages/com.unity.test-framework/UnityEngine.TestRunner/Utils/TestRunCallbackListener.cs - Importer: ScriptedImporter/UnityEditor.QuickSearchModule:UnityEditor.Search:ASIAI0B -> (ImportResultId: 'd26af3205be2fefea34ee211a2b022bc') in 0.0084976 seconds
[Worker0] Imported GUID: 32da81683c22faf458026716a2b821aa - Path: Packages/com.unity.test-framework/UnityEngine.TestRunner/Utils/Vector4EqualityComparer.cs - Importer: ScriptedImporter/UnityEditor.QuickSearchModule:UnityEditor.Search:ASIAI0B -> (ImportResultId: 'fd7f9a6ee62de0b89bbef3c071998f62') in 0.0021178 seconds
[Worker0] Imported GUID: d1bd8de22dbd64d6ea3e35a46217cb9b - Path: Packages/com.unity.test-framework/UnityEngine.TestRunner/Utils/TestMode.cs - Importer: ScriptedImporter/UnityEditor.QuickSearchModule:UnityEditor.Search:ASIAI0B -> (ImportResultId: '3999682416902287df0ca30064ea8b78') in 0.0016538 seconds
[Worker0] Imported GUID: 44100f5f60f351348b9719b46d46cebe - Path: Packages/com.unity.test-framework/UnityEngine.TestRunner/Utils/Vector4ComparerWithEqualsOperator.cs - Importer: ScriptedImporter/UnityEditor.QuickSearchModule:UnityEditor.Search:ASIAI0B -> (ImportResultId: '94111b1fc0efa7fc9505759ac5ee39af') in 0.001721 seconds
[Worker0] Imported GUID: 9502550ba4785e3499d6c9251fa2114b - Path: Packages/com.unity.test-framework/UnityEngine.TestRunner/Utils/Utils.cs - Importer: ScriptedImporter/UnityEditor.QuickSearchModule:UnityEditor.Search:ASIAI0B -> (ImportResultId: 'ff0afe79d0c8b881d2852a544fd66c61') in 0.0139708 seconds
[Worker0] Imported GUID: 4bd2bc28ff24d5c488844851cb785db0 - Path: Packages/com.unity.test-framework/UnityEngine.TestRunner/Utils/Vector3EqualityComparer.cs - Importer: ScriptedImporter/UnityEditor.QuickSearchModule:UnityEditor.Search:ASIAI0B -> (ImportResultId: '8db4c16c28f1d1c364e308fd57ae4e2e') in 0.0028163 seconds
[Worker0] Imported GUID: 5b994928117e3db418da69c821da7e19 - Path: Packages/com.unity.test-framework/UnityEngine.TestRunner/Utils/Vector3ComparerWithEqualsOperator.cs - Importer: ScriptedImporter/UnityEditor.QuickSearchModule:UnityEditor.Search:ASIAI0B -> (ImportResultId: '219bfcbfa48ecdb71b685d8e41b07da7') in 0.0060471 seconds
[Worker0] Imported GUID: 72ae18093c05147e4a680b41d4cd9e6f - Path: Packages/com.unity.test-framework/UnityEngine.TestRunner/Utils/TestData.cs - Importer: ScriptedImporter/UnityEditor.QuickSearchModule:UnityEditor.Search:ASIAI0B -> (ImportResultId: 'fb56aeb6b5cd9e741f41ae8734acc6bb') in 0.002432 seconds
[Worker0] Imported GUID: c2247a4dfeae4607949780b219a7d3c8 - Path: Packages/com.unity.test-framework/UnityEditor.TestRunner/GUI/Controls/ISelectionDropDownContentProvider.cs - Importer: ScriptedImporter/UnityEditor.QuickSearchModule:UnityEditor.Search:ASIAI0B -> (ImportResultId: '98957e5bff0bf094a0a18495b6ad5f68') in 0.0016875 seconds
[Worker0] Imported GUID: d31403ec6b334194bdeb4c5ebad64097 - Path: Packages/com.unity.test-framework/UnityEditor.TestRunner/GUI/Controls/FlagEnumContentProvider.cs - Importer: ScriptedImporter/UnityEditor.QuickSearchModule:UnityEditor.Search:ASIAI0B -> (ImportResultId: 'acd764622509d2881e6ebe97e6f1d6d7') in 0.0017738 seconds
[Worker0] Imported GUID: f7d5e5417ccd4aa0bfa39228c674f142 - Path: Packages/com.unity.test-framework/UnityEditor.TestRunner/GUI/Controls/SelectableItemContent.cs - Importer: ScriptedImporter/UnityEditor.QuickSearchModule:UnityEditor.Search:ASIAI0B -> (ImportResultId: '4b27b90ea42125ccda3d7c0e01ff7680') in 0.0017192 seconds
[Worker0] Imported GUID: fb736ed47b6da4b499431bf9c6de5890 - Path: Packages/com.unity.test-framework/UnityEditor.TestRunner/GUI/Controls/MultiValueContentProvider.cs - Importer: ScriptedImporter/UnityEditor.QuickSearchModule:UnityEditor.Search:ASIAI0B -> (ImportResultId: 'ccfb272df7467d1b484cb1091c06ceca') in 0.0083976 seconds
[Worker0] Imported GUID: f8f9b43d4e034c2d997f4eb6a0d85a96 - Path: Packages/com.unity.test-framework/UnityEditor.TestRunner/GUI/Controls/SelectionDropDown.cs - Importer: ScriptedImporter/UnityEditor.QuickSearchModule:UnityEditor.Search:ASIAI0B -> (ImportResultId: '015d214a044bd2d4dc38df8d9ac77f70') in 0.0018979 seconds
[Worker0] Imported GUID: 24a5f331fec74c9aa9e1e5d74b5a9589 - Path: Packages/com.unity.test-framework/UnityEditor.TestRunner/GUI/Controls/BitUtility.cs - Importer: ScriptedImporter/UnityEditor.QuickSearchModule:UnityEditor.Search:ASIAI0B -> (ImportResultId: 'fea6de283282bccaaefbf2293bcafb2d') in 0.0022832 seconds
[Worker0] Imported GUID: f03c073fcc564ab582ac38999beb4b6d - Path: Packages/com.unity.test-framework/UnityEditor.TestRunner/GUI/TestAssets/CustomScriptAssemblyMappingFinder.cs - Importer: ScriptedImporter/UnityEditor.QuickSearchModule:UnityEditor.Search:ASIAI0B -> (ImportResultId: '29728422d8a1429aea49296f7056d326') in 0.0021289 seconds
[Worker0] Imported GUID: dc781c79a6ac490f817bb70a01490d5c - Path: Packages/com.unity.test-framework/UnityEditor.TestRunner/Api/Analytics/RunFinishedData.cs - Importer: ScriptedImporter/UnityEditor.QuickSearchModule:UnityEditor.Search:ASIAI0B -> (ImportResultId: '53d8df5807d7f00eeb3a3810e6b0b50b') in 0.0090657 seconds
[Worker0] Imported GUID: f5e82966bb8646269e2e46b6ddf2d89f - Path: Packages/com.unity.test-framework/UnityEditor.TestRunner/Api/Analytics/AnalyticsTestCallback.cs - Importer: ScriptedImporter/UnityEditor.QuickSearchModule:UnityEditor.Search:ASIAI0B -> (ImportResultId: 'ccc4d10dc1a0b5c8b2335b5bbefcbe6c') in 0.0030407 seconds
[Worker0] Imported GUID: f47c66e80010e4020b6803b930eb432c - Path: Packages/com.unity.test-framework/UnityEditor.TestRunner/GUI/TestAssets/ActiveFolderTemplateAssetCreator.cs - Importer: ScriptedImporter/UnityEditor.QuickSearchModule:UnityEditor.Search:ASIAI0B -> (ImportResultId: '61e72cc9382ef7558d1a6107ede75a48') in 0.0082136 seconds
[Worker0] Imported GUID: 3d92c578e28043ef95d4b703e008be64 - Path: Packages/com.unity.test-framework/UnityEditor.TestRunner/GUI/TestAssets/FolderPathTestCompilationContextProvider.cs - Importer: ScriptedImporter/UnityEditor.QuickSearchModule:UnityEditor.Search:ASIAI0B -> (ImportResultId: '029fd5ccc0f9f17621f484466c78650f') in 0.0030291 seconds
[Worker0] Imported GUID: ea6cc55375344f10834cf6fa65197525 - Path: Packages/com.unity.test-framework/UnityEditor.TestRunner/GUI/Controls/FlagEnumUtility.cs - Importer: ScriptedImporter/UnityEditor.QuickSearchModule:UnityEditor.Search:ASIAI0B -> (ImportResultId: 'eda84e6db71c72719424347cba895cfc') in 0.0056026 seconds
[Worker0] Imported GUID: 7b076e8f3150431baf926fe9ee030b1e - Path: Packages/com.unity.test-framework/UnityEditor.TestRunner/GUI/Controls/ISelectableItem.cs - Importer: ScriptedImporter/UnityEditor.QuickSearchModule:UnityEditor.Search:ASIAI0B -> (ImportResultId: '28b20e6d4cbdfafa1dc2e510a9c5f5fa') in 0.0143305 seconds
[Worker0] Imported GUID: 697ab794770540d6951f83d62b8fa444 - Path: Packages/com.unity.test-framework/UnityEditor.TestRunner/Api/Analytics/TestTreeData.cs - Importer: ScriptedImporter/UnityEditor.QuickSearchModule:UnityEditor.Search:ASIAI0B -> (ImportResultId: '161272e8ab4323876f31e52f9650662c') in 0.0020284 seconds
[Worker0] Imported GUID: 7348ecf02a70497d9a09bd05ad2038ac - Path: Packages/com.unity.test-framework/UnityEditor.TestRunner/GUI/Controls/GenericItemContentProvider.cs - Importer: ScriptedImporter/UnityEditor.QuickSearchModule:UnityEditor.Search:ASIAI0B -> (ImportResultId: 'b3b7040aba917445a31791321e1004e7') in 0.0109547 seconds
[Worker0] Imported GUID: a85430cc5a4a4279a992be322de12b29 - Path: Packages/com.unity.test-framework/UnityEditor.TestRunner/Api/Analytics/AnalyticsReporter.cs - Importer: ScriptedImporter/UnityEditor.QuickSearchModule:UnityEditor.Search:ASIAI0B -> (ImportResultId: '384c5e324e4a9014a609d1f761625bea') in 0.0032433 seconds
[Worker0] Imported GUID: c38ae0585d6a55042a2d678330689685 - Path: Packages/com.unity.test-framework/UnityEditor.TestRunner/TestLaunchers/PlatformSetup/LuminPlatformSetup.cs - Importer: ScriptedImporter/UnityEditor.QuickSearchModule:UnityEditor.Search:ASIAI0B -> (ImportResultId: 'e93cac8bc4aa916e250f42eeff1cc93b') in 0.0051092 seconds
[Worker0] Imported GUID: 6d2f47eae5f447748892c46848956d5f - Path: Packages/com.unity.test-framework/UnityEditor.TestRunner/NUnitExtension/Attributes/ITestPlayerBuildModifier.cs - Importer: ScriptedImporter/UnityEditor.QuickSearchModule:UnityEditor.Search:ASIAI0B -> (ImportResultId: 'bbc8055c984ef44bb2c82f1e29ae4c37') in 0.0018502 seconds
[Worker0] Imported GUID: 3b6931522502d68458016e3cadb89f1b - Path: Packages/com.unity.test-framework/UnityEditor.TestRunner/TestRun/Tasks/PostbuildCleanupTask.cs - Importer: ScriptedImporter/UnityEditor.QuickSearchModule:UnityEditor.Search:ASIAI0B -> (ImportResultId: '4cec4bd7ca0516575977baaaef583ebc') in 0.0018401 seconds
[Worker0] Imported GUID: b9d121df8c444236a5b38ccfadfdd1a7 - Path: Packages/com.unity.test-framework/UnityEditor.TestRunner/TestLaunchers/Helpers/DelayedCallback.cs - Importer: ScriptedImporter/UnityEditor.QuickSearchModule:UnityEditor.Search:ASIAI0B -> (ImportResultId: '98adbed5f7a653b330e0393f6a3de209') in 0.0028845 seconds
[Worker0] Imported GUID: ee6c7dc47e844c3d823b833abbd5f981 - Path: Packages/com.unity.test-framework/UnityEditor.TestRunner/TestRun/Tasks/GenerateContextTask.cs - Importer: ScriptedImporter/UnityEditor.QuickSearchModule:UnityEditor.Search:ASIAI0B -> (ImportResultId: 'f61431dbed22d9ca005fe25aead1a7dd') in 0.0016417 seconds
[Worker0] Imported GUID: 961642509dec50b44a293d26240140ec - Path: Packages/com.unity.test-framework/UnityEditor.TestRunner/TestLaunchers/PlatformSetup/AndroidPlatformSetup.cs - Importer: ScriptedImporter/UnityEditor.QuickSearchModule:UnityEditor.Search:ASIAI0B -> (ImportResultId: '88e9875cffa9e73bb1af2576546ca855') in 0.0105655 seconds
[Worker0] Imported GUID: b8abb41ceb6f62c45a00197ae59224c1 - Path: Packages/com.unity.test-framework/UnityEditor.TestRunner/GUI/Views/TestListGUIBase.cs - Importer: ScriptedImporter/UnityEditor.QuickSearchModule:UnityEditor.Search:ASIAI0B -> (ImportResultId: '4f7b3b3bb71b0a7efc1b85827158cd47') in 0.0021065 seconds
[Worker0] Imported GUID: 0cd0deb81d984e58952ccd7e1dd6b2bb - Path: Packages/com.unity.test-framework/UnityEditor.TestRunner/GUI/TestAssets/ICustomScriptAssemblyMappingFinder.cs - Importer: ScriptedImporter/UnityEditor.QuickSearchModule:UnityEditor.Search:ASIAI0B -> (ImportResultId: '6e6a87fe353e745d276f00e9636a2889') in 0.0020605 seconds
[Worker0] Imported GUID: 2c2dfcbbb77359547bcaa7cdabd47ebb - Path: Packages/com.unity.test-framework/UnityEditor.TestRunner/TestLaunchers/Helpers/PostbuildCleanupAttributeFinder.cs - Importer: ScriptedImporter/UnityEditor.QuickSearchModule:UnityEditor.Search:ASIAI0B -> (ImportResultId: 'f80a57dec0b37f6512438d8c8b8a4ca0') in 0.0094236 seconds
[Worker0] Imported GUID: 84300802bfca1472f86e2179fa2a8ed7 - Path: Packages/com.unity.test-framework/UnityEditor.TestRunner/TestLaunchers/Helpers/TestFiltering.cs - Importer: ScriptedImporter/UnityEditor.QuickSearchModule:UnityEditor.Search:ASIAI0B -> (ImportResultId: '36c75640158aee4abf4fd8d59b45d521') in 0.0018218 seconds
[Worker0] Imported GUID: dd57b1176859fc84e93586103d3b5f73 - Path: Packages/com.unity.test-framework/UnityEditor.TestRunner/NUnitExtension/Attributes/TestPlayerBuildModifierAttribute.cs - Importer: ScriptedImporter/UnityEditor.QuickSearchModule:UnityEditor.Search:ASIAI0B -> (ImportResultId: '031ba50780f3a3f3fb5c46a1864390e8') in 0.0020334 seconds
[Worker0] Imported GUID: 4b45f42910304b00a63958173ee2c76f - Path: Packages/com.unity.test-framework/UnityEditor.TestRunner/TestRun/Tasks/EnterPlayModeTask.cs - Importer: ScriptedImporter/UnityEditor.QuickSearchModule:UnityEditor.Search:ASIAI0B -> (ImportResultId: '535fab94e75d3eed2c1046cff628dd58') in 0.0020696 seconds
[Worker0] Imported GUID: 5640d0c51961421997c9f36f0ec45480 - Path: Packages/com.unity.test-framework/UnityEditor.TestRunner/TestRun/Tasks/BuildNUnitFilterTask.cs - Importer: ScriptedImporter/UnityEditor.QuickSearchModule:UnityEditor.Search:ASIAI0B -> (ImportResultId: 'c7548728748da1b4ea8d2f5eeb2f83a9') in 0.0107445 seconds
[Worker0] Imported GUID: ad7bb166069f8414e9ad26606b305e66 - Path: Packages/com.unity.test-framework/UnityEditor.TestRunner/TestRun/Tasks/FileCleanupVerifierTaskBase.cs - Importer: ScriptedImporter/UnityEditor.QuickSearchModule:UnityEditor.Search:ASIAI0B -> (ImportResultId: '78feb6bdd7e91cbd21ef8f9a531dafb2') in 0.0020674 seconds
[Worker0] Imported GUID: 1bace19a170f47bb8d19645cfc580796 - Path: Packages/com.unity.test-framework/UnityEditor.TestRunner/GUI/TestAssets/TestScriptAssetsCreator.cs - Importer: ScriptedImporter/UnityEditor.QuickSearchModule:UnityEditor.Search:ASIAI0B -> (ImportResultId: 'd666c89aca35a5a07d9acdbeb6cf7699') in 0.0018693 seconds
[Worker0] Imported GUID: 32829ea9e75c475295f73ff867e2f9d0 - Path: Packages/com.unity.test-framework/UnityEditor.TestRunner/GUI/TestAssets/ICustomScriptAssembly.cs - Importer: ScriptedImporter/UnityEditor.QuickSearchModule:UnityEditor.Search:ASIAI0B -> (ImportResultId: '965797ec7d58c40a427fae9133bfd9b5') in 0.0077898 seconds
[Worker0] Imported GUID: bd3135cd5079e43b383e0e53242ef502 - Path: Packages/com.unity.test-framework/UnityEditor.TestRunner/TestLaunchers/Helpers/PrebuildSetupWithJobDataAttributeFinder.cs - Importer: ScriptedImporter/UnityEditor.QuickSearchModule:UnityEditor.Search:ASIAI0B -> (ImportResultId: '1ade011a3f60d31d8ef33120db25867a') in 0.0024538 seconds
[Worker0] Imported GUID: 1c97cd557b334b27bc325649466d1872 - Path: Packages/com.unity.test-framework/UnityEditor.TestRunner/TestRun/Tasks/CleanUpContext.cs - Importer: ScriptedImporter/UnityEditor.QuickSearchModule:UnityEditor.Search:ASIAI0B -> (ImportResultId: '3cb08820051b196a765ff4ff3aa9a999') in 0.0021776 seconds
[Worker0] Imported GUID: 06e624de88cb4a808350b63994eb39ed - Path: Packages/com.unity.test-framework/UnityEditor.TestRunner/TestRun/Data/TaskMode.cs - Importer: ScriptedImporter/UnityEditor.QuickSearchModule:UnityEditor.Search:ASIAI0B -> (ImportResultId: '82f13762ea2ae1c9ee1066a9f60f78d8') in 0.0019962 seconds
[Worker0] Imported GUID: 52c907c81459f324497af504b84fd557 - Path: Packages/com.unity.test-framework/UnityEditor.TestRunner/GUI/TestListTreeView/TestListTreeViewGUI.cs - Importer: ScriptedImporter/UnityEditor.QuickSearchModule:UnityEditor.Search:ASIAI0B -> (ImportResultId: '707f0a655b2aa8b7dbca001b7d0d8f6c') in 0.0122681 seconds
[Worker0] Imported GUID: a155fee568ce42a4b561ee3a27d88532 - Path: Packages/com.unity.test-framework/UnityEditor.TestRunner/TestRun/Tasks/CleanupConstructDelegatorTask.cs - Importer: ScriptedImporter/UnityEditor.QuickSearchModule:UnityEditor.Search:ASIAI0B -> (ImportResultId: 'c42a4b5cb25ed6bab9ca014894457e93') in 0.0046013 seconds
[Worker0] Imported GUID: aed7ab02155e43341a2dbcb7bc17c160 - Path: Packages/com.unity.test-framework/UnityEditor.TestRunner/TestLaunchers/PlatformSetup/XboxOnePlatformSetup.cs - Importer: ScriptedImporter/UnityEditor.QuickSearchModule:UnityEditor.Search:ASIAI0B -> (ImportResultId: '3dc25bbb9f0f5c59e0f59cd2775dfa6f') in 0.0060397 seconds
[Worker0] Imported GUID: 881a6e4afaf6d1744a7aacea7f268f4c - Path: Packages/com.unity.test-framework/UnityEditor.TestRunner/TestRun/Data/TestProgress.cs - Importer: ScriptedImporter/UnityEditor.QuickSearchModule:UnityEditor.Search:ASIAI0B -> (ImportResultId: '740582ebdbe3b4b21dfe5bb75376f24b') in 0.0107971 seconds
[Worker0] Imported GUID: adf7bea9401c1834380d55601add6cfb - Path: Packages/com.unity.test-framework/UnityEditor.TestRunner/TestLaunchers/PlatformSetup/SwitchPlatformSetup.cs - Importer: ScriptedImporter/UnityEditor.QuickSearchModule:UnityEditor.Search:ASIAI0B -> (ImportResultId: 'a3086f1a2d8090d0a375bb3ea041a9fc') in 0.0059961 seconds
[Worker0] Imported GUID: 0d2e1e2a782748e6acb8565ad040df60 - Path: Packages/com.unity.test-framework/UnityEditor.TestRunner/TestRun/Data/TaskInfo.cs - Importer: ScriptedImporter/UnityEditor.QuickSearchModule:UnityEditor.Search:ASIAI0B -> (ImportResultId: '48311ad70f06308bf0fcf4efad6e2d22') in 0.0143161 seconds
[Worker0] Imported GUID: 078a3968c1fd87047890f314894a20a1 - Path: Packages/com.unity.test-framework/UnityEditor.TestRunner/TestLaunchers/PlatformSetup/Switch2PlatformSetup.cs - Importer: ScriptedImporter/UnityEditor.QuickSearchModule:UnityEditor.Search:ASIAI0B -> (ImportResultId: 'fdaacfb8320fe96ab2f57a89effd296d') in 0.0101183 seconds
[Worker0] Imported GUID: 92de9780c7bec4f0f89c7c88a2ec15ed - Path: Packages/com.unity.test-framework/UnityEditor.TestRunner/TestRun/Tasks/FilterTestTreeTask.cs - Importer: ScriptedImporter/UnityEditor.QuickSearchModule:UnityEditor.Search:ASIAI0B -> (ImportResultId: 'dcacdfa5ce79de31a3966b38f08917e8') in 0.0020376 seconds
[Worker0] Imported GUID: a0288e1c9324e824bab7e2044a72a434 - Path: Packages/com.unity.test-framework/UnityEditor.TestRunner/TestRun/Tasks/BuildTestTreeTask.cs - Importer: ScriptedImporter/UnityEditor.QuickSearchModule:UnityEditor.Search:ASIAI0B -> (ImportResultId: '2c9aca1a52d93298e3ba9c266576499e') in 0.0025878 seconds
[Worker0] Imported GUID: ce87c287371edde43a4b5fcfdee7b9ef - Path: Packages/com.unity.test-framework/UnityEditor.TestRunner/GUI/TestListTreeView/TestListTreeViewDataSource.cs - Importer: ScriptedImporter/UnityEditor.QuickSearchModule:UnityEditor.Search:ASIAI0B -> (ImportResultId: '78568ee24c2b47f0e79fc2b181324278') in 0.0023227 seconds
[Worker0] Imported GUID: b88caca58e05ee74486d86fb404c48e2 - Path: Packages/com.unity.test-framework/UnityEditor.TestRunner/NUnitExtension/Attributes/AssetPipelineIgnore.cs - Importer: ScriptedImporter/UnityEditor.QuickSearchModule:UnityEditor.Search:ASIAI0B -> (ImportResultId: '15b8f1af2cc6d35f446d886f4d98890c') in 0.0034867 seconds
[Worker0] Imported GUID: e17c88b021c2a4c409b3f15b0d80ac62 - Path: Packages/com.unity.test-framework/UnityEditor.TestRunner/GUI/TestListBuilder/TestTreeViewBuilder.cs - Importer: ScriptedImporter/UnityEditor.QuickSearchModule:UnityEditor.Search:ASIAI0B -> (ImportResultId: 'fbda30ba0de3e98e2de8466e2d013613') in 0.0019647 seconds
[Worker0] Imported GUID: fb1abebffd37bd4458c84e15a5d7ab04 - Path: Packages/com.unity.test-framework/UnityEditor.TestRunner/TestRun/Tasks/PerformUndoTask.cs - Importer: ScriptedImporter/UnityEditor.QuickSearchModule:UnityEditor.Search:ASIAI0B -> (ImportResultId: 'dac75ab185527d12eb3b48faf25f459f') in 0.0018508 seconds
[Worker0] Imported GUID: 3c4ccfb0896bcf44da13e152b267aa49 - Path: Packages/com.unity.test-framework/UnityEditor.TestRunner/TestLaunchers/Helpers/PrebuildSetupAttributeFinder.cs - Importer: ScriptedImporter/UnityEditor.QuickSearchModule:UnityEditor.Search:ASIAI0B -> (ImportResultId: '1029c4a2df6218edc67e8d896a22b1c0') in 0.0019931 seconds
[Worker0] Imported GUID: e7f72702c2f04b999739380ef9c0de5f - Path: Packages/com.unity.test-framework/UnityEditor.TestRunner/GUI/TestAssets/ITestScriptAssetsCreator.cs - Importer: ScriptedImporter/UnityEditor.QuickSearchModule:UnityEditor.Search:ASIAI0B -> (ImportResultId: '0106a1ddab57417e8596bba7d246a0b2') in 0.0051909 seconds
[Worker0] Imported GUID: 465c1d388f96ba143b216a9bbef88340 - Path: Packages/com.unity.test-framework/UnityEditor.TestRunner/TestLaunchers/PlatformSetup/GameCorePlatformSetup.cs - Importer: ScriptedImporter/UnityEditor.QuickSearchModule:UnityEditor.Search:ASIAI0B -> (ImportResultId: 'fe4e84024674c945a86a14a0acda714f') in 0.0035107 seconds
[Worker0] Imported GUID: 19bb2cdbf1454aae9b90c628fb83ad9b - Path: Packages/com.unity.test-framework/UnityEditor.TestRunner/TestRun/Data/RunProgress.cs - Importer: ScriptedImporter/UnityEditor.QuickSearchModule:UnityEditor.Search:ASIAI0B -> (ImportResultId: '5f5ae5d1311b12bcfc21de3b60ddc22b') in 0.0119971 seconds
[Worker0] Imported GUID: f6c189a159d3bde4c964cee562e508ea - Path: Packages/com.unity.test-framework/UnityEditor.TestRunner/TestLaunchers/PlatformSetup/ApplePlatformSetup.cs - Importer: ScriptedImporter/UnityEditor.QuickSearchModule:UnityEditor.Search:ASIAI0B -> (ImportResultId: '027e09f35d5f66d8ddf1f44b8ac64276') in 0.0031234 seconds
[Worker0] Imported GUID: 667c6ad86a0b7a548aaa5c287f2c2861 - Path: Packages/com.unity.test-framework/UnityEditor.TestRunner/TestLaunchers/PlatformSetup/UwpPlatformSetup.cs - Importer: ScriptedImporter/UnityEditor.QuickSearchModule:UnityEditor.Search:ASIAI0B -> (ImportResultId: '07aefb9e749253525f2bfdf202dcf659') in 0.0017842 seconds
[Worker0] Imported GUID: 6cccd50ebf7384242bda4d7bcb282ebf - Path: Packages/com.unity.test-framework/UnityEditor.TestRunner/TestLaunchers/PlatformSetup/PlatformSpecificSetup.cs - Importer: ScriptedImporter/UnityEditor.QuickSearchModule:UnityEditor.Search:ASIAI0B -> (ImportResultId: '1f2d784b096fb80c25d4f017a7937351') in 0.0087509 seconds
[Worker0] Imported GUID: b4246555189b5ee43b4857220f9fd29b - Path: Packages/com.unity.test-framework/UnityEditor.TestRunner/TestRun/Tasks/EditModeRunTask.cs - Importer: ScriptedImporter/UnityEditor.QuickSearchModule:UnityEditor.Search:ASIAI0B -> (ImportResultId: '429fc77eb1474853d6653f1af90ee18e') in 0.0017629 seconds
[Worker0] Imported GUID: 3c702cb84a2a4576bf275a76bc17f8e8 - Path: Packages/com.unity.test-framework/UnityEditor.TestRunner/GUI/TestAssets/TestScriptAssetMenuItems.cs - Importer: ScriptedImporter/UnityEditor.QuickSearchModule:UnityEditor.Search:ASIAI0B -> (ImportResultId: '7bd353e791950678ac1de0a1374b9e8f') in 0.0017195 seconds
[Worker0] Imported GUID: 5842bd968af34a328bb5a3f3c78db54a - Path: Packages/com.unity.test-framework/UnityEditor.TestRunner/TestRun/Tasks/ExitPlayModeTask.cs - Importer: ScriptedImporter/UnityEditor.QuickSearchModule:UnityEditor.Search:ASIAI0B -> (ImportResultId: '737eee86ca1cb4371c3e767acaca0f7e') in 0.0019218 seconds
[Worker0] Imported GUID: 822fa0a65be2467b95721422157c93f0 - Path: Packages/com.unity.test-framework/UnityEditor.TestRunner/TestRun/Tasks/CleanupTestControllerTask.cs - Importer: ScriptedImporter/UnityEditor.QuickSearchModule:UnityEditor.Search:ASIAI0B -> (ImportResultId: 'd184e2b1218335141611ebc9b9862e8b') in 0.0164652 seconds
[Worker0] Imported GUID: c2441d353f9c42a44af6e224e4901b52 - Path: Packages/com.unity.test-framework/UnityEditor.TestRunner/TestRun/Tasks/BuildActionTaskBase.cs - Importer: ScriptedImporter/UnityEditor.QuickSearchModule:UnityEditor.Search:ASIAI0B -> (ImportResultId: '794ceab7e751fdc10738af7a350469c2') in 0.0073212 seconds
[Worker0] Imported GUID: 5d4de3d4682a8d641907cc75e4fb950e - Path: Packages/com.unity.test-framework/UnityEditor.TestRunner/TestLaunchers/Helpers/AttributeFinderBase.cs - Importer: ScriptedImporter/UnityEditor.QuickSearchModule:UnityEditor.Search:ASIAI0B -> (ImportResultId: '134cd6522b3f951c6cd18cfa0b0f55bf') in 0.0027677 seconds
[Worker0] Imported GUID: 80ac8f5b2a7fa904dbc80111be88c8be - Path: Packages/com.unity.test-framework/UnityEditor.TestRunner/TestRun/Data/TestJobData.cs - Importer: ScriptedImporter/UnityEditor.QuickSearchModule:UnityEditor.Search:ASIAI0B -> (ImportResultId: '90206ee3e5fae2460b9599ebeda7331e') in 0.0016677 seconds
[Worker0] Imported GUID: 83d2df796f82ab847a190a706f00d6eb - Path: Packages/com.unity.test-framework/UnityEditor.TestRunner/TestRun/Tasks/InitializeTestProgressTask.cs - Importer: ScriptedImporter/UnityEditor.QuickSearchModule:UnityEditor.Search:ASIAI0B -> (ImportResultId: '70463aaca6be3f2ae8ba78488b2ee9d9') in 0.0019861 seconds
[Worker0] Imported GUID: e5f4a89476c1448abc7e0a9719b13b36 - Path: Packages/com.unity.test-framework/UnityEditor.TestRunner/GUI/TestAssets/IFolderPathTestCompilationContextProvider.cs - Importer: ScriptedImporter/UnityEditor.QuickSearchModule:UnityEditor.Search:ASIAI0B -> (ImportResultId: '877928afbefac35a850a792356292756') in 0.0109313 seconds
[Worker0] Imported GUID: 4400cdda235b4ea48b9078953ffc8e89 - Path: Packages/com.unity.test-framework/UnityEditor.TestRunner/TestRun/Tasks/CreateBootstrapSceneTask.cs - Importer: ScriptedImporter/UnityEditor.QuickSearchModule:UnityEditor.Search:ASIAI0B -> (ImportResultId: 'f3278d33e143e0cf047b0d7e83603801') in 0.0021002 seconds
[Worker0] Imported GUID: 13b82b28a28254683a40756c27493b61 - Path: Packages/com.unity.test-framework/UnityEditor.TestRunner/TestLaunchers/Helpers/PostbuildCleanupWithJobDataAttributeFinder.cs - Importer: ScriptedImporter/UnityEditor.QuickSearchModule:UnityEditor.Search:ASIAI0B -> (ImportResultId: 'a06ac1fbae6fce6cb593479f0d035c57') in 0.0020112 seconds
[Worker0] Imported GUID: 1a9f3fcee3bd2334593373b00d7b5ca2 - Path: Packages/com.unity.test-framework/UnityEditor.TestRunner/TestRun/Tasks/EnableTestOutLoggerTask.cs - Importer: ScriptedImporter/UnityEditor.QuickSearchModule:UnityEditor.Search:ASIAI0B -> (ImportResultId: '336ffe5f96e754bdfd463a120140eb8b') in 0.0082674 seconds
[Worker0] Imported GUID: fa19b42bd3dc35e40a618448bd330270 - Path: Packages/com.unity.test-framework/UnityEditor.TestRunner/TestLaunchers/PlatformSetup/StadiaPlatformSetup.cs - Importer: ScriptedImporter/UnityEditor.QuickSearchModule:UnityEditor.Search:ASIAI0B -> (ImportResultId: 'a36ec81e99b56a4961d3edfb7d841216') in 0.0024944 seconds
[Worker0] Imported GUID: 2a0bd678385f98e4d8eabdfc07d62b4f - Path: Packages/com.unity.test-framework/UnityEditor.TestRunner/TestLaunchers/Helpers/PlayerLauncherBuildOptions.cs - Importer: ScriptedImporter/UnityEditor.QuickSearchModule:UnityEditor.Search:ASIAI0B -> (ImportResultId: 'ed943fcc5403073a9af9ad92fbc1b18d') in 0.001708 seconds
[Worker0] Imported GUID: 409ee14a63784dc0ab5d002081211814 - Path: Packages/com.unity.test-framework/UnityEditor.TestRunner/GUI/TestAssets/IActiveFolderTemplateAssetCreator.cs - Importer: ScriptedImporter/UnityEditor.QuickSearchModule:UnityEditor.Search:ASIAI0B -> (ImportResultId: 'd78ea76e25b9b1bce9a05c18b8020aef') in 0.0023231 seconds
[Worker0] Imported GUID: ce567ddbf30368344bc7b80e20cac36e - Path: Packages/com.unity.test-framework/UnityEditor.TestRunner/GUI/TestListTreeView/TestTreeViewItem.cs - Importer: ScriptedImporter/UnityEditor.QuickSearchModule:UnityEditor.Search:ASIAI0B -> (ImportResultId: '0ac80e605be3c4ddbb7545a0c5d69f4d') in 0.0076277 seconds
[Worker0] Imported GUID: 27769e9b00b038d47aefe306a4d20bec - Path: Packages/com.unity.test-framework/UnityEditor.TestRunner/GUI/TestListTreeView/Icons.cs - Importer: ScriptedImporter/UnityEditor.QuickSearchModule:UnityEditor.Search:ASIAI0B -> (ImportResultId: '17a3cdc3c596dccfab003c3f22102fb7') in 0.0027052 seconds
[Worker0] Imported GUID: 9d614808f9add8a4f8e4860db2c7af0d - Path: Packages/com.unity.test-framework/UnityEditor.TestRunner/TestLaunchers/PlatformSetup/IPlatformSetup.cs - Importer: ScriptedImporter/UnityEditor.QuickSearchModule:UnityEditor.Search:ASIAI0B -> (ImportResultId: '0f8c79d193bac7d59adf4472ea7e03b1') in 0.0020289 seconds
[Worker0] Imported GUID: 6465fa5b49fc4c739059189aca21f391 - Path: Packages/com.unity.test-framework/UnityEditor.TestRunner/TestRun/Tasks/DeleteBootstrapSceneTask.cs - Importer: ScriptedImporter/UnityEditor.QuickSearchModule:UnityEditor.Search:ASIAI0B -> (ImportResultId: '157f1fa716c1fe9516cca882ee957a7a') in 0.0019844 seconds
[Worker0] Imported GUID: 93eb6389f4fb6924987867ce0bc339ee - Path: Packages/com.unity.test-framework/UnityEditor.TestRunner/TestRun/Tasks/CleanupVerificationTask.cs - Importer: ScriptedImporter/UnityEditor.QuickSearchModule:UnityEditor.Search:ASIAI0B -> (ImportResultId: '02ab87722ad704b2210050c2048ff115') in 0.0081951 seconds
[Worker0] Imported GUID: b93fe5bbea454ae438fcec241c5fa85b - Path: Packages/com.unity.test-framework/UnityEditor.TestRunner/TestRun/Tasks/LegacyPlayerRunTask.cs - Importer: ScriptedImporter/UnityEditor.QuickSearchModule:UnityEditor.Search:ASIAI0B -> (ImportResultId: '55d579bbd325e35ad6613769b28a7c15') in 0.0027375 seconds
[Worker0] Imported GUID: 4769fe1e7475c8843b092338acbcad25 - Path: Packages/com.unity.test-framework/UnityEditor.TestRunner/TestRun/Tasks/PlayModeRunTask.cs - Importer: ScriptedImporter/UnityEditor.QuickSearchModule:UnityEditor.Search:ASIAI0B -> (ImportResultId: '5b9ddedab91aa378e6ef7faf91caa1dd') in 0.0021507 seconds
[Worker0] Imported GUID: aa0bb8f0cb98b43a586f75ce4b79c576 - Path: Packages/com.unity.test-framework/UnityEditor.TestRunner/TestRun/Tasks/PostbuildCleanupWithTestDataTask.cs - Importer: ScriptedImporter/UnityEditor.QuickSearchModule:UnityEditor.Search:ASIAI0B -> (ImportResultId: '1344fe7a2ae46b9490fcea7d72b48b4b') in 0.0025958 seconds
[Worker0] Imported GUID: 759855a435cd4b22ade51836cc8b00d6 - Path: Packages/com.unity.test-framework/UnityEditor.TestRunner/TestLaunchers/Helpers/FilePathMetaInfo.cs - Importer: ScriptedImporter/UnityEditor.QuickSearchModule:UnityEditor.Search:ASIAI0B -> (ImportResultId: '900c2a9fcf5c7a808c2867acc12ff050') in 0.0080546 seconds
[Worker0] Imported GUID: 23383565f01f46dfa583710e5108e443 - Path: Packages/com.unity.test-framework/UnityEditor.TestRunner/TestRun/Tasks/MarkRunAsPlayModeTask.cs - Importer: ScriptedImporter/UnityEditor.QuickSearchModule:UnityEditor.Search:ASIAI0B -> (ImportResultId: 'bf72a40cd88aa6299255cc8eb0a7ec75') in 0.002438 seconds
[Worker0] Imported GUID: 3936a208997f4266b0b2d48aaca1e904 - Path: Packages/com.unity.test-framework/UnityEditor.TestRunner/UnityTestProtocol/Messages/ScreenSettingsMessage.cs - Importer: ScriptedImporter/UnityEditor.QuickSearchModule:UnityEditor.Search:ASIAI0B -> (ImportResultId: '6f348bd38c6f48d6d6cacc41b3c461f1') in 0.0019055 seconds
[Worker0] Imported GUID: 2a616b371596515498e05300b6598c6a - Path: Packages/com.unity.test-framework/UnityEngine.TestRunner/NUnitExtensions/Attributes/UnityOneTimeTearDownAttribute.cs - Importer: ScriptedImporter/UnityEditor.QuickSearchModule:UnityEditor.Search:ASIAI0B -> (ImportResultId: 'c7eb73f1d4bb5cfbf0e8bdcf853c9e7c') in 0.0111612 seconds
[Worker0] Imported GUID: 750aad009559b814dbc27001341fc1c3 - Path: Packages/com.unity.test-framework/UnityEngine.TestRunner/NUnitExtensions/Attributes/TestEnumerator.cs - Importer: ScriptedImporter/UnityEditor.QuickSearchModule:UnityEditor.Search:ASIAI0B -> (ImportResultId: 'ecfe0d59cb928a877593dc9cdb16a0a5') in 0.002136 seconds
[Worker0] Imported GUID: cc0ce06a7515c044bb8db4c75db84114 - Path: Packages/com.unity.test-framework/UnityEditor.TestRunner/TestRun/Tasks/SaveUndoIndexTask.cs - Importer: ScriptedImporter/UnityEditor.QuickSearchModule:UnityEditor.Search:ASIAI0B -> (ImportResultId: 'eea988d25ce0c4d40243907d3e29d399') in 0.0022306 seconds
[Worker0] Imported GUID: c82a8473f4a8f7b42a004c91e06d2f2b - Path: Packages/com.unity.test-framework/UnityEngine.TestRunner/NUnitExtensions/Attributes/ConditionalIgnoreAttribute.cs - Importer: ScriptedImporter/UnityEditor.QuickSearchModule:UnityEditor.Search:ASIAI0B -> (ImportResultId: '0643b9d57c41e4e9983e8f23effc86c3') in 0.0059034 seconds
[Worker0] Imported GUID: 528c8790cf844716aead80624be893aa - Path: Packages/com.unity.test-framework/UnityEngine.TestRunner/NUnitExtensions/Attributes/PreservedValuesAttribute.cs - Importer: ScriptedImporter/UnityEditor.QuickSearchModule:UnityEditor.Search:ASIAI0B -> (ImportResultId: '0f01bc4366875fdbba3f0e4da29254cf') in 0.0024355 seconds
[Worker0] Imported GUID: 3710fe6aef52449b9c9bbf0b17ae6960 - Path: Packages/com.unity.test-framework/UnityEditor.TestRunner/TestRun/Tasks/SetInteractionModeTask.cs - Importer: ScriptedImporter/UnityEditor.QuickSearchModule:UnityEditor.Search:ASIAI0B -> (ImportResultId: 'afc93955ba2a05014d7a531af1298994') in 0.0025681 seconds
[Worker0] Imported GUID: 423fe2ef878fa1140a7e1f7f9e365815 - Path: Packages/com.unity.test-framework/UnityEditor.TestRunner/UnityTestProtocol/Messages/TestFinishedMessage.cs - Importer: ScriptedImporter/UnityEditor.QuickSearchModule:UnityEditor.Search:ASIAI0B -> (ImportResultId: '31c0f6dd7d5f27c3250236137ec6e369') in 0.0023932 seconds
[Worker0] Imported GUID: 9f33b8e923ff41deaa73bc2c1f90d9a1 - Path: Packages/com.unity.test-framework/UnityEditor.TestRunner/UnityTestProtocol/Messages/PlayerSystemInfoMessage.cs - Importer: ScriptedImporter/UnityEditor.QuickSearchModule:UnityEditor.Search:ASIAI0B -> (ImportResultId: '976bb177b24251bcb01ec7006c90903d') in 0.0052987 seconds
[Worker0] Imported GUID: 28c8fcb831e6e734a9f564bc4f495eba - Path: Packages/com.unity.test-framework/UnityEditor.TestRunner/TestRunner/Utils/IEditorCompilationInterfaceProxy.cs - Importer: ScriptedImporter/UnityEditor.QuickSearchModule:UnityEditor.Search:ASIAI0B -> (ImportResultId: '85e503098b695229062d2aaa5b73c529') in 0.0023846 seconds
[Worker0] Imported GUID: bd3e81baa10021f4d877fa36382bab16 - Path: Packages/com.unity.test-framework/UnityEditor.TestRunner/UnityTestProtocol/Messages/TestStartedMessage.cs - Importer: ScriptedImporter/UnityEditor.QuickSearchModule:UnityEditor.Search:ASIAI0B -> (ImportResultId: '77f715cd9ec437ec4081a5744a2d1690') in 0.0065936 seconds
[Worker0] Imported GUID: cc6401f13df54ba44bfd7cdc93c7d64d - Path: Packages/com.unity.test-framework/UnityEngine.TestRunner/NUnitExtensions/Attributes/UnitySetUpAttribute.cs - Importer: ScriptedImporter/UnityEditor.QuickSearchModule:UnityEditor.Search:ASIAI0B -> (ImportResultId: '333c0f40d1cd1db8bb776abb5ea48715') in 0.0044422 seconds
[Worker0] Imported GUID: b1694e597ba745169b292914291c136b - Path: Packages/com.unity.test-framework/UnityEditor.TestRunner/TestRun/Tasks/PreparePlayModeRunTask.cs - Importer: ScriptedImporter/UnityEditor.QuickSearchModule:UnityEditor.Search:ASIAI0B -> (ImportResultId: 'd3c25cbe7d3313337bc16cb90b55b248') in 0.0022641 seconds
[Worker0] Imported GUID: ff0aad009559b814ffc27001341fc1c3 - Path: Packages/com.unity.test-framework/UnityEngine.TestRunner/NUnitExtensions/Attributes/EnumeratorHelper.cs - Importer: ScriptedImporter/UnityEditor.QuickSearchModule:UnityEditor.Search:ASIAI0B -> (ImportResultId: 'f50ab27fc986098b13f75d8568996dd6') in 0.0020226 seconds
[Worker0] Imported GUID: aa5e75ed0aae4030a1720d08f7a5322e - Path: Packages/com.unity.test-framework/UnityEditor.TestRunner/UnityTestProtocol/Messages/PlayerSettingsMessage.cs - Importer: ScriptedImporter/UnityEditor.QuickSearchModule:UnityEditor.Search:ASIAI0B -> (ImportResultId: '25688918f97d72ea7c0dc640d6885546') in 0.0047055 seconds
[Worker0] Imported GUID: 9945ffed4692c6044b6d3acf81efd694 - Path: Packages/com.unity.test-framework/UnityEngine.TestRunner/Assertions/LogScope/LogMatch.cs - Importer: ScriptedImporter/UnityEditor.QuickSearchModule:UnityEditor.Search:ASIAI0B -> (ImportResultId: '542a7162967efd1e8a97cb16745de1e7') in 0.003214 seconds
[Worker0] Imported GUID: 98808b11e78f6c84a841a6b4bc5a29d2 - Path: Packages/com.unity.test-framework/UnityEditor.TestRunner/TestRunner/Utils/IEditorAssembliesProxy.cs - Importer: ScriptedImporter/UnityEditor.QuickSearchModule:UnityEditor.Search:ASIAI0B -> (ImportResultId: '0239ec2dcec4a93a3a19d010da339e18') in 0.0021163 seconds
[Worker0] Imported GUID: a398fde47a0349a40a9bdf8988c392c9 - Path: Packages/com.unity.test-framework/UnityEditor.TestRunner/TestRun/Tasks/RegisterFilesForCleanupVerificationTask.cs - Importer: ScriptedImporter/UnityEditor.QuickSearchModule:UnityEditor.Search:ASIAI0B -> (ImportResultId: '3f437eab4eb39d4a0bfdd06ba003f1a3') in 0.0050341 seconds
[Worker0] Imported GUID: 4bbc17b35884fdf468e4b52ae4222882 - Path: Packages/com.unity.test-framework/UnityEngine.TestRunner/Assertions/LogScope/LogScope.cs - Importer: ScriptedImporter/UnityEditor.QuickSearchModule:UnityEditor.Search:ASIAI0B -> (ImportResultId: 'b3b50f8e490c7c50344519ef4344613e') in 0.0032313 seconds
[Worker0] Imported GUID: 5db0e0c612cd489a89d330acbc4ac585 - Path: Packages/com.unity.test-framework/UnityEditor.TestRunner/TestRun/Tasks/ResetInteractionModeTask.cs - Importer: ScriptedImporter/UnityEditor.QuickSearchModule:UnityEditor.Search:ASIAI0B -> (ImportResultId: '8afb7553f8a0c909f6a174eb03c02534') in 0.0031905 seconds
[Worker0] Imported GUID: 82075836be5e0c64bbe84e1f9436682e - Path: Packages/com.unity.test-framework/UnityEditor.TestRunner/TestRunner/Callbacks/WindowResultUpdaterDataHolder.cs - Importer: ScriptedImporter/UnityEditor.QuickSearchModule:UnityEditor.Search:ASIAI0B -> (ImportResultId: '07063d484a889318fa6a01ed552fd5cc') in 0.004182 seconds
[Worker0] Imported GUID: 25d1ed297163243c4a20d6321d057844 - Path: Packages/com.unity.test-framework/UnityEditor.TestRunner/TestRun/Tasks/PrebuildSetupWithTestDataTask.cs - Importer: ScriptedImporter/UnityEditor.QuickSearchModule:UnityEditor.Search:ASIAI0B -> (ImportResultId: 'dfd5d8ea39151d6837f98ad3be2ec455') in 0.0130654 seconds
[Worker0] Imported GUID: 3504aa04cda851b44a65973f9aead6f7 - Path: Packages/com.unity.test-framework/UnityEngine.TestRunner/Assertions/LogScope/ILogScope.cs - Importer: ScriptedImporter/UnityEditor.QuickSearchModule:UnityEditor.Search:ASIAI0B -> (ImportResultId: 'babb735d66e9cd4aedcb5df956e10262') in 0.0038999 seconds
[Worker0] Imported GUID: 9729063e08c4a4e438070c8319aff5f5 - Path: Packages/com.unity.test-framework/UnityEditor.TestRunner/TestRun/Tasks/UnlockReloadAssembliesTask.cs - Importer: ScriptedImporter/UnityEditor.QuickSearchModule:UnityEditor.Search:ASIAI0B -> (ImportResultId: 'fc1298ab87115cb15bc2913f2211a18b') in 0.0026227 seconds
[Worker0] Imported GUID: f1b6399349763114d9361bc6dfcd025b - Path: Packages/com.unity.test-framework/UnityEditor.TestRunner/TestRunner/Utils/TestListCacheData.cs - Importer: ScriptedImporter/UnityEditor.QuickSearchModule:UnityEditor.Search:ASIAI0B -> (ImportResultId: '69712216964f955792cd17b9316a1860') in 0.0022646 seconds
[Worker0] Imported GUID: 3b3dcba2081245eb916aee8fd3459fc8 - Path: Packages/com.unity.test-framework/UnityEditor.TestRunner/UnityTestProtocol/Messages/BuildSettingsMessage.cs - Importer: ScriptedImporter/UnityEditor.QuickSearchModule:UnityEditor.Search:ASIAI0B -> (ImportResultId: '675d22203b9cd6126cd33161ac20f511') in 0.0218398 seconds
[Worker0] Imported GUID: e9c53c5109a7498ca4408e53f2593b1a - Path: Packages/com.unity.test-framework/UnityEngine.TestRunner/NUnitExtensions/Attributes/ParametrizedIgnoreAttribute.cs - Importer: ScriptedImporter/UnityEditor.QuickSearchModule:UnityEditor.Search:ASIAI0B -> (ImportResultId: '43e75caff643b99a010167ddf08fcb18') in 0.0060626 seconds
[Worker0] Imported GUID: 7af6ac3e6b51b8d4aab04adc85b8de2f - Path: Packages/com.unity.test-framework/UnityEngine.TestRunner/NUnitExtensions/Attributes/UnityCombinatorialStrategy.cs - Importer: ScriptedImporter/UnityEditor.QuickSearchModule:UnityEditor.Search:ASIAI0B -> (ImportResultId: 'f59351292472a7aecc730a3f76536caa') in 0.0039439 seconds
[Worker0] Imported GUID: 7b9e2c4a8f1d6b3e5a0c8d2f4e6b1a9c - Path: Packages/com.unity.test-framework/UnityEngine.TestRunner/NUnitExtensions/Attributes/PlayModeTestsAttribute.cs - Importer: ScriptedImporter/UnityEditor.QuickSearchModule:UnityEditor.Search:ASIAI0B -> (ImportResultId: 'e7eafcd45134c7597649821cccc40360') in 0.0082414 seconds
[Worker0] Imported GUID: 6d468ee3657be7a43a2ef2178ec14239 - Path: Packages/com.unity.test-framework/UnityEditor.TestRunner/TestRunner/Callbacks/WindowResultUpdater.cs - Importer: ScriptedImporter/UnityEditor.QuickSearchModule:UnityEditor.Search:ASIAI0B -> (ImportResultId: '26686e433b5eb0d2b014f1dc63a233e2') in 0.0052672 seconds
[Worker0] Imported GUID: 408674d91d506a54aac9a7f07951c018 - Path: Packages/com.unity.test-framework/UnityEditor.TestRunner/TestRunner/Messages/ExitPlayMode.cs - Importer: ScriptedImporter/UnityEditor.QuickSearchModule:UnityEditor.Search:ASIAI0B -> (ImportResultId: 'b80c1421b5f691b33468b37b317921af') in 0.0025984 seconds
[Worker0] Imported GUID: fc039194235714f48a39bd364885e744 - Path: Packages/com.unity.test-framework/UnityEditor.TestRunner/TestRun/Tasks/PrebuildSetupTask.cs - Importer: ScriptedImporter/UnityEditor.QuickSearchModule:UnityEditor.Search:ASIAI0B -> (ImportResultId: 'eda041dae2dc64ae199bce8bfdeb2795') in 0.0033527 seconds
[Worker0] Imported GUID: c9b23632c77de204abfe8bf7168d48c0 - Path: Packages/com.unity.test-framework/UnityEditor.TestRunner/TestRunner/Utils/EditorCompilationInterfaceProxy.cs - Importer: ScriptedImporter/UnityEditor.QuickSearchModule:UnityEditor.Search:ASIAI0B -> (ImportResultId: '52aeb8ed95c61198157b6bbbbfae7ba6') in 0.0026881 seconds
[Worker0] Imported GUID: 5df3c21c5237c994db89660fbdfee07d - Path: Packages/com.unity.test-framework/UnityEditor.TestRunner/TestRunner/Messages/WaitForDomainReload.cs - Importer: ScriptedImporter/UnityEditor.QuickSearchModule:UnityEditor.Search:ASIAI0B -> (ImportResultId: '2f86468b9f0fa5b307641983f1d0fc48') in 0.0045869 seconds
[Worker0] Imported GUID: d685d97a1eb004f49afea0cc982ff728 - Path: Packages/com.unity.test-framework/UnityEditor.TestRunner/TestRunner/Utils/TestListCache.cs - Importer: ScriptedImporter/UnityEditor.QuickSearchModule:UnityEditor.Search:ASIAI0B -> (ImportResultId: '1a5a9aee247d7d8e465acdf0144d999a') in 0.0101969 seconds
[Worker0] Imported GUID: 02ef7627f46742ae83071af8bf22f1af - Path: Packages/com.unity.test-framework/UnityEditor.TestRunner/UnityTestProtocol/Messages/EditorVersionMessage.cs - Importer: ScriptedImporter/UnityEditor.QuickSearchModule:UnityEditor.Search:ASIAI0B -> (ImportResultId: '6fa9ea421c0e55cc82975a2480d0f388') in 0.0019397 seconds
[Worker0] Imported GUID: dec9066d4afefe444be0dad3f137730d - Path: Packages/com.unity.test-framework/UnityEditor.TestRunner/TestRunner/Utils/TestListJob.cs - Importer: ScriptedImporter/UnityEditor.QuickSearchModule:UnityEditor.Search:ASIAI0B -> (ImportResultId: '3092a88c1788bbcf6e787f5a90219d33') in 0.0020759 seconds
[Worker0] Imported GUID: 002201b186864f54ba07f1b2d7841fc7 - Path: Packages/com.unity.test-framework/UnityEngine.TestRunner/NUnitExtensions/Attributes/UnityCoreClrExplicitDisabledAttribute.cs - Importer: ScriptedImporter/UnityEditor.QuickSearchModule:UnityEditor.Search:ASIAI0B -> (ImportResultId: 'dadb471ed64079602133a0b0e0b7e12d') in 0.0062172 seconds
[Worker0] Imported GUID: d52ad1cdc75642419ac24e88b43a3821 - Path: Packages/com.unity.test-framework/UnityEditor.TestRunner/UnityTestProtocol/Data/PlayerSettings.cs - Importer: ScriptedImporter/UnityEditor.QuickSearchModule:UnityEditor.Search:ASIAI0B -> (ImportResultId: '8ab1af0637a710d193a4c0e8e4a78cfa') in 0.0025776 seconds
[Worker0] Imported GUID: 3803f736886e77842995ddbc3531afaa - Path: Packages/com.unity.test-framework/UnityEngine.TestRunner/NUnitExtensions/Attributes/TestMustExpectAllLogsAttribute.cs - Importer: ScriptedImporter/UnityEditor.QuickSearchModule:UnityEditor.Search:ASIAI0B -> (ImportResultId: 'c889d237da0e4956bc3814e9f5af092c') in 0.0024012 seconds
[Worker0] Imported GUID: 01aa6c4633a44c2ca43e69d35747cb80 - Path: Packages/com.unity.test-framework/UnityEditor.TestRunner/TestRun/Tasks/SetupConstructDelegatorTask.cs - Importer: ScriptedImporter/UnityEditor.QuickSearchModule:UnityEditor.Search:ASIAI0B -> (ImportResultId: '31f4e34ed6e5173745144b2a2e66d5b4') in 0.0016322 seconds
[Worker0] Imported GUID: f15cbb987069826429540d0ea0937442 - Path: Packages/com.unity.test-framework/UnityEditor.TestRunner/TestRunner/Utils/TestListProvider.cs - Importer: ScriptedImporter/UnityEditor.QuickSearchModule:UnityEditor.Search:ASIAI0B -> (ImportResultId: '63209850ca33976fd5aa8a45f03a8314') in 0.0017984 seconds
[Worker0] Imported GUID: 0f691f67e4ca49a386e31761b0ff8238 - Path: Packages/com.unity.test-framework/UnityEditor.TestRunner/TestRun/Tasks/RestoreProjectSettingsTask.cs - Importer: ScriptedImporter/UnityEditor.QuickSearchModule:UnityEditor.Search:ASIAI0B -> (ImportResultId: '1df30e15fc6b9833f59249d8e8e64dee') in 0.0080103 seconds
[Worker0] Imported GUID: f96d0ea807c081145a1170ed1b6d71e0 - Path: Packages/com.unity.test-framework/UnityEditor.TestRunner/TestRunner/Utils/EditorAssembliesProxy.cs - Importer: ScriptedImporter/UnityEditor.QuickSearchModule:UnityEditor.Search:ASIAI0B -> (ImportResultId: '57df04dfc1ab986695634780a21af9a2') in 0.0017844 seconds
[Worker0] Imported GUID: 321dc2c0720f8dd4f9396ecdc12b8746 - Path: Packages/com.unity.test-framework/UnityEditor.TestRunner/UnityTestProtocol/Messages/Message.cs - Importer: ScriptedImporter/UnityEditor.QuickSearchModule:UnityEditor.Search:ASIAI0B -> (ImportResultId: 'a9bff25bbf9573a7049eab267ad31315') in 0.002049 seconds
[Worker0] Imported GUID: efce3ac61ba34d3590656de761a677e3 - Path: Packages/com.unity.test-framework/UnityEditor.TestRunner/UnityTestProtocol/Data/QualitySettings.cs - Importer: ScriptedImporter/UnityEditor.QuickSearchModule:UnityEditor.Search:ASIAI0B -> (ImportResultId: 'fd377580a5110cfe9f7da87016b724f4') in 0.0017945 seconds
[Worker0] Imported GUID: 033c884ba52437d49bc55935939ef1c6 - Path: Packages/com.unity.test-framework/UnityEditor.TestRunner/TestRunner/Utils/EditorLoadedTestAssemblyProvider.cs - Importer: ScriptedImporter/UnityEditor.QuickSearchModule:UnityEditor.Search:ASIAI0B -> (ImportResultId: 'fee4015d4cf1d91fe0173edc0d973857') in 0.006226 seconds
[Worker0] Imported GUID: 64689f8b25eadac4da519e96f514b653 - Path: Packages/com.unity.test-framework/UnityEditor.TestRunner/TestRunner/Utils/ITestListProvider.cs - Importer: ScriptedImporter/UnityEditor.QuickSearchModule:UnityEditor.Search:ASIAI0B -> (ImportResultId: '30365260f7ac3e291c845bf3bfce75ac') in 0.0019727 seconds
[Worker0] Imported GUID: 7ee0c4baf94a41009b0f9292988a2000 - Path: Packages/com.unity.test-framework/UnityEditor.TestRunner/UnityTestProtocol/Data/PlayerSystemInfo.cs - Importer: ScriptedImporter/UnityEditor.QuickSearchModule:UnityEditor.Search:ASIAI0B -> (ImportResultId: '2919ecc9fc1757f7ec6014038397844b') in 0.0029499 seconds
[Worker0] Imported GUID: 64f0c7c73db2d32469a5208a3cff96de - Path: Packages/com.unity.test-framework/UnityEngine.TestRunner/NUnitExtensions/Attributes/UnityOneTimeSetUpAttribute.cs - Importer: ScriptedImporter/UnityEditor.QuickSearchModule:UnityEditor.Search:ASIAI0B -> (ImportResultId: '29985dd081103485c8513fd72eb1c5e2') in 0.0016769 seconds
[Worker0] Imported GUID: 26f3e7301af463c4ca72fa98d59b429e - Path: Packages/com.unity.test-framework/UnityEditor.TestRunner/TestRunner/Utils/CachingTestListProvider.cs - Importer: ScriptedImporter/UnityEditor.QuickSearchModule:UnityEditor.Search:ASIAI0B -> (ImportResultId: '3e14639ddb827c56189f674b6eb35b68') in 0.0017172 seconds
[Worker0] Imported GUID: 9bd5a110ed89025499ddee8c7e73778e - Path: Packages/com.unity.test-framework/UnityEditor.TestRunner/TestRunner/Messages/EnterPlayMode.cs - Importer: ScriptedImporter/UnityEditor.QuickSearchModule:UnityEditor.Search:ASIAI0B -> (ImportResultId: 'feab8eb0176241850f249b80a7b95bf1') in 0.0027188 seconds
[Worker0] Imported GUID: 58a43a62ecbe444d963930822e17d4cd - Path: Packages/com.unity.test-framework/UnityEditor.TestRunner/UnityTestProtocol/Data/ScreenSettings.cs - Importer: ScriptedImporter/UnityEditor.QuickSearchModule:UnityEditor.Search:ASIAI0B -> (ImportResultId: 'e69ce6c839f4d0037b28ddea32717cfa') in 0.0017445 seconds
[Worker0] Imported GUID: 7043e9a330ac2d84a80a965ada4589ad - Path: Packages/com.unity.test-framework/UnityEditor.TestRunner/TestRunner/Utils/ITestListCacheData.cs - Importer: ScriptedImporter/UnityEditor.QuickSearchModule:UnityEditor.Search:ASIAI0B -> (ImportResultId: '089ab7abf41146e7fdfb7be951e8ac88') in 0.001953 seconds
[Worker0] Imported GUID: 6cf74526594248e88be90b91eb2dbe1c - Path: Packages/com.unity.test-framework/UnityEditor.TestRunner/UnityTestProtocol/Messages/QualitySettingsMessage.cs - Importer: ScriptedImporter/UnityEditor.QuickSearchModule:UnityEditor.Search:ASIAI0B -> (ImportResultId: 'af16cfc018098f3f5579fc1210441acf') in 0.0036221 seconds
[Worker0] Imported GUID: f699428dfee64165b017dced94d8ca70 - Path: Packages/com.unity.test-framework/UnityEditor.TestRunner/UnityTestProtocol/Data/BuildSettings.cs - Importer: ScriptedImporter/UnityEditor.QuickSearchModule:UnityEditor.Search:ASIAI0B -> (ImportResultId: '01c1d666b28ddf985e56e342fc7fffcb') in 0.0023996 seconds
[Worker0] Imported GUID: 0c56471f08a0f6846afc792f0b4205b9 - Path: Packages/com.unity.test-framework/UnityEngine.TestRunner/Assertions/LogScope/LogEvent.cs - Importer: ScriptedImporter/UnityEditor.QuickSearchModule:UnityEditor.Search:ASIAI0B -> (ImportResultId: 'b5f8c21566b918af7a78fb1b25f5c4ea') in 0.001837 seconds
[Worker0] Imported GUID: a704c010bcdb1ec4a9f3417b3c393164 - Path: Packages/com.unity.test-framework/UnityEditor.TestRunner/TestRunner/Utils/ITestListCache.cs - Importer: ScriptedImporter/UnityEditor.QuickSearchModule:UnityEditor.Search:ASIAI0B -> (ImportResultId: 'bf3b5b2f2b8a4b7e3a2376c92681886b') in 0.0018819 seconds
[Worker0] Imported GUID: 28f79a0d7e64c2345bc46f8c4cf788f8 - Path: Packages/com.unity.test-framework/UnityEditor.TestRunner/UnityTestProtocol/Messages/TestPlanMessage.cs - Importer: ScriptedImporter/UnityEditor.QuickSearchModule:UnityEditor.Search:ASIAI0B -> (ImportResultId: '1d780b70c99ee7ff4540c7a7d2f0682a') in 0.0020582 seconds
[Worker0] Imported GUID: 936b6288befc460409cfdff3ac92fc95 - Path: Packages/com.unity.test-framework/UnityEditor.TestRunner/TestRunner/Utils/IEditorLoadedTestAssemblyProvider.cs - Importer: ScriptedImporter/UnityEditor.QuickSearchModule:UnityEditor.Search:ASIAI0B -> (ImportResultId: '95991b701bb88081158e2d75518abebc') in 0.0102285 seconds
[Worker0] Imported GUID: 9202fbba95ea8294cb5e718f028f21b0 - Path: Packages/com.unity.test-framework/UnityEditor.TestRunner/TestRunner/Messages/RecompileScripts.cs - Importer: ScriptedImporter/UnityEditor.QuickSearchModule:UnityEditor.Search:ASIAI0B -> (ImportResultId: '2fdd352ba6a6b3a5b3abd6cdea8df8e6') in 0.0018653 seconds
[Worker0] Imported GUID: 20cdb37e6fea6d946bbb84d2c923db85 - Path: Packages/com.unity.test-framework/UnityEditor.TestRunner/TestRunner/Utils/EditorAssemblyWrapper.cs - Importer: ScriptedImporter/UnityEditor.QuickSearchModule:UnityEditor.Search:ASIAI0B -> (ImportResultId: '19301d8b91de8411f1e3748669487480') in 0.0033736 seconds
[Worker0] Imported GUID: 342d9ef4da0a19b49877f576c2deec14 - Path: Packages/com.unity.test-framework/UnityEditor.TestRunner/TestRun/Tasks/TestTaskBase.cs - Importer: ScriptedImporter/UnityEditor.QuickSearchModule:UnityEditor.Search:ASIAI0B -> (ImportResultId: '153a429067bba314fb96f261ba92b623') in 0.0077356 seconds
[Worker0] Imported GUID: 5440c1153b397e14c9c7b1d6eb83b9f9 - Path: Packages/com.unity.test-framework/UnityEngine.TestRunner/NUnitExtensions/Attributes/UnityPlatformAttribute.cs - Importer: ScriptedImporter/UnityEditor.QuickSearchModule:UnityEditor.Search:ASIAI0B -> (ImportResultId: '9b5d28a53ba6f93e234e4c2ff61cad26') in 0.0045943 seconds
[Worker0] Imported GUID: 5c15bf0966eb95847a4260d830a30d30 - Path: Packages/com.unity.test-framework/UnityEngine.TestRunner/NUnitExtensions/Runner/WorkItemFactory.cs - Importer: ScriptedImporter/UnityEditor.QuickSearchModule:UnityEditor.Search:ASIAI0B -> (ImportResultId: 'a8b1bc0deb22388b513c645df78cb02d') in 0.0087105 seconds
[Worker0] Imported GUID: d2ca9278c9dd49df877d622d0f657ecf - Path: Packages/com.unity.test-framework/UnityEngine.TestRunner/NUnitExtensions/Commands/UnityTestMethodCommand.cs - Importer: ScriptedImporter/UnityEditor.QuickSearchModule:UnityEditor.Search:ASIAI0B -> (ImportResultId: '06a933648dece068569babc4b58cabc8') in 0.0028582 seconds
[Worker0] Imported GUID: f180b12c4cff494c91056caa03f9c109 - Path: Packages/com.unity.test-framework/UnityEngine.TestRunner/NUnitExtensions/Commands/RetryCommand.cs - Importer: ScriptedImporter/UnityEditor.QuickSearchModule:UnityEditor.Search:ASIAI0B -> (ImportResultId: '05b346b9478a3b986f2cf4245117f2b9') in 0.0023358 seconds
[Worker0] Imported GUID: 110d5035a36a6a34580fb65bb40cd78f - Path: Packages/com.unity.test-framework/UnityEngine.TestRunner/NUnitExtensions/Runner/CompositeWorkItem.cs - Importer: ScriptedImporter/UnityEditor.QuickSearchModule:UnityEditor.Search:ASIAI0B -> (ImportResultId: 'fbd5b3c7881a43ffa73e92bc22bcd519') in 0.0020173 seconds
[Worker0] Imported GUID: 79ced2556f0af814a840b86232613ff1 - Path: Packages/com.unity.test-framework/UnityEngine.TestRunner/NUnitExtensions/Runner/UnityWorkItem.cs - Importer: ScriptedImporter/UnityEditor.QuickSearchModule:UnityEditor.Search:ASIAI0B -> (ImportResultId: 'c4fb4ea809795e49f78ddf79e2307a80') in 0.0132676 seconds
[Worker0] Imported GUID: 12dfd4bdbb5c8e6419432fbc54ef25d9 - Path: Packages/com.unity.test-framework/UnityEngine.TestRunner/Utils/AssemblyProvider/IAssemblyLoadProxy.cs - Importer: ScriptedImporter/UnityEditor.QuickSearchModule:UnityEditor.Search:ASIAI0B -> (ImportResultId: '561e252cf7aee379e5efb13e148d0a9b') in 0.010437 seconds
[Worker0] Imported GUID: 203984dce16ec4246a37d5b4f555c858 - Path: Packages/com.unity.test-framework/UnityEngine.TestRunner/NUnitExtensions/Runner/TestCommandWrapperRegistry.cs - Importer: ScriptedImporter/UnityEditor.QuickSearchModule:UnityEditor.Search:ASIAI0B -> (ImportResultId: '0885dea54bcc9800add2488457511b72') in 0.0216694 seconds
[Worker0] Imported GUID: 41d60936b62cc6d4ca7fe628b22b0e40 - Path: Packages/com.unity.test-framework/UnityEngine.TestRunner/TestRunner/RemoteHelpers/PlayerConnectionMessageIds.cs - Importer: ScriptedImporter/UnityEditor.QuickSearchModule:UnityEditor.Search:ASIAI0B -> (ImportResultId: 'bc87695e2f426fdc9c94a89af3fa45c6') in 0.0030085 seconds
[Worker0] Imported GUID: 2de8ba3b840049641897e0da7ce1d5cd - Path: Packages/com.unity.test-framework/UnityEngine.TestRunner/NUnitExtensions/Commands/TestActionCommand.cs - Importer: ScriptedImporter/UnityEditor.QuickSearchModule:UnityEditor.Search:ASIAI0B -> (ImportResultId: 'db0e4e1bb07b96cc9adc5c8d48a85c09') in 0.0127219 seconds
[Worker0] Imported GUID: 68e5dc8bfd5d72647a93b7f2e1da831a - Path: Packages/com.unity.test-framework/UnityEngine.TestRunner/NUnitExtensions/Runner/FailCommand.cs - Importer: ScriptedImporter/UnityEditor.QuickSearchModule:UnityEditor.Search:ASIAI0B -> (ImportResultId: '4e2e20faa94a357f440413fa65dbdcaa') in 0.0054821 seconds
[Worker0] Imported GUID: df537bdce04d7964193fffe1cc99a343 - Path: Packages/com.unity.test-framework/UnityEngine.TestRunner/NUnitExtensions/Commands/EnumerableOneTimeSetUpTearDownCommand.cs - Importer: ScriptedImporter/UnityEditor.QuickSearchModule:UnityEditor.Search:ASIAI0B -> (ImportResultId: 'da58ecf09c63b2ae049d322f871edb9e') in 0.0045646 seconds
[Worker0] Imported GUID: ebeedaa04bb53e24ba2e7fb6745e3fd3 - Path: Packages/com.unity.test-framework/UnityEngine.TestRunner/NUnitExtensions/Filters/CategoryFilterExtended.cs - Importer: ScriptedImporter/UnityEditor.QuickSearchModule:UnityEditor.Search:ASIAI0B -> (ImportResultId: 'd42906a422d0ab634cdfef0faa6eee60') in 0.0031331 seconds
[Worker0] Imported GUID: e273462feb9a65948826739f683cc9a9 - Path: Packages/com.unity.test-framework/UnityEngine.TestRunner/NUnitExtensions/Commands/EnumerableRepeatedTestCommand.cs - Importer: ScriptedImporter/UnityEditor.QuickSearchModule:UnityEditor.Search:ASIAI0B -> (ImportResultId: '44cb9c9798685df7c03bc5f3968609d3') in 0.0136285 seconds
[Worker0] Imported GUID: e0db3f3921670cd4ca2e925737c3fba4 - Path: Packages/com.unity.test-framework/UnityEngine.TestRunner/NUnitExtensions/Commands/SetUpTearDownCommand.cs - Importer: ScriptedImporter/UnityEditor.QuickSearchModule:UnityEditor.Search:ASIAI0B -> (ImportResultId: '07540b5dfaaca8ceb439f7ed939d2790') in 0.0183796 seconds
[Worker0] Imported GUID: 59ff995fabb3bac45afa0f96f333e5dc - Path: Packages/com.unity.test-framework/UnityEngine.TestRunner/NUnitExtensions/Runner/UnityTestExecutionContext.cs - Importer: ScriptedImporter/UnityEditor.QuickSearchModule:UnityEditor.Search:ASIAI0B -> (ImportResultId: 'c245d47e593ce800dff0c0d24cde9aaf') in 0.0125197 seconds
[Worker0] Imported GUID: 5ebb87899ca30b743bb4274bc00c02b4 - Path: Packages/com.unity.test-framework/UnityEngine.TestRunner/TestRunner/Callbacks/TestResultRenderer.cs - Importer: ScriptedImporter/UnityEditor.QuickSearchModule:UnityEditor.Search:ASIAI0B -> (ImportResultId: '51d80e64e1513c1945bc3fc525d82973') in 0.0837827 seconds
[Worker0] Imported GUID: 874c0713cdc44f549b0161750b48d2c2 - Path: Packages/com.unity.test-framework/UnityEngine.TestRunner/TestRunner/RemoteHelpers/IRemoteTestResultDataFactory.cs - Importer: ScriptedImporter/UnityEditor.QuickSearchModule:UnityEditor.Search:ASIAI0B -> (ImportResultId: 'f1e30a45a536c89f3de7e2abbb5f21fe') in 0.0024648 seconds
[Worker0] Imported GUID: 851f94140ec64b7db846948429a87f01 - Path: Packages/com.unity.test-framework/UnityEngine.TestRunner/NUnitExtensions/Commands/RepeatCommand.cs - Importer: ScriptedImporter/UnityEditor.QuickSearchModule:UnityEditor.Search:ASIAI0B -> (ImportResultId: '352a523e7ffc87854697ea6dcd27bcfd') in 0.004108 seconds
[Worker0] Imported GUID: 48230e4e90fb4d14a9d56bddea898413 - Path: Packages/com.unity.test-framework/UnityEngine.TestRunner/NUnitExtensions/Runner/UnityLogCheckDelegatingCommand.cs - Importer: ScriptedImporter/UnityEditor.QuickSearchModule:UnityEditor.Search:ASIAI0B -> (ImportResultId: '23ee305189dd81705c8e35ccf4da0be0') in 0.0518027 seconds
[Worker0] Imported GUID: b135ec222fdcd11468014c90d11d6821 - Path: Packages/com.unity.test-framework/UnityEngine.TestRunner/TestRunner/RemoteHelpers/RemoteTestData.cs - Importer: ScriptedImporter/UnityEditor.QuickSearchModule:UnityEditor.Search:ASIAI0B -> (ImportResultId: '526476a9d1199d11f8c8bea281044779') in 0.0029415 seconds
[Worker0] Imported GUID: aa5dd1a9432747fd89501213ba621de6 - Path: Packages/com.unity.test-framework/UnityEngine.TestRunner/NUnitExtensions/Commands/EnumerableMaxTimeCommand.cs - Importer: ScriptedImporter/UnityEditor.QuickSearchModule:UnityEditor.Search:ASIAI0B -> (ImportResultId: 'ec70ed25fe48efdf1faa2f6252f3476a') in 0.0124202 seconds
[Worker0] Imported GUID: 7d2d4145ec6c42dabb2d7af8e58224db - Path: Packages/com.unity.test-framework/UnityEngine.TestRunner/NUnitExtensions/Commands/TimeoutCommand.cs - Importer: ScriptedImporter/UnityEditor.QuickSearchModule:UnityEditor.Search:ASIAI0B -> (ImportResultId: 'fb2401b21c10eda24e95732ae8a928e1') in 0.003775 seconds
[Worker0] Imported GUID: dfc336f10b83bd74eaded16a658275c7 - Path: Packages/com.unity.test-framework/UnityEngine.TestRunner/TestRunner/Callbacks/TestResultRendererCallback.cs - Importer: ScriptedImporter/UnityEditor.QuickSearchModule:UnityEditor.Search:ASIAI0B -> (ImportResultId: '87576d3e091bef3ecf8eede134fd0907') in 0.0042895 seconds
[Worker0] Imported GUID: 826b6becaef90fb458eedebe4c2f3664 - Path: Packages/com.unity.test-framework/UnityEngine.TestRunner/TestRunner/RemoteHelpers/RemoteTestResultDataFactory.cs - Importer: ScriptedImporter/UnityEditor.QuickSearchModule:UnityEditor.Search:ASIAI0B -> (ImportResultId: '2704f1b9c290503294940d11aa2121ec') in 0.0035675 seconds
[Worker0] Imported GUID: cbbca1d8a0434be4bbc7f165523763ac - Path: Packages/com.unity.test-framework/UnityEngine.TestRunner/NUnitExtensions/Commands/BeforeAfterTestCommandBase.cs - Importer: ScriptedImporter/UnityEditor.QuickSearchModule:UnityEditor.Search:ASIAI0B -> (ImportResultId: '25666ea9351cbe4f917324a047661542') in 0.0020461 seconds
[Worker0] Imported GUID: 8349e42a2b30c7a4abd8678c203428ba - Path: Packages/com.unity.test-framework/UnityEngine.TestRunner/NUnitExtensions/Commands/ImmediateEnumerableCommand.cs - Importer: ScriptedImporter/UnityEditor.QuickSearchModule:UnityEditor.Search:ASIAI0B -> (ImportResultId: '6972e78fa446dfdba90c0b94c19336df') in 0.0087074 seconds
[Worker0] Imported GUID: 91319408591cec1478efd3c62f9f418a - Path: Packages/com.unity.test-framework/UnityEngine.TestRunner/NUnitExtensions/Filters/AssemblyNameFilter.cs - Importer: ScriptedImporter/UnityEditor.QuickSearchModule:UnityEditor.Search:ASIAI0B -> (ImportResultId: 'a9a90ab8300e47d54c4a235bd24f7e04') in 0.0047241 seconds
[Worker0] Imported GUID: 475e3699f219c854f8581a9838135002 - Path: Packages/com.unity.test-framework/UnityEngine.TestRunner/TestRunner/RemoteHelpers/RemoteTestResultDataWithTestData.cs - Importer: ScriptedImporter/UnityEditor.QuickSearchModule:UnityEditor.Search:ASIAI0B -> (ImportResultId: '5ee249fc29db662458e042b186167ca0') in 0.0022889 seconds
[Worker0] Imported GUID: f40df9c8cf926b241b093a37028d8815 - Path: Packages/com.unity.test-framework/UnityEngine.TestRunner/NUnitExtensions/Runner/TestCommandBuilder.cs - Importer: ScriptedImporter/UnityEditor.QuickSearchModule:UnityEditor.Search:ASIAI0B -> (ImportResultId: '0b979ea53da2073d8ea9d485fc630ae1') in 0.0086743 seconds
[Worker0] Imported GUID: fedb0f9e5006b1943abae52f52f08a1a - Path: Packages/com.unity.test-framework/UnityEngine.TestRunner/NUnitExtensions/Attributes/UnityTestAttribute.cs - Importer: ScriptedImporter/UnityEditor.QuickSearchModule:UnityEditor.Search:ASIAI0B -> (ImportResultId: 'f57647a62c7a3bce658bffda9f70e07d') in 0.004032 seconds
[Worker0] Imported GUID: 26721f9940339264fb14bdbfe1290e21 - Path: Packages/com.unity.test-framework/UnityEngine.TestRunner/NUnitExtensions/Runner/RestoreTestContextAfterDomainReload.cs - Importer: ScriptedImporter/UnityEditor.QuickSearchModule:UnityEditor.Search:ASIAI0B -> (ImportResultId: 'fab5d605b785c5dbd79cdc2468390a28') in 0.0023156 seconds
[Worker0] Imported GUID: 600f4b74746dbf944901257f81a8af6d - Path: Packages/com.unity.test-framework/UnityEngine.TestRunner/NUnitExtensions/Attributes/UnityTearDownAttribute.cs - Importer: ScriptedImporter/UnityEditor.QuickSearchModule:UnityEditor.Search:ASIAI0B -> (ImportResultId: '6eb35e5c9eba9a5ce8929360b73258d5') in 0.0088982 seconds
[Worker0] Imported GUID: 898bc38486fc899428fbe5bd6adfe473 - Path: Packages/com.unity.test-framework/UnityEngine.TestRunner/TestRunner/Messages/IEditModeTestYieldInstruction.cs - Importer: ScriptedImporter/UnityEditor.QuickSearchModule:UnityEditor.Search:ASIAI0B -> (ImportResultId: 'dfba396604f7508af5909a3fa2d10f5b') in 0.0023871 seconds
[Worker0] Imported GUID: b557515fff172984e8c4400b43f1c631 - Path: Packages/com.unity.test-framework/UnityEngine.TestRunner/NUnitExtensions/Runner/CoroutineTestWorkItem.cs - Importer: ScriptedImporter/UnityEditor.QuickSearchModule:UnityEditor.Search:ASIAI0B -> (ImportResultId: '6a73c8e53f3c6e6b256daa856c86cd5e') in 0.0023806 seconds
[Worker0] Imported GUID: e55eddf2afda488db58fb17f985fee99 - Path: Packages/com.unity.test-framework/UnityEngine.TestRunner/NUnitExtensions/Commands/IgnoreTestCommand.cs - Importer: ScriptedImporter/UnityEditor.QuickSearchModule:UnityEditor.Search:ASIAI0B -> (ImportResultId: 'a2ef50eb13351bd0b493d4c97525288f') in 0.0045132 seconds
[Worker0] Imported GUID: 2e3b9bbf2c1a3cd4f88883ca32882ec6 - Path: Packages/com.unity.test-framework/UnityEngine.TestRunner/Utils/AssemblyProvider/AssemblyWrapper.cs - Importer: ScriptedImporter/UnityEditor.QuickSearchModule:UnityEditor.Search:ASIAI0B -> (ImportResultId: '8cb0e1a9b32c69184868ae9d2bbf8968') in 0.0025384 seconds
[Worker0] Imported GUID: dd85a35169d313840a0874aea1a28629 - Path: Packages/com.unity.test-framework/UnityEngine.TestRunner/NUnitExtensions/Commands/EnumerableSetUpTearDownCommand.cs - Importer: ScriptedImporter/UnityEditor.QuickSearchModule:UnityEditor.Search:ASIAI0B -> (ImportResultId: 'bd6d03994035e6a637b289a41c6c539b') in 0.0023631 seconds
[Worker0] Imported GUID: 7ef6801a8b664544aa9f2ab1bc1f8b60 - Path: Packages/com.unity.test-framework/UnityEngine.TestRunner/NUnitExtensions/Runner/PlaymodeWorkItemFactory.cs - Importer: ScriptedImporter/UnityEditor.QuickSearchModule:UnityEditor.Search:ASIAI0B -> (ImportResultId: 'c7496c344f0b5210dd482c78fb85c24b') in 0.0038506 seconds
[Worker0] Imported GUID: 0d4fc309a0784294c8ab658b53b12320 - Path: Packages/com.unity.test-framework/UnityEngine.TestRunner/NUnitExtensions/Commands/OuterUnityTestActionCommand.cs - Importer: ScriptedImporter/UnityEditor.QuickSearchModule:UnityEditor.Search:ASIAI0B -> (ImportResultId: '3287807ef45b06a8848e64e58ee313d2') in 0.0103986 seconds
[Worker0] Imported GUID: 3cf5cb9e1ef590c48b1f919f2a7bd895 - Path: Packages/com.unity.test-framework/UnityEngine.TestRunner/TestRunner/Callbacks/PlayModeRunnerCallback.cs - Importer: ScriptedImporter/UnityEditor.QuickSearchModule:UnityEditor.Search:ASIAI0B -> (ImportResultId: '014d2591137ca0463da7b273d9eaa1d3') in 0.0026032 seconds
[Worker0] Imported GUID: 33e6b78c96bb0694e96383e3c56b7b54 - Path: Packages/com.unity.test-framework/UnityEngine.TestRunner/NUnitExtensions/Commands/TestCommandPcHelper.cs - Importer: ScriptedImporter/UnityEditor.QuickSearchModule:UnityEditor.Search:ASIAI0B -> (ImportResultId: '31f7d35fbefaf736632d08c437f648f8') in 0.0075439 seconds
[Worker0] Imported GUID: 5b3e90046c38f1d4dad2e0d5a79e871c - Path: Packages/com.unity.test-framework/UnityEngine.TestRunner/NUnitExtensions/Runner/UnityWorkItemDataHolder.cs - Importer: ScriptedImporter/UnityEditor.QuickSearchModule:UnityEditor.Search:ASIAI0B -> (ImportResultId: 'a88c0e0741dc93978eebcba3ac296439') in 0.0022813 seconds
[Worker0] Imported GUID: 1e42d5fdba604f0786aac7fcaaa84cf7 - Path: Packages/com.unity.test-framework/UnityEngine.TestRunner/NUnitExtensions/Filters/EditorOnlyFilter.cs - Importer: ScriptedImporter/UnityEditor.QuickSearchModule:UnityEditor.Search:ASIAI0B -> (ImportResultId: 'd50eab1245a7cec301d837aa999013ce') in 0.002319 seconds
[Worker0] Imported GUID: c7cfda246e604b945b12b7afedb094ce - Path: Packages/com.unity.test-framework/UnityEngine.TestRunner/NUnitExtensions/Runner/DefaultTestWorkItem.cs - Importer: ScriptedImporter/UnityEditor.QuickSearchModule:UnityEditor.Search:ASIAI0B -> (ImportResultId: '2657aede3916971ce5b7728c798d26b5') in 0.0058829 seconds
[Worker0] Imported GUID: 19a6f000f81e24c4a826c1abd43e77c7 - Path: Packages/com.unity.test-framework/UnityEngine.TestRunner/NUnitExtensions/Commands/EnumerableTestMethodCommand.cs - Importer: ScriptedImporter/UnityEditor.QuickSearchModule:UnityEditor.Search:ASIAI0B -> (ImportResultId: '27b3ce2608e61bebcf62809b927da0da') in 0.0022444 seconds
[Worker0] Imported GUID: fb593906b7b6d824087dcaebf6c082e0 - Path: Packages/com.unity.test-framework/UnityEngine.TestRunner/Utils/AssemblyProvider/AssemblyLoadProxy.cs - Importer: ScriptedImporter/UnityEditor.QuickSearchModule:UnityEditor.Search:ASIAI0B -> (ImportResultId: '55faa0012e23e3ee2f9f92d776483165') in 0.0035813 seconds
[Worker0] Imported GUID: 8c20c76a75f088a46933d6a707744be4 - Path: Packages/com.unity.test-framework/UnityEngine.TestRunner/NUnitExtensions/Runner/ITestCommandWrapper.cs - Importer: ScriptedImporter/UnityEditor.QuickSearchModule:UnityEditor.Search:ASIAI0B -> (ImportResultId: '2a8f3520f9fc4e0f13b1af3c3ce333ea') in 0.0235537 seconds
[Worker0] Imported GUID: e948790d8b7e42e2abef6c45c5bc4c76 - Path: Packages/com.unity.test-framework/UnityEngine.TestRunner/NUnitExtensions/Filters/NonExplicitFilter.cs - Importer: ScriptedImporter/UnityEditor.QuickSearchModule:UnityEditor.Search:ASIAI0B -> (ImportResultId: '0a936542ad97a05cc42ba4993c60599b') in 0.0034617 seconds
[Worker0] Imported GUID: 03e4d63665d06f04c8a6cf68133c1592 - Path: Packages/com.unity.test-framework/UnityEngine.TestRunner/TestRunner/RemoteHelpers/RemoteTestResultData.cs - Importer: ScriptedImporter/UnityEditor.QuickSearchModule:UnityEditor.Search:ASIAI0B -> (ImportResultId: 'c173b8ce86281aa8ed7c66c8bdb09b1e') in 0.0018901 seconds
[Worker0] Imported GUID: 3b4429eff9fcffb48b006e8edcc90338 - Path: Packages/com.unity.test-framework/UnityEngine.TestRunner/NUnitExtensions/Commands/EnumerableApplyChangesToContextCommand.cs - Importer: ScriptedImporter/UnityEditor.QuickSearchModule:UnityEditor.Search:ASIAI0B -> (ImportResultId: 'ac877ac98cfed346acf4360b6e7f5840') in 0.0020148 seconds
[Worker0] Imported GUID: 9bbdc426fc0a48e1b66deaac7ea8f64c - Path: Packages/com.unity.test-framework/UnityEngine.TestRunner/NUnitExtensions/Commands/IgnoreTest.cs - Importer: ScriptedImporter/UnityEditor.QuickSearchModule:UnityEditor.Search:ASIAI0B -> (ImportResultId: '29aba69a6326f8ebe2c4853535eec5c4') in 0.0077649 seconds
[Worker0] Imported GUID: 874e40a588dbb1e48bc128d686337d4e - Path: Packages/com.unity.test-framework/UnityEngine.TestRunner/NUnitExtensions/Runner/UnityTestAssemblyRunner.cs - Importer: ScriptedImporter/UnityEditor.QuickSearchModule:UnityEditor.Search:ASIAI0B -> (ImportResultId: 'e93efddbdf5b4b6d64ccee049414040e') in 0.0036384 seconds
[Worker0] Imported GUID: dbd43d8a3b8122d4e89b055f53382b11 - Path: Packages/com.unity.test-framework/UnityEngine.TestRunner/NUnitExtensions/Runner/IEnumerableTestMethodCommand.cs - Importer: ScriptedImporter/UnityEditor.QuickSearchModule:UnityEditor.Search:ASIAI0B -> (ImportResultId: 'cc310a4fa51c9331687f625e6fdcf84f') in 0.0039305 seconds
[Worker0] Imported GUID: cc294d4e597b4ba5acf52ad834cce210 - Path: Packages/com.unity.test-framework/UnityEngine.TestRunner/NUnitExtensions/Commands/StrictCheckCommand.cs - Importer: ScriptedImporter/UnityEditor.QuickSearchModule:UnityEditor.Search:ASIAI0B -> (ImportResultId: '7f84a9ffdcbeab1a642149d5e2edcd15') in 0.0080864 seconds
[Worker0] Imported GUID: 356852e4738840b4b1ab533d3a66f0e1 - Path: Packages/com.unity.test-framework/UnityEngine.TestRunner/NUnitExtensions/Commands/EnumerableTestState.cs - Importer: ScriptedImporter/UnityEditor.QuickSearchModule:UnityEditor.Search:ASIAI0B -> (ImportResultId: '472f5906157bd0be8dff6f1ba60eaab2') in 0.0020267 seconds
[Worker0] Imported GUID: 6de2f178a24cd2e48a0816cacd9a0583 - Path: Packages/com.unity.test-framework/UnityEngine.TestRunner/NUnitExtensions/Commands/EnumerableRetryTestCommand.cs - Importer: ScriptedImporter/UnityEditor.QuickSearchModule:UnityEditor.Search:ASIAI0B -> (ImportResultId: 'f35b8d8397a86a2902e586aa955c931e') in 0.0050466 seconds
[Worker0] Imported GUID: 94cf1990d9304aff8063ceaa4bc68f6d - Path: Packages/com.unity.test-framework/UnityEngine.TestRunner/NUnitExtensions/Filters/AndFilterExtended.cs - Importer: ScriptedImporter/UnityEditor.QuickSearchModule:UnityEditor.Search:ASIAI0B -> (ImportResultId: '305c9ff6b2b71d48800dffdb378a93a9') in 0.0044821 seconds
[Worker0] Imported GUID: 20793418366caf14293b29c55df5e9ec - Path: Packages/com.unity.test-framework/UnityEngine.TestRunner/TestRunner/Callbacks/RemoteTestResultSender.cs - Importer: ScriptedImporter/UnityEditor.QuickSearchModule:UnityEditor.Search:ASIAI0B -> (ImportResultId: 'c515d119b730a17a71b975e276c290a3') in 0.0026675 seconds
[Worker0] Imported GUID: 74987b94d22047d8b286a727906b7019 - Path: Packages/com.unity.test-framework/UnityEngine.TestRunner/NUnitExtensions/Commands/ParametrizedIgnoreCommand.cs - Importer: ScriptedImporter/UnityEditor.QuickSearchModule:UnityEditor.Search:ASIAI0B -> (ImportResultId: 'd14ad6c97afc5857d3930be029b79f53') in 0.003066 seconds
[Worker0] Imported GUID: ad85854b14d4140d88447bdce2fac91f - Path: Packages/com.unity.test-framework/UnityEngine.TestRunner/NUnitExtensions/Commands/TaskTestMethodCommand.cs - Importer: ScriptedImporter/UnityEditor.QuickSearchModule:UnityEditor.Search:ASIAI0B -> (ImportResultId: '2c56d0c1a5e7d700c28c2af6be2cab61') in 0.0036719 seconds
[Worker0] Imported GUID: f07fb40f4e944ebeb84eb8f8a6bb5b13 - Path: Packages/com.unity.test-framework/UnityEngine.TestRunner/NUnitExtensions/Filters/FullNameFilter.cs - Importer: ScriptedImporter/UnityEditor.QuickSearchModule:UnityEditor.Search:ASIAI0B -> (ImportResultId: '077e482a7919d5921bae00ece2c12293') in 0.0029898 seconds
[Worker0] Imported GUID: f8ed0b11850145c4995dd76170bb2500 - Path: Packages/com.unity.test-framework/UnityEngine.TestRunner/TestRunner/Callbacks/PlayerQuitHandler.cs - Importer: ScriptedImporter/UnityEditor.QuickSearchModule:UnityEditor.Search:ASIAI0B -> (ImportResultId: '9c48d70d94ce350a3acf4f763fb8bf42') in 0.0020877 seconds
[Worker0] Imported GUID: b97961a82e5e4e66b8f6fa0ce8b5b9e2 - Path: Packages/com.unity.test-framework/UnityEngine.TestRunner/NUnitExtensions/Runner/FeatureFlags.cs - Importer: ScriptedImporter/UnityEditor.QuickSearchModule:UnityEditor.Search:ASIAI0B -> (ImportResultId: '3a46fd0522738ef8f7f99db1dbb37bd7') in 0.002058 seconds
[Worker0] Imported GUID: 7f65567c9026afb4db5de3355accc636 - Path: Packages/com.unity.test-framework/UnityEngine.TestRunner/NUnitExtensions/Commands/BeforeAfterTestCommandState.cs - Importer: ScriptedImporter/UnityEditor.QuickSearchModule:UnityEditor.Search:ASIAI0B -> (ImportResultId: 'a5fd0045f060b2d298668699416d209c') in 0.0043537 seconds
[Worker0] Imported GUID: 43a3aec217baa9644a7cf34b5f93fed9 - Path: Packages/com.unity.test-framework/UnityEngine.TestRunner/Utils/AssemblyProvider/PlayerTestAssemblyProvider.cs - Importer: ScriptedImporter/UnityEditor.QuickSearchModule:UnityEditor.Search:ASIAI0B -> (ImportResultId: '167c9922ea5f3a0ab650e209f82956f6') in 0.0020279 seconds
[Worker0] Imported GUID: 881143a1a3652e343bdcc07166d6f6f6 - Path: Packages/com.unity.test-framework/UnityEditor.TestRunner/TestRun/Tasks/Scene/SaveModifiedSceneTask.cs - Importer: ScriptedImporter/UnityEditor.QuickSearchModule:UnityEditor.Search:ASIAI0B -> (ImportResultId: '87ee6aecd4bc6f5f400b25f9cb628d57') in 0.0027946 seconds
[Worker0] Imported GUID: ab19dca503e90904e95faefddb68150d - Path: Packages/com.unity.test-framework/UnityEditor.TestRunner/TestRun/Tasks/Scene/ReloadModifiedScenesTask.cs - Importer: ScriptedImporter/UnityEditor.QuickSearchModule:UnityEditor.Search:ASIAI0B -> (ImportResultId: 'c69a3ff016ec97a9fc8b4a9c9178459e') in 0.0071015 seconds
[Worker0] Imported GUID: f3a361a6ad1aff14ba8f48976e94ad76 - Path: Packages/com.unity.test-framework/UnityEngine.TestRunner/Utils/AssemblyProvider/ScriptingRuntimeProxy.cs - Importer: ScriptedImporter/UnityEditor.QuickSearchModule:UnityEditor.Search:ASIAI0B -> (ImportResultId: '826806b00b7447183713e6ba3ce08804') in 0.002462 seconds
[Worker0] Imported GUID: 4f0f9b9f3ed97ad2b9ba8f1a8e4666c2 - Path: Packages/com.unity.modules.uielements/package.json - Importer: ScriptedImporter/UnityEditor.QuickSearchModule:UnityEditor.Search:ASIAI0B -> (ImportResultId: '35fbf237073d4393acd645f83e5c963e') in 0.0023773 seconds
[Worker0] Imported GUID: 31d26a10516a4ac7a9bfdcac13a6386e - Path: Packages/com.unity.test-framework/UnityEditor.TestRunner/TestRun/Tasks/Platform/PlatformSpecificSuccessfulLaunchTask.cs - Importer: ScriptedImporter/UnityEditor.QuickSearchModule:UnityEditor.Search:ASIAI0B -> (ImportResultId: '3b1c4303825759385cac15150d761959') in 0.0036582 seconds
[Worker0] Imported GUID: 96d14b71b907bb52333b2886e665aba6 - Path: Packages/com.unity.modules.video/package.json - Importer: ScriptedImporter/UnityEditor.QuickSearchModule:UnityEditor.Search:ASIAI0B -> (ImportResultId: 'dba1cba28f373ed13c7829228ff6626d') in 0.0109237 seconds
[Worker0] Imported GUID: 1c5afe945b715e149a70113a4be7b32a - Path: Packages/com.unity.test-framework/UnityEngine.TestRunner/Utils/AssemblyProvider/IAssemblyWrapper.cs - Importer: ScriptedImporter/UnityEditor.QuickSearchModule:UnityEditor.Search:ASIAI0B -> (ImportResultId: '3aa8e564e426030626100d3621f7d364') in 0.0022669 seconds
[Worker0] Imported GUID: 337f28535644395459f6de8c60d9db37 - Path: Packages/com.unity.test-framework/UnityEditor.TestRunner/TestRun/Tasks/Scene/RestoreSceneSetupTask.cs - Importer: ScriptedImporter/UnityEditor.QuickSearchModule:UnityEditor.Search:ASIAI0B -> (ImportResultId: '1add497b5e4b732632597467d57f12e0') in 0.0023742 seconds
[Worker0] Imported GUID: f2675f346a0926b4aa7928805fd8bc9c - Path: Packages/com.unity.test-framework/UnityEditor.TestRunner/TestRun/Tasks/Events/CreateEventsTask.cs - Importer: ScriptedImporter/UnityEditor.QuickSearchModule:UnityEditor.Search:ASIAI0B -> (ImportResultId: 'aec081d248d2ade00f0b43722a67d8d2') in 0.0022662 seconds
[Worker0] Imported GUID: 9b1a5759726ef9d39a0ab82047b615f1 - Path: Packages/com.unity.modules.hierarchycore/package.json - Importer: ScriptedImporter/UnityEditor.QuickSearchModule:UnityEditor.Search:ASIAI0B -> (ImportResultId: 'd66f2317145fb2121bb98c1be2c99bcb') in 0.0019999 seconds
[Worker0] Imported GUID: 5598b14661b5f4c43bed757f34b6d172 - Path: Packages/com.unity.ide.rider/LICENSE.md - Importer: ScriptedImporter/UnityEditor.QuickSearchModule:UnityEditor.Search:ASIAI0B -> (ImportResultId: '8b2347734128962946179adab0f9833a') in 0.0016502 seconds
[Worker0] Imported GUID: 49284fdc918b491aa9f4439e6cc59c9c - Path: Packages/com.unity.test-framework/UnityEditor.TestRunner/TestRun/Tasks/Platform/PlatformSpecificSetupTask.cs - Importer: ScriptedImporter/UnityEditor.QuickSearchModule:UnityEditor.Search:ASIAI0B -> (ImportResultId: '8fd52257c1c043d4cb77e9b736bc46ee') in 0.0022621 seconds
[Worker0] Imported GUID: ae87256f29d9c8b50490f4caf75b2c41 - Path: Packages/com.unity.modules.unitywebrequestwww/package.ModuleCompilationTrigger - Importer: ScriptedImporter/UnityEditor.QuickSearchModule:UnityEditor.Search:ASIAI0B -> (ImportResultId: '6182eaf3c8bfeebc2a682fbe1f554d57') in 0.0026197 seconds
[Worker0] Imported GUID: 6dff66623000ef448ab68db41d803d95 - Path: Packages/com.unity.test-framework/UnityEditor.TestRunner/TestRun/Tasks/Scene/CreateNewSceneTask.cs - Importer: ScriptedImporter/UnityEditor.QuickSearchModule:UnityEditor.Search:ASIAI0B -> (ImportResultId: 'e0e011b24d3d1bb9ef175747f1b357f8') in 0.0070599 seconds
[Worker0] Imported GUID: c5c78f2ef0d32a948bbb93266ef69a6a - Path: Packages/com.unity.test-framework/UnityEditor.TestRunner/TestRun/Tasks/Events/UpdateTestProgressTask.cs - Importer: ScriptedImporter/UnityEditor.QuickSearchModule:UnityEditor.Search:ASIAI0B -> (ImportResultId: 'a15555bee23175671f841656c0df698a') in 0.001794 seconds
[Worker0] Imported GUID: 5da62a0c1c5218c4aa16b74546a7822d - Path: Packages/com.unity.ext.nunit/README.md - Importer: ScriptedImporter/UnityEditor.QuickSearchModule:UnityEditor.Search:ASIAI0B -> (ImportResultId: 'b18f8c3a41bf145d45b58a57d5b66c9a') in 0.0014358 seconds
[Worker0] Imported GUID: 8d4bc6bfa28760b29f13174d6b6ea710 - Path: Packages/com.unity.modules.subsystems/package.ModuleCompilationTrigger - Importer: ScriptedImporter/UnityEditor.QuickSearchModule:UnityEditor.Search:ASIAI0B -> (ImportResultId: 'b0742858c82d8a97db3eaa96da98f46f') in 0.002087 seconds
[Worker0] Imported GUID: 66c95bb3c74257f41bae2622511dc02d - Path: Packages/com.unity.ide.rider/package.json - Importer: ScriptedImporter/UnityEditor.QuickSearchModule:UnityEditor.Search:ASIAI0B -> (ImportResultId: '884347dda6676228af4577bca2c01168') in 0.0023928 seconds
[Worker0] Imported GUID: 311d065aced2092409deadf0c0934f61 - Path: Packages/com.unity.test-framework/UnityEditor.TestRunner/TestRun/Tasks/Events/RegisterCallbackDelegatorEventsTask.cs - Importer: ScriptedImporter/UnityEditor.QuickSearchModule:UnityEditor.Search:ASIAI0B -> (ImportResultId: 'fe0d11d4cc6672e6f524413a973e909f') in 0.0073904 seconds
[Worker0] Imported GUID: 5e83f8baac96eaa47bdd9ca781cd2002 - Path: Packages/com.unity.ide.rider/CONTRIBUTING.md - Importer: ScriptedImporter/UnityEditor.QuickSearchModule:UnityEditor.Search:ASIAI0B -> (ImportResultId: 'b2bdc73da0f2b2963a0399fceeca2781') in 0.0017744 seconds
[Worker0] Imported GUID: c24a1e88fc49dce47930834ff9997443 - Path: Packages/com.unity.test-framework/UnityEditor.TestRunner/TestRun/Tasks/Scene/ISceneWrapper.cs - Importer: ScriptedImporter/UnityEditor.QuickSearchModule:UnityEditor.Search:ASIAI0B -> (ImportResultId: 'd517c16f47c44913f1653099cfd4d6db') in 0.0017298 seconds
[Worker0] Imported GUID: 8645aa9c3c74fb34ba9499e14fb332b5 - Path: Packages/com.unity.ide.rider/CHANGELOG.md - Importer: ScriptedImporter/UnityEditor.QuickSearchModule:UnityEditor.Search:ASIAI0B -> (ImportResultId: '62a9f6e6c997834bc9679c7fbf0742e5') in 0.0032145 seconds
[Worker0] Imported GUID: 17f093324b67f5bd57e55b546736750e - Path: Packages/com.unity.modules.particlesystem/package.ModuleCompilationTrigger - Importer: ScriptedImporter/UnityEditor.QuickSearchModule:UnityEditor.Search:ASIAI0B -> (ImportResultId: 'b2031159ff3741a6227b5c3bb555c2da') in 0.0154162 seconds
[Worker0] Imported GUID: 87d720faa37005c08600090e04d8c739 - Path: Packages/com.unity.modules.particlesystem/package.json - Importer: ScriptedImporter/UnityEditor.QuickSearchModule:UnityEditor.Search:ASIAI0B -> (ImportResultId: '0ddf0ff1d1f64b8bd748ee19f36f2217') in 0.0035774 seconds
[Worker0] Imported GUID: fe4aef60e4ace544c8430da8ef8acba2 - Path: Packages/com.unity.test-framework/UnityEngine.TestRunner/Utils/AssemblyProvider/IScriptingRuntimeProxy.cs - Importer: ScriptedImporter/UnityEditor.QuickSearchModule:UnityEditor.Search:ASIAI0B -> (ImportResultId: '757ecb437f2b1f4dd71dff85ea4dd17b') in 0.0024642 seconds
[Worker0] Imported GUID: e2d09a26ce46dc617b54e49a534ace20 - Path: Packages/com.unity.modules.ai/package.ModuleCompilationTrigger - Importer: ScriptedImporter/UnityEditor.QuickSearchModule:UnityEditor.Search:ASIAI0B -> (ImportResultId: 'cc94af4210b5a3ac88f8305540bce9ee') in 0.0018317 seconds
[Worker0] Imported GUID: e59094b434ebb46e6844f02ec9c4dc42 - Path: Packages/com.unity.ext.nunit/net472/unity-custom/nunit.framework.dll - Importer: ScriptedImporter/UnityEditor.QuickSearchModule:UnityEditor.Search:ASIAI0B -> (ImportResultId: '3f772a7a773b36f3813ccd105fd040f9') in 0.1476978 seconds
[Worker0] Imported GUID: a8ea9765889ae054c9b32cce583af855 - Path: Packages/com.unity.test-framework/UnityEditor.TestRunner/TestRun/Tasks/Events/RunFinishedInvocationEvent.cs - Importer: ScriptedImporter/UnityEditor.QuickSearchModule:UnityEditor.Search:ASIAI0B -> (ImportResultId: '5f5f6493bcb07be5d437041c45091471') in 0.0037339 seconds
[Worker0] Imported GUID: 57e7d752d8e6494b9aca2f2724b98761 - Path: Packages/com.unity.test-framework/UnityEditor.TestRunner/TestRun/Tasks/Platform/PlatformSpecificSuccessfulBuildTask.cs - Importer: ScriptedImporter/UnityEditor.QuickSearchModule:UnityEditor.Search:ASIAI0B -> (ImportResultId: 'e6fb510b69d8f81a236b90a32d7b7c7b') in 0.0017966 seconds
[Worker0] Imported GUID: 006c3457e983424bbdead50009cd0e00 - Path: Packages/com.unity.test-framework/UnityEditor.TestRunner/TestRun/Tasks/Player/DetermineRuntimePlatformTask.cs - Importer: ScriptedImporter/UnityEditor.QuickSearchModule:UnityEditor.Search:ASIAI0B -> (ImportResultId: '24f3b1ccf6e626a3606ef7f76220c1ad') in 0.0302567 seconds
[Worker0] Imported GUID: d104359075a97392b803d3d5aebc77f7 - Path: Packages/com.unity.modules.hierarchycore/package.ModuleCompilationTrigger - Importer: ScriptedImporter/UnityEditor.QuickSearchModule:UnityEditor.Search:ASIAI0B -> (ImportResultId: 'bcbade0d4a1385baa50ea22bbe49f9e0') in 0.0032074 seconds
[Worker0] Imported GUID: d528c8c98d269ca44a06cd9624a03945 - Path: Packages/com.unity.ide.rider/Rider/Editor/com.unity.ide.rider.asmdef - Importer: ScriptedImporter/UnityEditor.QuickSearchModule:UnityEditor.Search:ASIAI0B -> (ImportResultId: '4d421abf94a1226a6fdf814efbc56b53') in 0.0056855 seconds
[Worker0] Imported GUID: f62135e79edb837b2d2ee3c524da864c - Path: Packages/com.unity.modules.video/package.ModuleCompilationTrigger - Importer: ScriptedImporter/UnityEditor.QuickSearchModule:UnityEditor.Search:ASIAI0B -> (ImportResultId: '9df04a52414b2646ff169bf75efc9df3') in 0.0050253 seconds
[Worker0] Imported GUID: 8a752aaaadd2410dd9a84e01c1bace9f - Path: Packages/com.unity.modules.uielements/package.ModuleCompilationTrigger - Importer: ScriptedImporter/UnityEditor.QuickSearchModule:UnityEditor.Search:ASIAI0B -> (ImportResultId: '793589dbb7e1dfce9c572358a8d81ff9') in 0.0020782 seconds
[Worker0] Imported GUID: 8143d3a8390f2c64685e3bc272bd9e90 - Path: Packages/com.unity.ext.nunit/package.json - Importer: ScriptedImporter/UnityEditor.QuickSearchModule:UnityEditor.Search:ASIAI0B -> (ImportResultId: '693b8b172fab93e4ecdcd690fe906bba') in 0.0016428 seconds
[Worker0] Imported GUID: 59267e29055f657429098a57e13debe1 - Path: Packages/com.unity.test-framework/UnityEditor.TestRunner/TestRun/Tasks/Events/RunStartedInvocationEvent.cs - Importer: ScriptedImporter/UnityEditor.QuickSearchModule:UnityEditor.Search:ASIAI0B -> (ImportResultId: 'b7f6b68bdc9ef049ae6bc733a1caaf9d') in 0.0045597 seconds
[Worker0] Imported GUID: e9df95f53f1c1d0c9199e235d6c42b50 - Path: Packages/com.unity.modules.audio/package.json - Importer: ScriptedImporter/UnityEditor.QuickSearchModule:UnityEditor.Search:ASIAI0B -> (ImportResultId: '84da44a2eb2d755b8fac6c645b0de196') in 0.0013657 seconds
[Worker0] Imported GUID: 2c814623cb42764d304be0c5ddd03ceb - Path: Packages/com.unity.modules.xr/package.json - Importer: ScriptedImporter/UnityEditor.QuickSearchModule:UnityEditor.Search:ASIAI0B -> (ImportResultId: '8bff8eb62e4f658d97bbcf30fbb37a75') in 0.001332 seconds
[Worker0] Imported GUID: 164c9b1458eaab743a4b45c37a4d720d - Path: Packages/com.unity.test-framework/UnityEngine.TestRunner/Utils/MonoBehaviourTest/MonoBehaviourTest.cs - Importer: ScriptedImporter/UnityEditor.QuickSearchModule:UnityEditor.Search:ASIAI0B -> (ImportResultId: '56d468d4b901628c149855cddd9866ef') in 0.0018184 seconds
[Worker0] Imported GUID: e5c46c19ce0ce2e0103aa6f82df1043a - Path: Packages/com.unity.modules.vehicles/package.ModuleCompilationTrigger - Importer: ScriptedImporter/UnityEditor.QuickSearchModule:UnityEditor.Search:ASIAI0B -> (ImportResultId: '8ac8a8736ecbb6e03def2494480fec37') in 0.0015679 seconds
[Worker0] Imported GUID: c7a8b0317f4e68556d7509828e9e211e - Path: Packages/com.unity.modules.xr/package.ModuleCompilationTrigger - Importer: ScriptedImporter/UnityEditor.QuickSearchModule:UnityEditor.Search:ASIAI0B -> (ImportResultId: '230ce20900882aed8b7966ee32df38a0') in 0.0013969 seconds
[Worker0] Imported GUID: 830a36a23cf3ab1e61fa47940a6dc35e - Path: Packages/com.unity.modules.imageconversion/package.ModuleCompilationTrigger - Importer: ScriptedImporter/UnityEditor.QuickSearchModule:UnityEditor.Search:ASIAI0B -> (ImportResultId: '71d883885af1691b4039cb845f92729a') in 0.0013861 seconds
[Worker0] Imported GUID: f49bbe06ffa5ae24abe32abdab430c24 - Path: Packages/com.unity.ext.nunit/CHANGELOG.md - Importer: ScriptedImporter/UnityEditor.QuickSearchModule:UnityEditor.Search:ASIAI0B -> (ImportResultId: '3d11109e6e7ae00d3be784d3563bc4ca') in 0.0071757 seconds
[Worker0] Imported GUID: 953fab16d15d5885b3600fcd6388b2ad - Path: Packages/com.unity.modules.imageconversion/package.json - Importer: ScriptedImporter/UnityEditor.QuickSearchModule:UnityEditor.Search:ASIAI0B -> (ImportResultId: '65f7b68e94c4b1565ba8c0613807c891') in 0.001495 seconds
[Worker0] Imported GUID: 6afb166a156df2d20433d981f4bb2832 - Path: Packages/com.unity.modules.vehicles/package.json - Importer: ScriptedImporter/UnityEditor.QuickSearchModule:UnityEditor.Search:ASIAI0B -> (ImportResultId: 'bf8fb25b2b3b153f920aa1a51933d2ec') in 0.0015907 seconds
[Worker0] Imported GUID: 646cce3bdb8d461d980d11d729ab3312 - Path: Packages/com.unity.test-framework/UnityEditor.TestRunner/TestRun/Tasks/Platform/PlatformSpecificPostBuildTask.cs - Importer: ScriptedImporter/UnityEditor.QuickSearchModule:UnityEditor.Search:ASIAI0B -> (ImportResultId: 'd351a2ac33085c4efa5834773f11b801') in 0.0018919 seconds
[Worker0] Imported GUID: a002d3737b873954395b7cf862873ab8 - Path: Packages/com.unity.test-framework/UnityEngine.TestRunner/Utils/MonoBehaviourTest/IMonoBehaviourTest.cs - Importer: ScriptedImporter/UnityEditor.QuickSearchModule:UnityEditor.Search:ASIAI0B -> (ImportResultId: 'c97a49ce748f8e9f904c89bc0a3b7719') in 0.0014084 seconds
[Worker0] Imported GUID: f9bd02a3a916be64c9b47b1305149423 - Path: Packages/com.unity.ide.rider/Rider/Editor/EditorPluginInterop.cs - Importer: ScriptedImporter/UnityEditor.QuickSearchModule:UnityEditor.Search:ASIAI0B -> (ImportResultId: '157b1b9df0884d64cf08fedce80803a5') in 0.0016272 seconds
[Worker0] Imported GUID: d85e5eeaf8f135aeaaebdc8aa3cff6c3 - Path: Packages/com.unity.modules.umbra/package.json - Importer: ScriptedImporter/UnityEditor.QuickSearchModule:UnityEditor.Search:ASIAI0B -> (ImportResultId: '296c380a90c5db1e85f64e7c9bd49f52') in 0.0019028 seconds
[Worker0] Imported GUID: dab656c79e1985c40b31faebcda44442 - Path: Packages/com.unity.ide.rider/Rider/Editor/Discovery.cs - Importer: ScriptedImporter/UnityEditor.QuickSearchModule:UnityEditor.Search:ASIAI0B -> (ImportResultId: 'b9706e3e8389e5ae13008b20c3cdca40') in 0.0012999 seconds
[Worker0] Imported GUID: f0f13f2ab3d6d13cfc6e4656824bfca8 - Path: Packages/com.unity.modules.ai/package.json - Importer: ScriptedImporter/UnityEditor.QuickSearchModule:UnityEditor.Search:ASIAI0B -> (ImportResultId: 'e17ecca4bc9792f1201dd5a62f090ff0') in 0.0013677 seconds
[Worker0] Imported GUID: 5c4d36a13e7466e43940732365f53bf1 - Path: Packages/com.unity.test-framework/UnityEditor.TestRunner/TestRun/Tasks/Scene/StoreSceneSetupTask.cs - Importer: ScriptedImporter/UnityEditor.QuickSearchModule:UnityEditor.Search:ASIAI0B -> (ImportResultId: 'c2636a6e3c5dabaab031e0a7d681b4d5') in 0.0044144 seconds
[Worker0] Imported GUID: 43c24fd91e60170469bfb8d79c565ad3 - Path: Packages/com.unity.test-framework/UnityEditor.TestRunner/TestRun/Tasks/Scene/SceneWrapper.cs - Importer: ScriptedImporter/UnityEditor.QuickSearchModule:UnityEditor.Search:ASIAI0B -> (ImportResultId: '70302b0fc8086d5322163b0a78b7290c') in 0.0016044 seconds
[Worker0] Imported GUID: d9b3520efe42f4ee887f8b99b7e1deae - Path: Packages/com.unity.test-framework/UnityEditor.TestRunner/TestRun/Tasks/Events/RegisterTestRunCallbackEventsTask.cs - Importer: ScriptedImporter/UnityEditor.QuickSearchModule:UnityEditor.Search:ASIAI0B -> (ImportResultId: '32661bccb4d85a46adc751624c3812bc') in 0.001549 seconds
[Worker0] Imported GUID: 1b6246f2248883964991eac9e9b4817c - Path: Packages/com.unity.modules.umbra/package.ModuleCompilationTrigger - Importer: ScriptedImporter/UnityEditor.QuickSearchModule:UnityEditor.Search:ASIAI0B -> (ImportResultId: '25df2a93d74bb4aee7bbb01a02e3651b') in 0.0014069 seconds
[Worker0] Imported GUID: e02e76bfece9a28408e2e7dcb2e14b8f - Path: Packages/com.unity.test-framework/UnityEditor.TestRunner/TestRun/Tasks/Scene/RemoveAdditionalUntitledSceneTask.cs - Importer: ScriptedImporter/UnityEditor.QuickSearchModule:UnityEditor.Search:ASIAI0B -> (ImportResultId: '5fbec2c58062fefbf05b2ffa68d608e7') in 0.0015049 seconds
[Worker0] Imported GUID: f91a00d2dca52b843b2d50ccf750737d - Path: Packages/com.unity.ext.nunit/LICENSE.md - Importer: ScriptedImporter/UnityEditor.QuickSearchModule:UnityEditor.Search:ASIAI0B -> (ImportResultId: 'b5eba6b465d6b871a596ab611dad5eda') in 0.0014891 seconds
[Worker0] Imported GUID: 042dc296246916648e55a43d0eeb2036 - Path: Packages/com.unity.modules.audio/package.ModuleCompilationTrigger - Importer: ScriptedImporter/UnityEditor.QuickSearchModule:UnityEditor.Search:ASIAI0B -> (ImportResultId: '3290df233c010cf113edd746b2e4bfd2') in 0.0013999 seconds
[Worker0] Imported GUID: bfcb3ba499f7d452b92d9a9cc3378788 - Path: Packages/com.unity.ext.nunit/Third Party Notices.md - Importer: ScriptedImporter/UnityEditor.QuickSearchModule:UnityEditor.Search:ASIAI0B -> (ImportResultId: '4777874c43356f453b5a62e482700996') in 0.0058215 seconds
[Worker0] Imported GUID: b6029123aa4ab4e0481a4b3ad8a15af9 - Path: Packages/com.unity.ide.rider/ValidationExceptions.json - Importer: ScriptedImporter/UnityEditor.QuickSearchModule:UnityEditor.Search:ASIAI0B -> (ImportResultId: 'fe517e94d3f3aae9a8d09abd6b9147e2') in 0.0019816 seconds
[Worker0] Imported GUID: 30b312a167534621b316172253b08723 - Path: Packages/com.unity.modules.subsystems/package.json - Importer: ScriptedImporter/UnityEditor.QuickSearchModule:UnityEditor.Search:ASIAI0B -> (ImportResultId: '77dcd45c8ee8b342b376749d73e84c92') in 0.0015468 seconds
[Worker0] Imported GUID: fa27413e9edb06a6058d6c894eca0338 - Path: Packages/com.unity.modules.unitywebrequestwww/package.json - Importer: ScriptedImporter/UnityEditor.QuickSearchModule:UnityEditor.Search:ASIAI0B -> (ImportResultId: '32bef97cfe07c0195438726fa617f7b2') in 0.0014119 seconds
[Worker0] Imported GUID: 0f3326f97c0d472bac74dc480099f983 - Path: Packages/com.unity.test-framework/UnityEditor.TestRunner/TestRun/Tasks/Platform/PlatformSpecificCleanupTask.cs - Importer: ScriptedImporter/UnityEditor.QuickSearchModule:UnityEditor.Search:ASIAI0B -> (ImportResultId: '3e859540ce1f757ba1ea6c5914d38a73') in 0.0014643 seconds
[Worker0] Imported GUID: f079e3afd077fb94fa2bda74d6409499 - Path: Packages/com.unity.ide.rider/Rider/Editor/RiderScriptEditorData.cs - Importer: ScriptedImporter/UnityEditor.QuickSearchModule:UnityEditor.Search:ASIAI0B -> (ImportResultId: '46fcc682cc358e491151cf7d4745bc84') in 0.0016534 seconds
[Worker0] Imported GUID: 45471ad7b8c1f964da5e3c07d57fbf4f - Path: Packages/com.unity.ide.rider/Rider/Editor/PostProcessors/RiderAssetPostprocessor.cs - Importer: ScriptedImporter/UnityEditor.QuickSearchModule:UnityEditor.Search:ASIAI0B -> (ImportResultId: '4a4ba7f74d241f7559228a1bb43688a0') in 0.0015786 seconds
[Worker0] Imported GUID: fe6a6957b37b61417b457a1e0541791d - Path: Packages/com.unity.modules.physics2d/package.ModuleCompilationTrigger - Importer: ScriptedImporter/UnityEditor.QuickSearchModule:UnityEditor.Search:ASIAI0B -> (ImportResultId: 'cf41e4e52de1a109ebd4abd94766fbc7') in 0.0033125 seconds
[Worker0] Imported GUID: 8472c6472e6d4301873871a9e8fcf952 - Path: Packages/com.unity.ide.rider/Rider/Editor/Properties/AssemblyInfo.cs - Importer: ScriptedImporter/UnityEditor.QuickSearchModule:UnityEditor.Search:ASIAI0B -> (ImportResultId: '0264723dc5218d151063d1a4638afb7e') in 0.0015245 seconds
[Worker0] Imported GUID: 4745d06d5a7ca576dcf9e5e67b417652 - Path: Packages/com.unity.modules.accessibility/package.ModuleCompilationTrigger - Importer: ScriptedImporter/UnityEditor.QuickSearchModule:UnityEditor.Search:ASIAI0B -> (ImportResultId: '813d841aa23898f65c4cc2d9d9cdbc58') in 0.001821 seconds
[Worker0] Imported GUID: 3e4e7fdc19414089a0fb43e43b1bdae1 - Path: Packages/com.unity.ide.rider/Rider/Editor/ProjectGeneration/SolutionGuidGenerator.cs - Importer: ScriptedImporter/UnityEditor.QuickSearchModule:UnityEditor.Search:ASIAI0B -> (ImportResultId: 'fa0847f44dd7da9c1b37ec50972a6e4a') in 0.001576 seconds
[Worker0] Imported GUID: 56f347f155204ffebacb6ed6f4a4e65f - Path: Packages/com.unity.ide.rider/Rider/Editor/RiderStyles.cs - Importer: ScriptedImporter/UnityEditor.QuickSearchModule:UnityEditor.Search:ASIAI0B -> (ImportResultId: 'cfaf522172e28c5f8e2f7ca7b296defe') in 0.001339 seconds
[Worker0] Imported GUID: 22608619ec9a4b1db7417e80c3123098 - Path: Packages/com.unity.ide.rider/Rider/Editor/Util/UnityVersionUtils.cs - Importer: ScriptedImporter/UnityEditor.QuickSearchModule:UnityEditor.Search:ASIAI0B -> (ImportResultId: 'f9a01158aca5c0823092c5970826a966') in 0.0014291 seconds
[Worker0] Imported GUID: 48483563a64de3a4e8690122762055f1 - Path: Packages/com.unity.ide.rider/Rider/Editor/UnitTesting/SyncTestRunEventsHandler.cs - Importer: ScriptedImporter/UnityEditor.QuickSearchModule:UnityEditor.Search:ASIAI0B -> (ImportResultId: '2caf4aa2ed0896f81bd3778a37bb3035') in 0.0016397 seconds
[Worker0] Imported GUID: 071c17858dc6c47ada7b2a1f1ded5402 - Path: Packages/com.unity.ide.rider/Rider/Editor/Util/LibcNativeInterop.cs - Importer: ScriptedImporter/UnityEditor.QuickSearchModule:UnityEditor.Search:ASIAI0B -> (ImportResultId: 'f9a15bb7f67b7f41322db8e16f0257af') in 0.0013982 seconds
[Worker0] Imported GUID: a6ba838b1348d5e46a7eaacd1646c1d3 - Path: Packages/com.unity.ide.rider/Rider/Editor/ProjectGeneration/FileIOProvider.cs - Importer: ScriptedImporter/UnityEditor.QuickSearchModule:UnityEditor.Search:ASIAI0B -> (ImportResultId: '937c59212fcf74ba3f33de397b769376') in 0.0080861 seconds
[Worker0] Imported GUID: 7019e230344c48d4b81602e2e978e5de - Path: Packages/com.unity.ide.rider/Rider/Editor/ProjectGeneration/LastWriteTracker.cs - Importer: ScriptedImporter/UnityEditor.QuickSearchModule:UnityEditor.Search:ASIAI0B -> (ImportResultId: '7e7871a4d836af4cfd6a9d2eebaa9021') in 0.0017621 seconds
[Worker0] Imported GUID: ea3ec41b33345cd4f9298a51abdaa198 - Path: Packages/com.unity.ide.rider/Rider/Editor/JetBrains.Rider.PathLocator.dll - Importer: ScriptedImporter/UnityEditor.QuickSearchModule:UnityEditor.Search:ASIAI0B -> (ImportResultId: 'a01bee7d7c5ce7b65555003333e22767') in 0.0169973 seconds
[Worker0] Imported GUID: 3cc1ebf2abb7fef6871ad48f499b6e21 - Path: Packages/com.unity.modules.vectorgraphics/package.ModuleCompilationTrigger - Importer: ScriptedImporter/UnityEditor.QuickSearchModule:UnityEditor.Search:ASIAI0B -> (ImportResultId: '63f9979d179584bcdc9002170984ef72') in 0.0014995 seconds
[Worker0] Imported GUID: 4d34a9510a5b9d21381c93e73867a193 - Path: Packages/com.unity.ide.rider/Rider/Editor/Util/RiderPathUtil.cs - Importer: ScriptedImporter/UnityEditor.QuickSearchModule:UnityEditor.Search:ASIAI0B -> (ImportResultId: '02749c5b6c1c29c8e459e90b9c04d4a1') in 0.0019931 seconds
[Worker0] Imported GUID: d2ec2d1228c8e67cdd913cb5609176a2 - Path: Packages/com.unity.modules.unitywebrequest/package.ModuleCompilationTrigger - Importer: ScriptedImporter/UnityEditor.QuickSearchModule:UnityEditor.Search:ASIAI0B -> (ImportResultId: 'a416dbeb8c6ba30c038ad7b1e0aa2a51') in 0.0043712 seconds
[Worker0] Imported GUID: 302b1bdfb7a645db994491799832912b - Path: Packages/com.unity.ide.rider/Rider/Editor/Util/StringBuilderExtensions.cs - Importer: ScriptedImporter/UnityEditor.QuickSearchModule:UnityEditor.Search:ASIAI0B -> (ImportResultId: '67ac53dc588ca1f276216278304babaa') in 0.001732 seconds
[Worker0] Imported GUID: 5eea837708474d7e9c1cb4b2eca0213f - Path: Packages/com.unity.ide.rider/Rider/Editor/ProjectGeneration/IAssemblyNameProvider.cs - Importer: ScriptedImporter/UnityEditor.QuickSearchModule:UnityEditor.Search:ASIAI0B -> (ImportResultId: '67d8e6728ff15ece075509ca85f26732') in 0.002117 seconds
[Worker0] Imported GUID: aa1c6b1a353ab464782fc1e7c051eb02 - Path: Packages/com.unity.ide.rider/Rider/Editor/UnitTesting/CallbackInitializer.cs - Importer: ScriptedImporter/UnityEditor.QuickSearchModule:UnityEditor.Search:ASIAI0B -> (ImportResultId: '8630d4754944254201a485628bcdceef') in 0.0019627 seconds
[Worker0] Imported GUID: 39cb9ab8a3b2452cbf58ffbea841d203 - Path: Packages/com.unity.ide.rider/Rider/Editor/ProjectGeneration/IGenerator.cs - Importer: ScriptedImporter/UnityEditor.QuickSearchModule:UnityEditor.Search:ASIAI0B -> (ImportResultId: 'ab1b67adbc00827e0098b4fc60b06494') in 0.002489 seconds
[Worker0] Imported GUID: 154ace4bd16de9f4e84052ac257786d6 - Path: Packages/com.unity.ide.rider/Rider/Editor/Util/CommandLineParser.cs - Importer: ScriptedImporter/UnityEditor.QuickSearchModule:UnityEditor.Search:ASIAI0B -> (ImportResultId: 'e83a02766c8ba1d13d2611761737c1dc') in 0.0021301 seconds
[Worker0] Imported GUID: 1bdab5b8331b4506bf4eae379235c053 - Path: Packages/com.unity.ide.rider/Rider/Editor/ProjectGeneration/IFileIO.cs - Importer: ScriptedImporter/UnityEditor.QuickSearchModule:UnityEditor.Search:ASIAI0B -> (ImportResultId: '69262090feae73ed32b9f539bfed0c29') in 0.0065767 seconds
[Worker0] Imported GUID: f5a0cc9645f0e2d4fb816156dcf3f4dd - Path: Packages/com.unity.ide.rider/Rider/Editor/RiderInitializer.cs - Importer: ScriptedImporter/UnityEditor.QuickSearchModule:UnityEditor.Search:ASIAI0B -> (ImportResultId: '65a4e365838c5a8add07ab1b3008457c') in 0.0035802 seconds
[Worker0] Imported GUID: 58ab3828fb407c742a48b82bc5983a87 - Path: Packages/com.unity.ide.rider/Rider/Editor/UnitTesting/SyncTestRunCallback.cs - Importer: ScriptedImporter/UnityEditor.QuickSearchModule:UnityEditor.Search:ASIAI0B -> (ImportResultId: '2315c7b5acb003381336b91b8d9fd051') in 0.0031214 seconds
[Worker0] Imported GUID: a8860c53ca4073d4f92c403e709c12ba - Path: Packages/com.unity.ide.rider/Rider/Editor/Util/RiderMenu.cs - Importer: ScriptedImporter/UnityEditor.QuickSearchModule:UnityEditor.Search:ASIAI0B -> (ImportResultId: '06c6e81751caf45428f61983f13cd130') in 0.0066593 seconds
[Worker0] Imported GUID: 56c8c6e437b14f8e9a91e9832c11bc1a - Path: Packages/com.unity.ide.rider/Rider/Editor/ProjectGeneration/AssemblyNameProvider.cs - Importer: ScriptedImporter/UnityEditor.QuickSearchModule:UnityEditor.Search:ASIAI0B -> (ImportResultId: '648f9b870f380a6651cd7f2a9a0f3252') in 0.0017901 seconds
[Worker0] Imported GUID: 0691c2fe40564a64b3a9b7372c5eca2a - Path: Packages/com.unity.ide.rider/Rider/Editor/ProjectGeneration/ProjectPart.cs - Importer: ScriptedImporter/UnityEditor.QuickSearchModule:UnityEditor.Search:ASIAI0B -> (ImportResultId: 'db06587d80ed558e81b721cce7b17c94') in 0.0014913 seconds
[Worker0] Imported GUID: 58aa570dbe0761f43b25ff6c2265bbe2 - Path: Packages/com.unity.ide.rider/Rider/Editor/UnitTesting/TestsCallback.cs - Importer: ScriptedImporter/UnityEditor.QuickSearchModule:UnityEditor.Search:ASIAI0B -> (ImportResultId: '6ae4d705779028df6e7b2e0f0b7d743a') in 0.0032322 seconds
[Worker0] Imported GUID: 43674d438e19b89d7fe6af07234f3252 - Path: Packages/com.unity.modules.accessibility/package.json - Importer: ScriptedImporter/UnityEditor.QuickSearchModule:UnityEditor.Search:ASIAI0B -> (ImportResultId: '02c78f1740c02ba5eb8333f3d37d493f') in 0.0017271 seconds
[Worker0] Imported GUID: 3fdd83b151eb8d25c5e2f82fc39dcb04 - Path: Packages/com.unity.modules.unitywebrequest/package.json - Importer: ScriptedImporter/UnityEditor.QuickSearchModule:UnityEditor.Search:ASIAI0B -> (ImportResultId: 'd73fa8edfbfcf5ae280607c082edd2a0') in 0.0015075 seconds
[Worker0] Imported GUID: 8e1f00a9be2eb66438e2835fdf1ea11b - Path: Packages/com.unity.ide.rider/Rider/Editor/Util/SerializableVersion.cs - Importer: ScriptedImporter/UnityEditor.QuickSearchModule:UnityEditor.Search:ASIAI0B -> (ImportResultId: 'bce2374764d889cacf5a301ed4162d17') in 0.002357 seconds
[Worker0] Imported GUID: 23032f4383e95e772bce465c5896d0fd - Path: Packages/com.unity.modules.terrain/package.ModuleCompilationTrigger - Importer: ScriptedImporter/UnityEditor.QuickSearchModule:UnityEditor.Search:ASIAI0B -> (ImportResultId: '6485fc51b074f4b89b614daaab3f220a') in 0.001616 seconds
[Worker0] Imported GUID: 6d56244f8c39a851975d3c0bd432c66f - Path: Packages/com.unity.modules.terrain/package.json - Importer: ScriptedImporter/UnityEditor.QuickSearchModule:UnityEditor.Search:ASIAI0B -> (ImportResultId: 'b85f214fe0dfda2496b90065fc45c528') in 0.0013382 seconds
[Worker0] Imported GUID: 7078f19173ceac84fb9e29b9f6175201 - Path: Packages/com.unity.ide.rider/Rider/Editor/ProjectGeneration/ProjectGeneration.cs - Importer: ScriptedImporter/UnityEditor.QuickSearchModule:UnityEditor.Search:ASIAI0B -> (ImportResultId: '79dfc62656653d12d069bfb00b7ea239') in 0.0018256 seconds
[Worker0] Imported GUID: 8c7e8e301f8b4c30bbf9db502d637f0f - Path: Packages/com.unity.ide.rider/Rider/Editor/ProjectGeneration/IGUIDGenerator.cs - Importer: ScriptedImporter/UnityEditor.QuickSearchModule:UnityEditor.Search:ASIAI0B -> (ImportResultId: '758e25fc339aa36478595788a352e3ac') in 0.001569 seconds
[Worker0] Imported GUID: f7a8357347c80dc69c08d0b1a05e2122 - Path: Packages/com.unity.modules.physics2d/package.json - Importer: ScriptedImporter/UnityEditor.QuickSearchModule:UnityEditor.Search:ASIAI0B -> (ImportResultId: 'b851ea4e182f7ef7e6a6a83cc7d032d7') in 0.0014598 seconds
[Worker0] Imported GUID: c4095d72f77fbb64ea39b8b3ca246622 - Path: Packages/com.unity.ide.rider/Rider/Editor/RiderScriptEditor.cs - Importer: ScriptedImporter/UnityEditor.QuickSearchModule:UnityEditor.Search:ASIAI0B -> (ImportResultId: 'bbdcebb44d7533d97cc1f1637eac014d') in 0.0018532 seconds
[Worker0] Imported GUID: 8cfde1a59fb35574189691a9de1df93b - Path: Packages/com.unity.ide.rider/Rider/Editor/ProjectGeneration/GUIDProvider.cs - Importer: ScriptedImporter/UnityEditor.QuickSearchModule:UnityEditor.Search:ASIAI0B -> (ImportResultId: '5069c2c0766744266a4ac2f0b9e8cf8f') in 0.0055659 seconds
[Worker0] Imported GUID: 05f7f519769978b79b31d063a7fc6fa1 - Path: Packages/com.unity.modules.unitywebrequestassetbundle/package.json - Importer: ScriptedImporter/UnityEditor.QuickSearchModule:UnityEditor.Search:ASIAI0B -> (ImportResultId: '85743840cb4d7fafa5a1eb6c02d98be5') in 0.0020653 seconds
[Worker0] Imported GUID: 1bfe12aa306c0c74db4f4f1a1a0ae5ce - Path: Packages/com.unity.ide.rider/Rider/Editor/PluginSettings.cs - Importer: ScriptedImporter/UnityEditor.QuickSearchModule:UnityEditor.Search:ASIAI0B -> (ImportResultId: 'e29e422fc5555bd5d37c828d86868684') in 0.0015837 seconds
[Worker0] Imported GUID: f9413c47b3a14a64e8810ce76d1a6032 - Path: Packages/com.unity.ide.rider/Rider/Editor/UnitTesting/TestEvent.cs - Importer: ScriptedImporter/UnityEditor.QuickSearchModule:UnityEditor.Search:ASIAI0B -> (ImportResultId: '47066a9be695c9c6e4bdd560a78ac999') in 0.0013654 seconds
[Worker0] Imported GUID: aeb8068359664ab5a8d6420381f87510 - Path: Packages/com.unity.ide.rider/Rider/Editor/LogFileOpener.cs - Importer: ScriptedImporter/UnityEditor.QuickSearchModule:UnityEditor.Search:ASIAI0B -> (ImportResultId: '72eb902035d93967f6b987252d4cb1ec') in 0.0013705 seconds
[Worker0] Imported GUID: 010246a07de7cb34185a2a7b1c1fad59 - Path: Packages/com.unity.ide.rider/Rider/Editor/UnitTesting/CallbackData.cs - Importer: ScriptedImporter/UnityEditor.QuickSearchModule:UnityEditor.Search:ASIAI0B -> (ImportResultId: '1a15a1352d78cdccca73fa5e1104db57') in 0.0013577 seconds
[Worker0] Imported GUID: e7c145f2cd3c411ca7f50ebc5f5a6d24 - Path: Packages/com.unity.ide.rider/Rider/Editor/StartUpMethodExecutor.cs - Importer: ScriptedImporter/UnityEditor.QuickSearchModule:UnityEditor.Search:ASIAI0B -> (ImportResultId: '6ed3aa3a31a0e02a753a44cc3ff75612') in 0.0018778 seconds
[Worker0] Imported GUID: 78af99d0156944f293b020b49a6830c2 - Path: Packages/com.unity.ide.rider/Rider/Editor/ProjectGeneration/ProjectGenerationFlag.cs - Importer: ScriptedImporter/UnityEditor.QuickSearchModule:UnityEditor.Search:ASIAI0B -> (ImportResultId: '8ca45f123fa8fb86637c557a9283977c') in 0.0032549 seconds
[Worker0] Imported GUID: 7610600f5c83e01041a6fe849d39279f - Path: Packages/com.unity.modules.unitywebrequestassetbundle/package.ModuleCompilationTrigger - Importer: ScriptedImporter/UnityEditor.QuickSearchModule:UnityEditor.Search:ASIAI0B -> (ImportResultId: '6fa6ecaf3e5d77f31ccc914d76867a3d') in 0.0016759 seconds
[Worker0] Imported GUID: bdbd564a9fdad0b738e76d030cad1204 - Path: Packages/com.unity.ide.rider/Rider/Editor/Util/FileSystemUtil.cs - Importer: ScriptedImporter/UnityEditor.QuickSearchModule:UnityEditor.Search:ASIAI0B -> (ImportResultId: 'b93c9e0809d3bacf4fa45a561257f6fe') in 0.0014397 seconds
[Worker0] Imported GUID: bc3a27147f944790916176e2172ad506 - Path: Packages/com.unity.ide.rider/Rider/Editor/RiderScriptEditorDataPersisted.cs - Importer: ScriptedImporter/UnityEditor.QuickSearchModule:UnityEditor.Search:ASIAI0B -> (ImportResultId: 'a9016d0f12a67918c088a3834e3eb1e6') in 0.0014302 seconds
[Worker0] Imported GUID: 78e5667e52329c3ceef41288763404ae - Path: Packages/com.unity.modules.vectorgraphics/package.json - Importer: ScriptedImporter/UnityEditor.QuickSearchModule:UnityEditor.Search:ASIAI0B -> (ImportResultId: '2ee47223037e972751c6f4301774836e') in 0.0013223 seconds
[Worker0] Imported GUID: b0221f76dde941d492827802c9b7c1f9 - Path: Packages/com.unity.ide.rider/Rider/Editor/Util/StringUtils.cs - Importer: ScriptedImporter/UnityEditor.QuickSearchModule:UnityEditor.Search:ASIAI0B -> (ImportResultId: 'abba22d606ee389078138941dc5d2831') in 0.0055545 seconds
[Worker0] Imported GUID: 71bb46b59a9a7a346bbab1e185c723df - Path: Packages/com.unity.ide.rider/Rider/Editor/LoggingLevel.cs - Importer: ScriptedImporter/UnityEditor.QuickSearchModule:UnityEditor.Search:ASIAI0B -> (ImportResultId: '069d4705b053616192f9b25b1b7135d4') in 0.0026989 seconds
[Worker0] Imported GUID: 5c3b27069cb3ddf42ba1260eeefcdd1c - Path: Packages/com.unity.ide.rider/Rider/Editor/UnitTesting/RiderTestRunner.cs - Importer: ScriptedImporter/UnityEditor.QuickSearchModule:UnityEditor.Search:ASIAI0B -> (ImportResultId: '89bc71e4f4413af878d76ea6033cbec8') in 0.001798 seconds
[Worker0] Imported GUID: 32e50e97779a4753a461190076119a99 - Path: Packages/com.unity.ide.rider/Rider/Editor/ProjectGeneration/PackageManagerTracker.cs - Importer: ScriptedImporter/UnityEditor.QuickSearchModule:UnityEditor.Search:ASIAI0B -> (ImportResultId: '7035bc2662c18634efd3755f60457038') in 0.0015535 seconds
Asset Pipeline Refresh (id=576728f43e3a30f42a8077ff049113ad): Total: 0.010 seconds - Initiated by RefreshV2(AllowForceSynchronousImport)
Unloading 1 Unused Serialized files (Serialized files now loaded: 0)
Unloading 55 unused Assets / (16.8 MB). Loaded Objects now: 2275.
Memory consumption went from 417.1 MB to 400.3 MB.
Total: 39.863900 ms (FindLiveObjects: 0.354700 ms CreateObjectMapping: 0.031000 ms MarkObjects: 21.677600 ms  DeleteObjects: 17.645400 ms)

Importing 'GUID: a70a095b360ff734fb84297eeb60d2a8 - Path: Assets/asset tutorial' with importer (DefaultImporter)
Imported 'GUID: a70a095b360ff734fb84297eeb60d2a8' -> (Import Result ID: 'b2a560c096fcd8dc245235fbb97e7b90') in 0.019 seconds [static dependencies only]. Details - ImportResultOutputID=a1424a4777d6c93c57c22684a4abbbc0 DependenciesID=00a22172661962ea40ff868ff785369f StaticDependenciesID=6769bff25dabc9c38152899493af0eb5 
Asset Pipeline Refresh (id=aa344fc784a0da6449b61a7cfe740680): Total: 0.080 seconds - Initiated by StopAssetImportingV2(NoUpdateAssetOptions)
[Worker0] Imported GUID: a70a095b360ff734fb84297eeb60d2a8 - Path: Assets/asset tutorial - Importer: PreviewImporter -> (ImportResultId: '6473fcaef6036f3461b09a86275514c6') in 0.0009714 seconds
[Worker0] Imported GUID: a70a095b360ff734fb84297eeb60d2a8 - Path: Assets/asset tutorial - Importer: ScriptedImporter/UnityEditor.QuickSearchModule:UnityEditor.Search:ASIAI0B -> (ImportResultId: '929b17e00d90e2d87d0079ab7dbdbb88') in 0.0114524 seconds
Launched and connected shader compiler UnityShaderCompiler.exe after 0.10 seconds
Launched and connected shader compiler UnityShaderCompiler.exe after 0.01 seconds
Launched and connected shader compiler UnityShaderCompiler.exe after 0.01 seconds
Launched and connected shader compiler UnityShaderCompiler.exe after 0.01 seconds
Launched and connected shader compiler UnityShaderCompiler.exe after 0.01 seconds
Asset Pipeline Refresh (id=1a4aa002512d3ce47a726393b2e39011): Total: 0.015 seconds - Initiated by RefreshV2(AllowForceSynchronousImport)
Asset Pipeline Refresh (id=d9a8387e94fa29c4a94948aaa93a3ce1): Total: 0.004 seconds - Initiated by RefreshV2(AllowForceSynchronousImport)
[Licensing::Client] Successfully updated the access token
[Licensing::Module] Successfully updated the access token 8f2-ZEnuk6...
[Licensing::Client] Successfully resolved entitlement details
[Licensing::Client] Successfully updated license, isAsync: True, time: 0.16
[Licensing::Client] Successfully resolved entitlement details
[Licensing::Client] Successfully resolved entitlement details
Asset Pipeline Refresh (id=3dac78101f0f4c84c8fb7a93c605a94f): Total: 0.005 seconds - Initiated by RefreshV2(AllowForceSynchronousImport)
[Licensing::Client] Successfully resolved entitlement details
Importing 'GUID: 7a318b668876cf54baa9c1528584b6cc - Path: Assets/nappin' with importer (DefaultImporter)
Imported 'GUID: 7a318b668876cf54baa9c1528584b6cc' -> (Import Result ID: 'fa9b133d1e04a1a83a8f963a22daba58') in 0.007 seconds [static dependencies only]. Details - ImportResultOutputID=a868fa9aaad320c0c32719e0f7661301 DependenciesID=0ad012b45787856f9605517f074b36b9 StaticDependenciesID=ec198e0a404b3fe5ab6615b91de57471 
Importing 'GUID: 840384f76e0ba6143986b2d0c6c50094 - Path: Assets/nappin/OfficeEssentialsPack' with importer (DefaultImporter)
Imported 'GUID: 840384f76e0ba6143986b2d0c6c50094' -> (Import Result ID: 'a061333b79eef0cf983481258065427b') in 0.001 seconds [static dependencies only]. Details - ImportResultOutputID=2f2910521a8ba0367b9020c2e09e200e DependenciesID=5347bda84c8090d9dd5c7bb24feecb82 StaticDependenciesID=13b5b35d3d074bb57c6f03946fc97c4e 
Importing 'GUID: 8346b0716c35bf246987d3dd20022f13 - Path: Assets/nappin/OfficeEssentialsPack/Materials' with importer (DefaultImporter)
Imported 'GUID: 8346b0716c35bf246987d3dd20022f13' -> (Import Result ID: '9d2b94dceeacd758f20c499dd55c4f18') in 0.001 seconds [static dependencies only]. Details - ImportResultOutputID=ea4e77da451757819ccf7574a7634ec8 DependenciesID=5ebf999fb9a751abd211f3e9392a9861 StaticDependenciesID=4eb4cd0f4086b3bbb15cd4712c6e3521 
Importing 'GUID: 2a0ec94554cb3e2428234720c5b19ea5 - Path: Assets/nappin/OfficeEssentialsPack/Textures' with importer (DefaultImporter)
Imported 'GUID: 2a0ec94554cb3e2428234720c5b19ea5' -> (Import Result ID: '8eb31b3275bf31dd23dce1c4da01e9f0') in 0.001 seconds [static dependencies only]. Details - ImportResultOutputID=f8618cabbc5f671b2a8df34220ed8905 DependenciesID=0e1534035f954c9c1eb05e6cee8765a0 StaticDependenciesID=06d30dea3b4d323cdc4c8ee6cefd99c6 
Importing 'GUID: 6a642b983faa510488983f38c651038d - Path: Assets/nappin/OfficeEssentialsPack/Models' with importer (DefaultImporter)
Imported 'GUID: 6a642b983faa510488983f38c651038d' -> (Import Result ID: '47e384622e9cb6eb5755b3135d0be0f9') in 0.001 seconds [static dependencies only]. Details - ImportResultOutputID=d4b643dad9dd3c2d29261c06d2d9e5f8 DependenciesID=0ce9a90b1dab7ce2870e27bb180e18be StaticDependenciesID=8d4c05c9ed4c8ce3f45756d6e85782b0 
Importing 'GUID: bb1ccfd70f690b8419e4e6b9d65f678a - Path: Assets/nappin/OfficeEssentialsPack/Prefabs' with importer (DefaultImporter)
Imported 'GUID: bb1ccfd70f690b8419e4e6b9d65f678a' -> (Import Result ID: '0d535ad32f388edc46d13259c1f07d5e') in 0.001 seconds [static dependencies only]. Details - ImportResultOutputID=e168c3aad01bb86ac7f7ba1a36e63b74 DependenciesID=5eeb3673eed2cebec7d5610512ad10ca StaticDependenciesID=3ce8ec610a1af42c77c2d0e84f373dd4 
Importing 'GUID: 9fc0d4010bbf28b4594072e72b8655ab - Path: Assets/nappin/OfficeEssentialsPack/OfficeEssentialsPack.unity' with importer (DefaultImporter)
Imported 'GUID: 9fc0d4010bbf28b4594072e72b8655ab' -> (Import Result ID: 'd18cc465f9f40af062efe3f05b012efe') in 0.001 seconds [static dependencies only]. Details - ImportResultOutputID=4a58f4efa854548143a006ee3ff22929 DependenciesID=049f3f2c8541147372371ba20c8648c2 StaticDependenciesID=d7065bcfd4bba0aadb2651418e9af3f4 
Importing 'GUID: a350ac53491e75b4e843bb6e1705a1d4 - Path: Assets/nappin/OfficeEssentialsPack/Textures/(Txt)GradientDarkbrown.png' with importer (TextureImporter)
Imported 'GUID: a350ac53491e75b4e843bb6e1705a1d4' -> (Import Result ID: 'f2447e7fca567fe3f6f170d7a14cd7ed') in 0.222 seconds [static and dynamic dependencies]. Details - ImportResultOutputID=d7304f3ea4f66ea698abcf2e7939410d DependenciesID=fdae0a2245aaa9b30f419d02021c2524 StaticDependenciesID=41f297bfaf59f5d018baa03194725108 
Importing 'GUID: b3d2d9ac8c50c0743af991b469817ddc - Path: Assets/nappin/OfficeEssentialsPack/Textures/(Txt)GradientGreen.png' with importer (TextureImporter)
Imported 'GUID: b3d2d9ac8c50c0743af991b469817ddc' -> (Import Result ID: 'a9937496518eb865aff2e5c4312ec522') in 0.025 seconds [static and dynamic dependencies]. Details - ImportResultOutputID=6240e0a399c704e6d54df25e26bb5b48 DependenciesID=c843d6b6a7dd7116909d57116e25ba94 StaticDependenciesID=dd2ac90154e6a6ea2c391886491c9d05 
Importing 'GUID: a5fbcf512e323074384f3d7eb1b798f5 - Path: Assets/nappin/OfficeEssentialsPack/Textures/(Txt)GradientBrown.png' with importer (TextureImporter)
Imported 'GUID: a5fbcf512e323074384f3d7eb1b798f5' -> (Import Result ID: '72365fcc791931730cfefc656b30006e') in 0.020 seconds [static and dynamic dependencies]. Details - ImportResultOutputID=9b44be6148083ac4c4f7fadc55eea3d9 DependenciesID=9b8df4f645871c8c929bdb1e094c10db StaticDependenciesID=2ce37758113e37c7b0eb776267f6a380 
Importing 'GUID: 77f399026e807f748b4cebba73b4426c - Path: Assets/nappin/OfficeEssentialsPack/Textures/(Txt)GradientDarkgrey.png' with importer (TextureImporter)
Imported 'GUID: 77f399026e807f748b4cebba73b4426c' -> (Import Result ID: 'fb7b4a2d58eb566ab505de669d6e9e66') in 0.016 seconds [static and dynamic dependencies]. Details - ImportResultOutputID=e8d85af6a0bbed3047b4426d688e2ac0 DependenciesID=354a2973f4381a8def4043e1d48ff215 StaticDependenciesID=7020e14e8c90c469e203e60ee29fae3f 
Importing 'GUID: b817c21b3dd3f2e449f88957c9cb76f4 - Path: Assets/nappin/OfficeEssentialsPack/Textures/(Txt)GradientBlack.png' with importer (TextureImporter)
Imported 'GUID: b817c21b3dd3f2e449f88957c9cb76f4' -> (Import Result ID: 'd35167eb5356ff7d1d46cff1472efea1') in 0.011 seconds [static and dynamic dependencies]. Details - ImportResultOutputID=65ca274cd20d536a503839e359ee09c0 DependenciesID=838f1439d459913cedf8a2062fcad6a2 StaticDependenciesID=b1bac21a6dd1b09d038101f2f7f9ff38 
Importing 'GUID: 8ade6825967f29e4e9447897ae3c8878 - Path: Assets/nappin/OfficeEssentialsPack/Textures/(Txt)GradientDarkgreen.png' with importer (TextureImporter)
Imported 'GUID: 8ade6825967f29e4e9447897ae3c8878' -> (Import Result ID: 'a77e3efd4f2942b0e043c06acc78df0f') in 0.018 seconds [static and dynamic dependencies]. Details - ImportResultOutputID=3d5328ef9eecee8dc618d1b770a58f00 DependenciesID=d11098e7143e258b94cf9de4a504e361 StaticDependenciesID=6742bdce7d6081adfc70ea3c11dd32d6 
Importing 'GUID: da405f481770b8a4a8592cf2f2eeb50d - Path: Assets/nappin/OfficeEssentialsPack/Textures/(Txt)GradientYellow.png' with importer (TextureImporter)
Imported 'GUID: da405f481770b8a4a8592cf2f2eeb50d' -> (Import Result ID: '2749663b9005a990ebb4ab1febac0ad4') in 0.021 seconds [static and dynamic dependencies]. Details - ImportResultOutputID=2f63c25486e4ee1009aa6eed185b2af6 DependenciesID=a07266e981bc11a18613e2032ec95de1 StaticDependenciesID=4a1c0f5573f7a714103cc5e5fb07d53c 
Importing 'GUID: 1be709cd9dfa27c48a678cdacc829f7e - Path: Assets/nappin/OfficeEssentialsPack/Textures/(Txt)GradientOrange.png' with importer (TextureImporter)
Imported 'GUID: 1be709cd9dfa27c48a678cdacc829f7e' -> (Import Result ID: '9969afd1abaaa14882372f5139fea6af') in 0.024 seconds [static and dynamic dependencies]. Details - ImportResultOutputID=81cd501ac264426f3fc3cd785898418e DependenciesID=948fbbfaee31b19c901f195acfc23e16 StaticDependenciesID=a62df79e290070b5eeef8ec6ee234fb4 
Importing 'GUID: bbea79d6aa038d54bab0fbdb23379cc8 - Path: Assets/nappin/OfficeEssentialsPack/Textures/(Txt)GradientBlue.png' with importer (TextureImporter)
Imported 'GUID: bbea79d6aa038d54bab0fbdb23379cc8' -> (Import Result ID: '64d051dd0223874ba2116d3f7e8c4226') in 0.020 seconds [static and dynamic dependencies]. Details - ImportResultOutputID=5fd98734dc2b63daf08da7d3ef1fea9b DependenciesID=dabba2909f0d2b8b893511b3bfd4bd1e StaticDependenciesID=596744c32eafc509c95659abb8b89ed5 
Importing 'GUID: 2cd3259f9019fbf4baa0566e469b5cc2 - Path: Assets/nappin/OfficeEssentialsPack/Textures/(Txt)GradientDarkred.png' with importer (TextureImporter)
Imported 'GUID: 2cd3259f9019fbf4baa0566e469b5cc2' -> (Import Result ID: '634c2a77aad5ed45441343028efada1a') in 0.020 seconds [static and dynamic dependencies]. Details - ImportResultOutputID=3db91ddeb88e674d5a2057daa0315ef4 DependenciesID=5b2da2c3f27a79f44b0e0712cc67a352 StaticDependenciesID=a725d42cd2f0ee852b8454afd5a9049b 
Importing 'GUID: ce207ba7fd9e7f047867bbf272711c24 - Path: Assets/nappin/OfficeEssentialsPack/Textures/(Txt)GradientBeige.png' with importer (TextureImporter)
Imported 'GUID: ce207ba7fd9e7f047867bbf272711c24' -> (Import Result ID: '0e0a71b1b251c871f73223f6433f48ad') in 0.020 seconds [static and dynamic dependencies]. Details - ImportResultOutputID=b2e9e8eb6fd8e006def845f4b2cb72c4 DependenciesID=3d241cc28f01330fb6d9872060af8dcf StaticDependenciesID=e0e94906f5746472aec7fda2cf8d0d86 
Importing 'GUID: eeb4d406c95b0424ca51a9f6cb36ac3d - Path: Assets/nappin/OfficeEssentialsPack/Textures/(Txt)GradientRed.png' with importer (TextureImporter)
Imported 'GUID: eeb4d406c95b0424ca51a9f6cb36ac3d' -> (Import Result ID: '7efe0d24b780352d852b29c63b89e060') in 0.021 seconds [static and dynamic dependencies]. Details - ImportResultOutputID=e07460a16dd23711c0a3d2751a58a94c DependenciesID=572584a93f677bebba961ce7df24829c StaticDependenciesID=df36d393dd4e8c1960b66e9b2e504be3 
Importing 'GUID: df845f1b1122f644ab4fbfbd3b3c763f - Path: Assets/nappin/OfficeEssentialsPack/Textures/(Txt)GradientGrey.png' with importer (TextureImporter)
Imported 'GUID: df845f1b1122f644ab4fbfbd3b3c763f' -> (Import Result ID: 'cf36c6104301b6890840cd8240235a8d') in 0.021 seconds [static and dynamic dependencies]. Details - ImportResultOutputID=9ab05bb07b6f11b42439b564f3b3612b DependenciesID=5d0751088480d1f873962202976443ab StaticDependenciesID=98b2c217ed8edbd551bf36957f409727 
Importing 'GUID: c0999236ab32ad94fb08c06e6694fa49 - Path: Assets/nappin/OfficeEssentialsPack/Materials/(Mat)GradientBrown.mat' with importer (NativeFormatImporter)
Imported 'GUID: c0999236ab32ad94fb08c06e6694fa49' -> (Import Result ID: '1a5262f7347fafefd78571a2f30f3c19') in 0.057 seconds [static dependencies only]. Details - ImportResultOutputID=e0223583a4cce4f21f8df7586ede50d6 DependenciesID=4bd134fe51fb606a89bae1b18eac1bf7 StaticDependenciesID=3223327075f81b01c294c5e424b6e6db 
Importing 'GUID: d06cbe6bddb870d438765bf1f774411d - Path: Assets/nappin/OfficeEssentialsPack/Materials/(Mat)Floor.mat' with importer (NativeFormatImporter)
Imported 'GUID: d06cbe6bddb870d438765bf1f774411d' -> (Import Result ID: '9bd046304b935dc990777efecdd321b1') in 0.002 seconds [static dependencies only]. Details - ImportResultOutputID=a52d393fd3d73f9c75498f1fc0c25080 DependenciesID=a27e1453f64bb9facddcfb3f4d1ca735 StaticDependenciesID=d570aa883fb5bc4bf7dee4ddd33e80fa 
Importing 'GUID: e03c61940200c9b428ea54b9134ba0a7 - Path: Assets/nappin/OfficeEssentialsPack/Materials/(Mat)GradientYellow.mat' with importer (NativeFormatImporter)
Imported 'GUID: e03c61940200c9b428ea54b9134ba0a7' -> (Import Result ID: '0823def18cb18664086265a211ba5f34') in 0.001 seconds [static dependencies only]. Details - ImportResultOutputID=08dc285b6db05020b17b75e641ccb295 DependenciesID=2ef276aafc0de67b3e09b57e7b1e1e9f StaticDependenciesID=8455ed66519215af32c7de3facde9a0f 
Importing 'GUID: 11ed21415b661da499e94e4e9e5c47f4 - Path: Assets/nappin/OfficeEssentialsPack/Materials/(Mat)GradientDarkRed.mat' with importer (NativeFormatImporter)
Imported 'GUID: 11ed21415b661da499e94e4e9e5c47f4' -> (Import Result ID: 'cbecd92d7af49033c1c47102900d1810') in 0.001 seconds [static dependencies only]. Details - ImportResultOutputID=0ca51b0fb69c73bb8e9bab4b3f2fb2c8 DependenciesID=e24fde9ce136867e943c8bf4aa050462 StaticDependenciesID=96fd3e3604781ef1e17f13a9d3c6ac87 
Importing 'GUID: 31e87d42f3ffa2546b1f527e7a0a4b9d - Path: Assets/nappin/OfficeEssentialsPack/Materials/(Mat)MetallicBlack.mat' with importer (NativeFormatImporter)
Imported 'GUID: 31e87d42f3ffa2546b1f527e7a0a4b9d' -> (Import Result ID: 'd2680cdfcef7d5a0ed3be28bd2d39199') in 0.001 seconds [static dependencies only]. Details - ImportResultOutputID=66e9fd1cc38527edcb1bde9a59a5e147 DependenciesID=a0667fb3da34f31d1ebf496b76dc46ea StaticDependenciesID=688143a44db94255fdcd1bd54f032179 
Importing 'GUID: a3a530523bec0cc41aed4f3a4d9da936 - Path: Assets/nappin/OfficeEssentialsPack/Materials/(Mat)Glass.mat' with importer (NativeFormatImporter)
Imported 'GUID: a3a530523bec0cc41aed4f3a4d9da936' -> (Import Result ID: 'dcf32fb79f2381715435c151f854a7eb') in 0.001 seconds [static dependencies only]. Details - ImportResultOutputID=6043136e2d62eeeff9c775c875b03c1b DependenciesID=ea3d42057c2b83acea2910f8d4f8213e StaticDependenciesID=5f74736f323a8cc587b6cf3cc3d29627 
Importing 'GUID: e3681f2feac05f94888039c51ba9b321 - Path: Assets/nappin/OfficeEssentialsPack/Materials/(Mat)GradientGreen.mat' with importer (NativeFormatImporter)
Imported 'GUID: e3681f2feac05f94888039c51ba9b321' -> (Import Result ID: 'e7c55e7723287cb24c7a9718b311b2d7') in 0.001 seconds [static dependencies only]. Details - ImportResultOutputID=2142de519701a0c4682ec32dd2e77abf DependenciesID=8cf88688c2a45bc57256bebb155a359d StaticDependenciesID=89ad96c681f64baa6a405de3c3b15a47 
Importing 'GUID: 3441f6441092d3c459a48c3c48ea63c6 - Path: Assets/nappin/OfficeEssentialsPack/Materials/(Mat)GradientGrey.mat' with importer (NativeFormatImporter)
Imported 'GUID: 3441f6441092d3c459a48c3c48ea63c6' -> (Import Result ID: '04615f493f7110ffc1f4c16292e55a06') in 0.001 seconds [static dependencies only]. Details - ImportResultOutputID=eba534ecae4db31c650a713831afeed4 DependenciesID=74d98fc23994f93ddb62733ef7041d95 StaticDependenciesID=60629866c7df4b90bfd8fcb4217aa3ec 
Importing 'GUID: 35261150e5398c0439d6fd7481f62b62 - Path: Assets/nappin/OfficeEssentialsPack/Materials/(Mat)GradientBlue.mat' with importer (NativeFormatImporter)
Imported 'GUID: 35261150e5398c0439d6fd7481f62b62' -> (Import Result ID: 'c60d4854f90d4dd2b931d2c116408f5f') in 0.001 seconds [static dependencies only]. Details - ImportResultOutputID=6fc109d09255daf524c3d85cc7251999 DependenciesID=b3d7f0d6511c18a8c165c8f012724761 StaticDependenciesID=8cc69e716f9881d813a2e733c83187e3 
Importing 'GUID: 95d691d1ae476e049b3ca1db2f7b4c0d - Path: Assets/nappin/OfficeEssentialsPack/Materials/(Mat)GradientDarkGreen.mat' with importer (NativeFormatImporter)
Imported 'GUID: 95d691d1ae476e049b3ca1db2f7b4c0d' -> (Import Result ID: '9bb478f1a0b1972915c3ef8d15c22ee9') in 0.001 seconds [static dependencies only]. Details - ImportResultOutputID=baf39b5cc9632550f8b0755e2046fc6a DependenciesID=cbb187b69038a2f022288f244dbaa78f StaticDependenciesID=40493c5a93cdc6e5691c4ce1ea80030d 
Importing 'GUID: f5b880b2bccf7364cbc645f81894becd - Path: Assets/nappin/OfficeEssentialsPack/Materials/(Mat)Skybox.mat' with importer (NativeFormatImporter)
Imported 'GUID: f5b880b2bccf7364cbc645f81894becd' -> (Import Result ID: '006c2c0ab34cc1310bcc7cfbb03e20d5') in 0.001 seconds [static dependencies only]. Details - ImportResultOutputID=a131270416105313a0ce2f4f6706123c DependenciesID=8a42c5a3e857e4352e622173317bd6d1 StaticDependenciesID=edecd90b9319e2f781a3fdaa9f15b90e 
Importing 'GUID: fac6997ebfb39364db1173ae4a1c49e6 - Path: Assets/nappin/OfficeEssentialsPack/Materials/(Mat)GradientRed.mat' with importer (NativeFormatImporter)
Imported 'GUID: fac6997ebfb39364db1173ae4a1c49e6' -> (Import Result ID: 'e6b7dae8302c96ead41e3a8f7f140dce') in 0.001 seconds [static dependencies only]. Details - ImportResultOutputID=f619d526eca0bd4442206b700fbe315f DependenciesID=9808981f28dd912cda424528e8ef4762 StaticDependenciesID=bc7347706054bbb2c71b275bb8adcdc8 
Importing 'GUID: eb0f168ce60c9424896bd8c33ac3f2c9 - Path: Assets/nappin/OfficeEssentialsPack/Materials/(Mat)GradientBeige.mat' with importer (NativeFormatImporter)
Imported 'GUID: eb0f168ce60c9424896bd8c33ac3f2c9' -> (Import Result ID: '9580da21ec95a8beaf0492d43a9c1027') in 0.001 seconds [static dependencies only]. Details - ImportResultOutputID=7403bf6fe23eea27ea14e28348eb05e0 DependenciesID=d123d983b68298549bc46022d1218999 StaticDependenciesID=2a77b5db5a1006bfe5d2ec014855f4d5 
Importing 'GUID: fb698345bbbc4d74ba2ca7b2bb59eb9d - Path: Assets/nappin/OfficeEssentialsPack/Materials/(Mat)GradientOrange.mat' with importer (NativeFormatImporter)
Imported 'GUID: fb698345bbbc4d74ba2ca7b2bb59eb9d' -> (Import Result ID: '11f3ea2bbffead5b3ac50ddf46f5b0d5') in 0.001 seconds [static dependencies only]. Details - ImportResultOutputID=199d59654cb267598105a5fbaa7db27b DependenciesID=bb92afcf72858b0687d2a41a2a518d3f StaticDependenciesID=b030a621efbcb252e7832eb1945c0c54 
Importing 'GUID: ad2591d1028f32d4a8bae13135f480f7 - Path: Assets/nappin/OfficeEssentialsPack/Materials/(Mat)EmissiveWarm.mat' with importer (NativeFormatImporter)
Imported 'GUID: ad2591d1028f32d4a8bae13135f480f7' -> (Import Result ID: 'cda644a4b2a2ac414f7ce04cfd9c00fc') in 0.002 seconds [static dependencies only]. Details - ImportResultOutputID=f5a3d2f3d41c352687ed6859901f675a DependenciesID=19e239c6bdbd82a5bea08a91b1c09a83 StaticDependenciesID=3f6615fa7e83beae28622961dae95da7 
Importing 'GUID: eecaa3198cbebd74e8cd79d0f71765cc - Path: Assets/nappin/OfficeEssentialsPack/Materials/(Mat)GradientDarkGrey.mat' with importer (NativeFormatImporter)
Imported 'GUID: eecaa3198cbebd74e8cd79d0f71765cc' -> (Import Result ID: '48114a966cd63f45eaab3109ae1be491') in 0.001 seconds [static dependencies only]. Details - ImportResultOutputID=268bd5afa144cd74606e45a80a91212e DependenciesID=530d8707099a68e2c4c7582e4924f354 StaticDependenciesID=1faa5cfd9f5e69a3450d2153cc45c2dc 
Importing 'GUID: 5f00a35557dee5b499cf97dda42339c0 - Path: Assets/nappin/OfficeEssentialsPack/Materials/(Mat)GradientDarkBrown.mat' with importer (NativeFormatImporter)
Imported 'GUID: 5f00a35557dee5b499cf97dda42339c0' -> (Import Result ID: 'd31018641bfbf74da2c064f6218e4329') in 0.001 seconds [static dependencies only]. Details - ImportResultOutputID=87c70b96bc33bc8bce45d5345e8c948e DependenciesID=8bdd5cac25d312c9f976ddf7972699b0 StaticDependenciesID=ff722976b3d2415f410805aaa8e81823 
Importing 'GUID: 7f64eac4bd640ef44ae0187dbfcb4089 - Path: Assets/nappin/OfficeEssentialsPack/Materials/(Mat)GradientBlack.mat' with importer (NativeFormatImporter)
Imported 'GUID: 7f64eac4bd640ef44ae0187dbfcb4089' -> (Import Result ID: '033a84703de9eed9481104873047662c') in 0.001 seconds [static dependencies only]. Details - ImportResultOutputID=45913c9a5fd524cc35ad5e2c5e5bbd91 DependenciesID=0bdc9d90e99058a797159388a3618fe9 StaticDependenciesID=66f1a8cc1d6739a8d9f5323503a6153e 
Importing 'GUID: 301abaee6ba74544ab12d31480dcbb27 - Path: Assets/nappin/OfficeEssentialsPack/Models/(Msh)SmokeDetector.fbx' with importer (FBXImporter)
Imported 'GUID: 301abaee6ba74544ab12d31480dcbb27' -> (Import Result ID: '82e5ce007bd4ac81aa3ca04f7882bbf5') in 0.277 seconds [static and dynamic dependencies]. Details - ImportResultOutputID=5573015a64e36bb3a65d22f4eed0759b DependenciesID=704e92983362fda8598bc1b3ee9d5a2d StaticDependenciesID=30b18061ea64bff76a735275a91ecb33 
Importing 'GUID: d0f06f9715b791a4596af29b5bbb56d0 - Path: Assets/nappin/OfficeEssentialsPack/Models/(Msh)LoungeChair.fbx' with importer (FBXImporter)
Imported 'GUID: d0f06f9715b791a4596af29b5bbb56d0' -> (Import Result ID: 'b55becd5b8f16fecd6d51804cbc8d1a7') in 0.024 seconds [static and dynamic dependencies]. Details - ImportResultOutputID=c51d2a374556d0ea684c13ff4b179000 DependenciesID=4338fecdeb685d5875096381d123fb7d StaticDependenciesID=0ac53c4a83ce693cbadbd4381d56a424 
Importing 'GUID: d0c678f5c21191e4aadd685b22906f70 - Path: Assets/nappin/OfficeEssentialsPack/Models/(Msh)Window.fbx' with importer (FBXImporter)
Imported 'GUID: d0c678f5c21191e4aadd685b22906f70' -> (Import Result ID: '0be6d93824bf3f9a4e69382a40b2a3c0') in 0.022 seconds [static and dynamic dependencies]. Details - ImportResultOutputID=c708dac76208470145dd433588a7c085 DependenciesID=78cf5765fe0ddc5a5b347e5fc1426934 StaticDependenciesID=13d6897455662198f87440e580055ab8 
Importing 'GUID: e0d31913657846c4e9344974cc7f73dd - Path: Assets/nappin/OfficeEssentialsPack/Models/(Msh)Desk2.fbx' with importer (FBXImporter)
Imported 'GUID: e0d31913657846c4e9344974cc7f73dd' -> (Import Result ID: 'dae60a615671be613133b0668a7580c7') in 0.023 seconds [static and dynamic dependencies]. Details - ImportResultOutputID=7b705ce517e121730f2d303e03c9e389 DependenciesID=7cf4ee7201997d510f0bf3f6d15e1de6 StaticDependenciesID=3aac371d3f6b53950423f98c697da82a 
Importing 'GUID: 6234a3511ba58734dab033286d60136a - Path: Assets/nappin/OfficeEssentialsPack/Models/(Msh)BookPile6.fbx' with importer (FBXImporter)
Imported 'GUID: 6234a3511ba58734dab033286d60136a' -> (Import Result ID: '6e76cfc7b5ce3c9dd80e8a1f9b78cdf1') in 0.162 seconds [static and dynamic dependencies]. Details - ImportResultOutputID=2c4880ed3761c85f97da634a6e61aca4 DependenciesID=699943e40091889c9b1f4e80106a7bc7 StaticDependenciesID=6f1f250bc5d4b67165181db9d64f8785 
Importing 'GUID: 92df708222820ea4ea7635007b379d57 - Path: Assets/nappin/OfficeEssentialsPack/Models/(Msh)DeskPrinter.fbx' with importer (FBXImporter)
Imported 'GUID: 92df708222820ea4ea7635007b379d57' -> (Import Result ID: 'f77a5ada92804ea17a305234ea772716') in 0.025 seconds [static and dynamic dependencies]. Details - ImportResultOutputID=7b6b9532a5bfba3ae7ef1b6eea598295 DependenciesID=aa275a9a8998e33446c6647f58d31d56 StaticDependenciesID=c2dc7330165c7dddd5aed6f3317fddd7 
Importing 'GUID: a271b7bf9ed385c42928c5c8b77e1053 - Path: Assets/nappin/OfficeEssentialsPack/Models/(Msh)BookPile1.fbx' with importer (FBXImporter)
Imported 'GUID: a271b7bf9ed385c42928c5c8b77e1053' -> (Import Result ID: '8ce7650e125d91990c437b6d2251598d') in 0.027 seconds [static and dynamic dependencies]. Details - ImportResultOutputID=c7bf079b22fb751fc86c2d5f629e174e DependenciesID=990db3371bd5a1ee39bbea1868cf8d98 StaticDependenciesID=ca3af9298b82f3b43bc2e28af2ea0755 
Importing 'GUID: a2926ab1cfa2245478d20ad4f0331477 - Path: Assets/nappin/OfficeEssentialsPack/Models/(Msh)Sofa3.fbx' with importer (FBXImporter)
Imported 'GUID: a2926ab1cfa2245478d20ad4f0331477' -> (Import Result ID: 'ad6942241a0a234a8b31a71e20fe871f') in 0.031 seconds [static and dynamic dependencies]. Details - ImportResultOutputID=83ff598ae65430075b0717487054f148 DependenciesID=079734fb3eef59f9b04915e08107f9bc StaticDependenciesID=ce0cfcb689d358b6f5c3a91f98cae3ac 
Importing 'GUID: b2ea3a81a047dab439905bfb53997287 - Path: Assets/nappin/OfficeEssentialsPack/Models/(Msh)Sofa2.fbx' with importer (FBXImporter)
Imported 'GUID: b2ea3a81a047dab439905bfb53997287' -> (Import Result ID: '6c9da8518b6f0f8e07d5914116e9843d') in 0.030 seconds [static and dynamic dependencies]. Details - ImportResultOutputID=115aff3a50a5112fb8aa9d3317cfa5c6 DependenciesID=d9b0f16e5ceab4c7828f1ff2c1a1d27a StaticDependenciesID=6b89073fd219b43502e0da5fd4870893 
Importing 'GUID: c2433cdade6af034d875648a6e47c001 - Path: Assets/nappin/OfficeEssentialsPack/Models/(Msh)Drawer1.fbx' with importer (FBXImporter)
Imported 'GUID: c2433cdade6af034d875648a6e47c001' -> (Import Result ID: '7b99e2716a92c6997c63643ae991537c') in 0.024 seconds [static and dynamic dependencies]. Details - ImportResultOutputID=bf794f95b6c061dc1cac4ec13f74a92c DependenciesID=e604d465ac656e140fefa9b40da2e5a4 StaticDependenciesID=9f9b3316178cf3a0a5e0f39d2d591724 
Importing 'GUID: d283a93eb62894849b3a3aea9ca0c8fb - Path: Assets/nappin/OfficeEssentialsPack/Models/(Msh)Mug.fbx' with importer (FBXImporter)
Imported 'GUID: d283a93eb62894849b3a3aea9ca0c8fb' -> (Import Result ID: '304ad3ad6745e224b855e21334712f40') in 0.033 seconds [static and dynamic dependencies]. Details - ImportResultOutputID=5f5280ec9fb582a6947f1befaa5b7798 DependenciesID=41e4bf7736000dada68261d69559f2d3 StaticDependenciesID=6df292815d09456c13abe42cdc72a86f 
Importing 'GUID: 4339f93ff4f1c4f4ca6000d384de14bd - Path: Assets/nappin/OfficeEssentialsPack/Models/(Msh)KitchenModule.fbx' with importer (FBXImporter)
Imported 'GUID: 4339f93ff4f1c4f4ca6000d384de14bd' -> (Import Result ID: '2a491db9d1a417464debf24ba50f8e4e') in 0.045 seconds [static and dynamic dependencies]. Details - ImportResultOutputID=3d204736a9beee33aa681efe204f7f2b DependenciesID=c739fe9f552a0c7411922842b8b6fc4a StaticDependenciesID=8155754c727ac59fb8e6ddd95a15a6da 
Importing 'GUID: 53a390c2e7417fc4881f4a9c5cc4078a - Path: Assets/nappin/OfficeEssentialsPack/Models/(Msh)Plant2.fbx' with importer (FBXImporter)
Imported 'GUID: 53a390c2e7417fc4881f4a9c5cc4078a' -> (Import Result ID: '9ae57471917a6520f47df8b5802b8c66') in 0.107 seconds [static and dynamic dependencies]. Details - ImportResultOutputID=d9c777b30dce7c17e2c7339179976b87 DependenciesID=9ab84955a82f37b063fb212676a9d4aa StaticDependenciesID=145cfe0eb53f572547ad94aca3c83555 
Importing 'GUID: 538ebcc8575799746881a05c02d1ae04 - Path: Assets/nappin/OfficeEssentialsPack/Models/(Msh)Clock.fbx' with importer (FBXImporter)
Imported 'GUID: 538ebcc8575799746881a05c02d1ae04' -> (Import Result ID: '5699d02bd7fe45834617f97f090f8f51') in 0.058 seconds [static and dynamic dependencies]. Details - ImportResultOutputID=22a408af051139ca54ac5b2ac17bc638 DependenciesID=6294a27c7d20e608e07a1f8cb274c78c StaticDependenciesID=e13cb3695a8ee60a8a3c6904aaea3455 
Importing 'GUID: 63434af8d15cb5840a1965b4ee99f420 - Path: Assets/nappin/OfficeEssentialsPack/Models/(Msh)PCCase.fbx' with importer (FBXImporter)
Imported 'GUID: 63434af8d15cb5840a1965b4ee99f420' -> (Import Result ID: '31dd62a429861c4adea3b3782c8c8795') in 0.022 seconds [static and dynamic dependencies]. Details - ImportResultOutputID=383eea5f513b821a185f3ff0b5afa104 DependenciesID=5d0035dfd6a2f1d162badb655211eae5 StaticDependenciesID=e8023504db5b1c27e8316073344f5a67 
Importing 'GUID: a3391ff75e6a3d847a21fe59dccd4a8a - Path: Assets/nappin/OfficeEssentialsPack/Models/(Msh)CeilingLight1.fbx' with importer (FBXImporter)
Imported 'GUID: a3391ff75e6a3d847a21fe59dccd4a8a' -> (Import Result ID: 'e8eeaa571c15c2efd6fca4417935bcca') in 0.025 seconds [static and dynamic dependencies]. Details - ImportResultOutputID=7fb9ce1be0f5f800f050c2432884d77d DependenciesID=3a5debe6bb07629a03c084044f83f726 StaticDependenciesID=367315dbb6edebaf31ef7727802363ac 
Importing 'GUID: d31ae3b3f8108284bba44064ed9dff1c - Path: Assets/nappin/OfficeEssentialsPack/Models/(Msh)WaterDispenser.fbx' with importer (FBXImporter)
Imported 'GUID: d31ae3b3f8108284bba44064ed9dff1c' -> (Import Result ID: '3bc2915f6217d1f13c892cd4a2537952') in 0.033 seconds [static and dynamic dependencies]. Details - ImportResultOutputID=c6832cde8e2f0c38e7fe272c2cfb288a DependenciesID=76c9ba2b77b3cc75fbf670ebad2fc6b8 StaticDependenciesID=06effcb66dc13723739afac145453b9b 
Importing 'GUID: d30e7e864c6f0f44fa1d73fa877e268f - Path: Assets/nappin/OfficeEssentialsPack/Models/(Msh)BookPile5.fbx' with importer (FBXImporter)
Imported 'GUID: d30e7e864c6f0f44fa1d73fa877e268f' -> (Import Result ID: '3bff2f63d175c837731620020702821b') in 0.067 seconds [static and dynamic dependencies]. Details - ImportResultOutputID=e728c076b4833e7aea78e3624ce07be5 DependenciesID=23564620b0358ce2123452ade4ccfb27 StaticDependenciesID=a358f066d603f04d2f89770e9076d72f 
Importing 'GUID: 74ced1ff4cc446444b88042df966c736 - Path: Assets/nappin/OfficeEssentialsPack/Models/(Msh)BookPile7.fbx' with importer (FBXImporter)
Imported 'GUID: 74ced1ff4cc446444b88042df966c736' -> (Import Result ID: '876268718671e74e761533245ea223d0') in 0.115 seconds [static and dynamic dependencies]. Details - ImportResultOutputID=18789e5c0768dbcb6d30f13389f1d82b DependenciesID=e4b6af7832f258ef968c0c3f63f61ae9 StaticDependenciesID=8cb8cfcf730618faabcf931ea6d0869a 
Importing 'GUID: b4770c72ef9ca574a8fc2f08b8e7cb17 - Path: Assets/nappin/OfficeEssentialsPack/Models/(Msh)Separator.fbx' with importer (FBXImporter)
Imported 'GUID: b4770c72ef9ca574a8fc2f08b8e7cb17' -> (Import Result ID: '50a0aa617debff0e1d63fd99c26e7a9b') in 0.018 seconds [static and dynamic dependencies]. Details - ImportResultOutputID=4c3a1af8d950ec03cba7d20a2d992ca3 DependenciesID=8fdda4d95fe97644021cd5cbdf270aba StaticDependenciesID=95241f4d97fa23b9148c0fbfc5b6f08a 
Importing 'GUID: 26b7a36227bffc347bb1b7276bd65892 - Path: Assets/nappin/OfficeEssentialsPack/Models/(Msh)Sofa1.fbx' with importer (FBXImporter)
Imported 'GUID: 26b7a36227bffc347bb1b7276bd65892' -> (Import Result ID: '82333c8501cb5a5850a48bf6bde72369') in 0.030 seconds [static and dynamic dependencies]. Details - ImportResultOutputID=2c4c8267121cde54e9ae1b714c759eb4 DependenciesID=f608f09385105a79e8cee35de3492c77 StaticDependenciesID=6dbcd8b641ecc72b6969fb4677b5dc90 
Importing 'GUID: 662d757e856cbf044a5037efe162c6f3 - Path: Assets/nappin/OfficeEssentialsPack/Models/(Msh)Projector.fbx' with importer (FBXImporter)
Imported 'GUID: 662d757e856cbf044a5037efe162c6f3' -> (Import Result ID: 'd5cafbf223103a03693eedd63c5a34c1') in 0.089 seconds [static and dynamic dependencies]. Details - ImportResultOutputID=e9f76d0a3cfe1fdbd53d5823963e3ee6 DependenciesID=62d7a1af74c4b50544a214f4937b4bbb StaticDependenciesID=bd98b178b10c309aa9acc4a396ecb2e4 
Importing 'GUID: 6742d9d0591e16e48b701a5fd806e2ad - Path: Assets/nappin/OfficeEssentialsPack/Models/(Msh)DeskLight.fbx' with importer (FBXImporter)
Imported 'GUID: 6742d9d0591e16e48b701a5fd806e2ad' -> (Import Result ID: 'a4c992c6fc773149d9f1c73df5902294') in 0.029 seconds [static and dynamic dependencies]. Details - ImportResultOutputID=d41a4fc8e5931a5bcf351dedba073d35 DependenciesID=404b8e3698589ba97cd2f2599d3d02a9 StaticDependenciesID=2ee9d222e74732c69224b1633e4b630a 
Importing 'GUID: 77936498f95548e4f81bd32e9a802098 - Path: Assets/nappin/OfficeEssentialsPack/Models/(Msh)CoffePot.fbx' with importer (FBXImporter)
Imported 'GUID: 77936498f95548e4f81bd32e9a802098' -> (Import Result ID: 'cc323e24ae3ce7c472892c1c800c3fab') in 0.032 seconds [static and dynamic dependencies]. Details - ImportResultOutputID=1ce7775016d411f46d227658c753493e DependenciesID=7bf8fe92c86184c6fb724be80ec76488 StaticDependenciesID=f3306df75131f9d8f5f112928a3a72be 
Importing 'GUID: f79a2c7c74ed86945916baca4abd128c - Path: Assets/nappin/OfficeEssentialsPack/Models/(Msh)DocumentHolder.fbx' with importer (FBXImporter)
Imported 'GUID: f79a2c7c74ed86945916baca4abd128c' -> (Import Result ID: '4208978ab70241aecddbd30ffadd54f1') in 0.023 seconds [static and dynamic dependencies]. Details - ImportResultOutputID=9a923ad246cd0fe3c39f1fa451aa6a35 DependenciesID=22a7dbc546087147a0f79b4ba8ea2c16 StaticDependenciesID=664d885954e370a3d33e218a93475fc1 
Importing 'GUID: 18566a61b75973749b7a37b617d7fa4b - Path: Assets/nappin/OfficeEssentialsPack/Models/(Msh)PC.fbx' with importer (FBXImporter)
Imported 'GUID: 18566a61b75973749b7a37b617d7fa4b' -> (Import Result ID: 'dfc9439d353a482df171de9750574d2d') in 0.043 seconds [static and dynamic dependencies]. Details - ImportResultOutputID=1be6cd000430a4d103081ca228e70d62 DependenciesID=43431f9bd84cfc6ec5d24a777d1c6320 StaticDependenciesID=806d71a27bb28c2bf5d00f8f1979580d 
Importing 'GUID: 28502d19c68219d44abc46f748d642ea - Path: Assets/nappin/OfficeEssentialsPack/Models/(Msh)Fatboy.fbx' with importer (FBXImporter)
Imported 'GUID: 28502d19c68219d44abc46f748d642ea' -> (Import Result ID: '8e39ba8c93c784b9ea13871f2250f71d') in 0.062 seconds [static and dynamic dependencies]. Details - ImportResultOutputID=808129d6dfd000b37d4d3ef0b4a02cfa DependenciesID=f024f09edae861762de6af8167ac24c4 StaticDependenciesID=c1f0a635c53b4f1f1196c487ddb39efc 
Importing 'GUID: 586fd122a459a1040aaa87eda129f418 - Path: Assets/nappin/OfficeEssentialsPack/Models/(Msh)CoffeTable.fbx' with importer (FBXImporter)
Imported 'GUID: 586fd122a459a1040aaa87eda129f418' -> (Import Result ID: 'f2b3b33f0014a00f4882fc578c9ea97d') in 0.026 seconds [static and dynamic dependencies]. Details - ImportResultOutputID=010ef9bb6b8e8b82193e3dbaab297698 DependenciesID=932973970fedc74389a8c6dfa997f23d StaticDependenciesID=4cc9fbc6bd8e29b191f0d978466049f6 
Importing 'GUID: b8382dad890a52e499e640be2fba6e18 - Path: Assets/nappin/OfficeEssentialsPack/Models/(Msh)CeilingFan.fbx' with importer (FBXImporter)
Imported 'GUID: b8382dad890a52e499e640be2fba6e18' -> (Import Result ID: 'ffc73f793c355796a1d6ca9a54e21506') in 0.037 seconds [static and dynamic dependencies]. Details - ImportResultOutputID=3c3b240b2d0c8b99121f2370125a493d DependenciesID=9b4b2fa7e1304e5104eb2926550b8f86 StaticDependenciesID=d8bc6826209529dffb03e3180952c804 
Importing 'GUID: 3978e0eca0f17684d8cd75e9959471bb - Path: Assets/nappin/OfficeEssentialsPack/Models/(Msh)DeskPlant.fbx' with importer (FBXImporter)
Imported 'GUID: 3978e0eca0f17684d8cd75e9959471bb' -> (Import Result ID: '58281cabb31c7726723edb6eff6671b4') in 0.061 seconds [static and dynamic dependencies]. Details - ImportResultOutputID=39c413e1e1c80d7d78380d488ebd3e27 DependenciesID=65a6ad82848ee68e1dae39687ecec271 StaticDependenciesID=5f9260f14f6d920b906a2d096fb076a7 
Importing 'GUID: 49c0e5468435e4f4c947e2e2d0c5c6cf - Path: Assets/nappin/OfficeEssentialsPack/Models/(Msh)BigDrawer.fbx' with importer (FBXImporter)
Imported 'GUID: 49c0e5468435e4f4c947e2e2d0c5c6cf' -> (Import Result ID: 'e24f4a64cffda24ba4844190a727e56e') in 0.027 seconds [static and dynamic dependencies]. Details - ImportResultOutputID=70acce2c84390d6a20702bb78f43bd73 DependenciesID=d99536b83694f54c8b2633f05c337cf3 StaticDependenciesID=74649a634880bb521265bb41b90824a3 
Importing 'GUID: 898aea206a1830c41bd91fa0978f4c35 - Path: Assets/nappin/OfficeEssentialsPack/Models/(Msh)BookPile4.fbx' with importer (FBXImporter)
Imported 'GUID: 898aea206a1830c41bd91fa0978f4c35' -> (Import Result ID: 'db6ea5ba4a5def59c6a78d129a48a742') in 0.041 seconds [static and dynamic dependencies]. Details - ImportResultOutputID=226c2bd3ff68be11aac76f0019e0b271 DependenciesID=78789f235a26d81ab6f04e143b94c595 StaticDependenciesID=9fc093b6ce0fb16d5a90832fe6646ab7 
Importing 'GUID: b9f59c5a0fa9eec4698152c59791ae76 - Path: Assets/nappin/OfficeEssentialsPack/Models/(Msh)TrashCan.fbx' with importer (FBXImporter)
Imported 'GUID: b9f59c5a0fa9eec4698152c59791ae76' -> (Import Result ID: '0800e48d6c46ed6d50a691eb7bc0db3c') in 0.028 seconds [static and dynamic dependencies]. Details - ImportResultOutputID=6c7f0486f703948d76b83422fc70fa66 DependenciesID=9f639c425bedaf12dd5a18ace8949311 StaticDependenciesID=fcf446779ffbb72ad55d31913d5879fe 
Importing 'GUID: f99126b2de167a44f84adc255bb688c5 - Path: Assets/nappin/OfficeEssentialsPack/Models/(Msh)BookOpen.fbx' with importer (FBXImporter)
Imported 'GUID: f99126b2de167a44f84adc255bb688c5' -> (Import Result ID: 'c29ce682bf1b1a8b32e3f2620b6929ff') in 0.042 seconds [static and dynamic dependencies]. Details - ImportResultOutputID=825abff5b117057ead54dbf50465ce86 DependenciesID=00e57f221d8ca774c69042c8df8b6da6 StaticDependenciesID=0cd1ce03382c17c7a909eb164c9949f2 
Importing 'GUID: f9bb1fe475c1d144cb7676c5b119fbfe - Path: Assets/nappin/OfficeEssentialsPack/Models/(Msh)Microwave.fbx' with importer (FBXImporter)
Imported 'GUID: f9bb1fe475c1d144cb7676c5b119fbfe' -> (Import Result ID: '70c16f32cf9c567abcc2baffc69dda7f') in 0.025 seconds [static and dynamic dependencies]. Details - ImportResultOutputID=108aed188ff70c5dfc91c42afa68d301 DependenciesID=20840c9dee3980bfd12d451f20d5a5ca StaticDependenciesID=7800362bf93b7425610b38b77e9d96dc 
Importing 'GUID: 2a975253b89f03147813702ebc3dfa98 - Path: Assets/nappin/OfficeEssentialsPack/Models/(Msh)Drawer3.fbx' with importer (FBXImporter)
Imported 'GUID: 2a975253b89f03147813702ebc3dfa98' -> (Import Result ID: '921febe1fa79f105cf7341e9b2225516') in 0.025 seconds [static and dynamic dependencies]. Details - ImportResultOutputID=59cfbcac74d40c01fc34a2ab4534f3c1 DependenciesID=b75cdff84bc1851562976bbd733f6beb StaticDependenciesID=894bf0aa6201fa495a2db347775c76aa 
Importing 'GUID: 3a3cfcf7e16d943438d2bae99ffa6534 - Path: Assets/nappin/OfficeEssentialsPack/Models/(Msh)PenHolder.fbx' with importer (FBXImporter)
Imported 'GUID: 3a3cfcf7e16d943438d2bae99ffa6534' -> (Import Result ID: 'adc0582c517c8d224994bfc78c836644') in 0.059 seconds [static and dynamic dependencies]. Details - ImportResultOutputID=74676b0b3777a0659a1fa2d4eaf3c4c2 DependenciesID=c84bd654836366aec60f5450eb955346 StaticDependenciesID=eb41b635188b4280821ded8e30c62a04 
Importing 'GUID: 4a83103d843ef4d43abfd3b25ad47b44 - Path: Assets/nappin/OfficeEssentialsPack/Models/(Msh)Shelves3.fbx' with importer (FBXImporter)
Imported 'GUID: 4a83103d843ef4d43abfd3b25ad47b44' -> (Import Result ID: '8c88702eb91f5ded2b7dce47178164f2') in 0.036 seconds [static and dynamic dependencies]. Details - ImportResultOutputID=d28d3c6dfef2527ff612414264fbb5bd DependenciesID=588818260a34629571cb238404d1b698 StaticDependenciesID=d116e01f4ac1b0ee0089611f19482e1d 
Importing 'GUID: 6a55ccc8cef577442974555021f41a1b - Path: Assets/nappin/OfficeEssentialsPack/Models/(Msh)PlantBox.fbx' with importer (FBXImporter)
Imported 'GUID: 6a55ccc8cef577442974555021f41a1b' -> (Import Result ID: 'ac0e1cb286d32282ac9cceb3e96b908c') in 0.146 seconds [static and dynamic dependencies]. Details - ImportResultOutputID=77ff38d27f850b339fa8bd8f9e6737c9 DependenciesID=6e826b0f669e987390744a7ae155feeb StaticDependenciesID=ca59531800590b29051a60dbabcd8a66 
Importing 'GUID: 7ab63061358801f488d75d9c35dc8b26 - Path: Assets/nappin/OfficeEssentialsPack/Models/(Msh)VendingMachine.fbx' with importer (FBXImporter)
Imported 'GUID: 7ab63061358801f488d75d9c35dc8b26' -> (Import Result ID: 'cf8482fc814530029f46fd4d51c1f612') in 0.155 seconds [static and dynamic dependencies]. Details - ImportResultOutputID=810f376f3cb38faca2382c95a850dd05 DependenciesID=0aee514210779bebf36b28fcecb7b411 StaticDependenciesID=d68cbaef9946ceee87d6ae86348011d5 
Importing 'GUID: aa1df8bdfe3b61943a5cbb2344613612 - Path: Assets/nappin/OfficeEssentialsPack/Models/(Msh)Desk1.fbx' with importer (FBXImporter)
Imported 'GUID: aa1df8bdfe3b61943a5cbb2344613612' -> (Import Result ID: '4d6cd75cc62315421241260893478a2a') in 0.022 seconds [static and dynamic dependencies]. Details - ImportResultOutputID=d1b7b660d6f911a2bb5370abecccb7a0 DependenciesID=72058a190608ceade90613a2d3ecd026 StaticDependenciesID=9681a4cbe0e910107e7f52b823f24f17 
Importing 'GUID: cab363a401b518845bbac7b1c89c7a23 - Path: Assets/nappin/OfficeEssentialsPack/Models/(Msh)Shelves1.fbx' with importer (FBXImporter)
Imported 'GUID: cab363a401b518845bbac7b1c89c7a23' -> (Import Result ID: '7ba4018ba7852b74e10e72dbc03e5e62') in 0.026 seconds [static and dynamic dependencies]. Details - ImportResultOutputID=d1ffc40ca688bcbe5890e75bd30af3d7 DependenciesID=0564217a5f5450d8c4c2381786e78fc8 StaticDependenciesID=c9a753c24993a5301ab89b03e71fe066 
Importing 'GUID: 7b03297d5fa5a384aa16d9aabd94ff93 - Path: Assets/nappin/OfficeEssentialsPack/Models/(Msh)Plant1.fbx' with importer (FBXImporter)
Imported 'GUID: 7b03297d5fa5a384aa16d9aabd94ff93' -> (Import Result ID: '8ac498ee1d4db594bc782dc1526df2c9') in 0.073 seconds [static and dynamic dependencies]. Details - ImportResultOutputID=fee37617ed6f211565ae448f7e8a81d7 DependenciesID=1db4f3dd92c091ec1b8dbd6f40b59296 StaticDependenciesID=47af36582de4a3d07c8d6012637ff83d 
Importing 'GUID: db6ea0fd984528c49ab939f5eb5d660e - Path: Assets/nappin/OfficeEssentialsPack/Models/(Msh)CeilingLight2.fbx' with importer (FBXImporter)
Imported 'GUID: db6ea0fd984528c49ab939f5eb5d660e' -> (Import Result ID: '67435369b7b81a7496fd6141e21242c9') in 0.021 seconds [static and dynamic dependencies]. Details - ImportResultOutputID=fe6c7b5e6577551e91e502ecdc3cf62d DependenciesID=76d3caa9007fdcb02d35367734e66c10 StaticDependenciesID=27b97235b33329cc8bbcadc8ea4d4e6d 
Importing 'GUID: 9c2b74f6542c6ff45ac65189228585cb - Path: Assets/nappin/OfficeEssentialsPack/Models/(Msh)Shelves2.fbx' with importer (FBXImporter)
Imported 'GUID: 9c2b74f6542c6ff45ac65189228585cb' -> (Import Result ID: '4fdf60d50db36b231338ce86dc626808') in 0.025 seconds [static and dynamic dependencies]. Details - ImportResultOutputID=16ecba2fea99efbd47637d99f554a759 DependenciesID=12a4186a279a8203f7df33502a7ee96a StaticDependenciesID=07cbfe8ebcb68657ba0ebcf01286e24b 
Importing 'GUID: cc31666f2d3c78648838b47abbc333f8 - Path: Assets/nappin/OfficeEssentialsPack/Models/(Msh)BookPile3.fbx' with importer (FBXImporter)
Imported 'GUID: cc31666f2d3c78648838b47abbc333f8' -> (Import Result ID: 'db7a767995006e62f29053d781049b47') in 0.063 seconds [static and dynamic dependencies]. Details - ImportResultOutputID=89bb36539b514747cb65738f0708cc6c DependenciesID=936aeb47acc7151790de1e9ab00924e9 StaticDependenciesID=9784287fb648c6003debba680e00dc52 
Importing 'GUID: ecce3f1d808befa47abc1b334d5016f8 - Path: Assets/nappin/OfficeEssentialsPack/Models/(Msh)YogaBall.fbx' with importer (FBXImporter)
Imported 'GUID: ecce3f1d808befa47abc1b334d5016f8' -> (Import Result ID: '74b615de74df1f5cd17ba486c564e46a') in 0.024 seconds [static and dynamic dependencies]. Details - ImportResultOutputID=9c4010d353b9987f6e545d1205d567cb DependenciesID=596e30988b6a5b2fad06b094f89b6eca StaticDependenciesID=330b4ffb4a2ed9477cca8f56a58ad26c 
Importing 'GUID: cd6f234e68e2c5545a2b10a72f898445 - Path: Assets/nappin/OfficeEssentialsPack/Models/(Msh)BookPile2.fbx' with importer (FBXImporter)
Imported 'GUID: cd6f234e68e2c5545a2b10a72f898445' -> (Import Result ID: '51471ac24b91785f66e6f35eeaa67b96') in 0.040 seconds [static and dynamic dependencies]. Details - ImportResultOutputID=9f57e1fd8943f5afc5b6f4decdb12577 DependenciesID=a64feaa837fcc48162add95ac61d135f StaticDependenciesID=a30fa99123cff753db837cc2f31e0aef 
Importing 'GUID: 1e6adf612247ece438ca7fa180d6e18e - Path: Assets/nappin/OfficeEssentialsPack/Models/(Msh)ConferenceTable.fbx' with importer (FBXImporter)
Imported 'GUID: 1e6adf612247ece438ca7fa180d6e18e' -> (Import Result ID: 'e96a96a6e6c7034149b598c353bec43a') in 0.030 seconds [static and dynamic dependencies]. Details - ImportResultOutputID=35448b4b38b287010d066c6dfbc023a1 DependenciesID=02222d47e69e58f38478894413e3863f StaticDependenciesID=0264690c7d665d70a54a88a12f68d83f 
Importing 'GUID: 1fefd438eeac9ee4f82ea1039559dbcb - Path: Assets/nappin/OfficeEssentialsPack/Models/(Msh)SeparatorDoor.fbx' with importer (FBXImporter)
Imported 'GUID: 1fefd438eeac9ee4f82ea1039559dbcb' -> (Import Result ID: '298b328d0cbd7e4a0eeb79408b186526') in 0.023 seconds [static and dynamic dependencies]. Details - ImportResultOutputID=eab778b81f90aaff4b98fa5c0749cd94 DependenciesID=2dfe705260875d393b20dce4fbc51abd StaticDependenciesID=76a3b4c3b140e3d27858326de6615b07 
Importing 'GUID: 2f30491044634fa4d8b267131f5216fe - Path: Assets/nappin/OfficeEssentialsPack/Models/(Msh)Printer.fbx' with importer (FBXImporter)
Imported 'GUID: 2f30491044634fa4d8b267131f5216fe' -> (Import Result ID: '9bcfab841b5b834f9268923d7de821b4') in 0.067 seconds [static and dynamic dependencies]. Details - ImportResultOutputID=a287b2755a3c39ae7c9cc62911ad3939 DependenciesID=983a3515e945dcebb5f27b8ea9387ca2 StaticDependenciesID=90359a4c7782040f3531a7e14b6bf4f8 
Importing 'GUID: bf186ae0c211e3b46b8c3cf9bc7b1d27 - Path: Assets/nappin/OfficeEssentialsPack/Models/(Msh)OfficeChair.fbx' with importer (FBXImporter)
Imported 'GUID: bf186ae0c211e3b46b8c3cf9bc7b1d27' -> (Import Result ID: 'bb4570ca9ffc472baf0864c4f326a307') in 0.064 seconds [static and dynamic dependencies]. Details - ImportResultOutputID=89ce8e48c107ed80fc6ad6832a60ac30 DependenciesID=79602fdf77b39b1dccd9380dba0c3b73 StaticDependenciesID=8b2e8c19ee5f2562516e806931314e08 
Importing 'GUID: cf1dfec5e0b6df84697e78615469e93b - Path: Assets/nappin/OfficeEssentialsPack/Models/(Msh)Drawer2.fbx' with importer (FBXImporter)
Imported 'GUID: cf1dfec5e0b6df84697e78615469e93b' -> (Import Result ID: '591cd3b359f92a624f0644d9df12d796') in 0.025 seconds [static and dynamic dependencies]. Details - ImportResultOutputID=f0f84d70fc0d02056b3a39e1fc694abc DependenciesID=265128f622d1356fc1ae017180aaae97 StaticDependenciesID=704c55991de2bd1e63619e7c50c78677 
Importing 'GUID: dfe416dbdccccb0449425356461d7c67 - Path: Assets/nappin/OfficeEssentialsPack/Models/(Msh)Stapler.fbx' with importer (FBXImporter)
Imported 'GUID: dfe416dbdccccb0449425356461d7c67' -> (Import Result ID: 'e73213adfac49e61105006125025d981') in 0.029 seconds [static and dynamic dependencies]. Details - ImportResultOutputID=c18bf7109ceba15f57a33050b21ebd9f DependenciesID=9fbd1b43d092992256845bcb65bf2e65 StaticDependenciesID=99cbe786677137ee35258c056d17ba2d 
Importing 'GUID: c6d6a7c580195fe44a44bda65534cc89 - Path: Assets/nappin/OfficeEssentialsPack/readme.txt' with importer (TextScriptImporter)
Imported 'GUID: c6d6a7c580195fe44a44bda65534cc89' -> (Import Result ID: 'f7c4145ec9fde3e3b1a4fa860110a436') in 0.001 seconds [static dependencies only]. Details - ImportResultOutputID=6dcad432069594a40153216873aabf5b DependenciesID=2e8bf84759c99fc0f62e8a1c62fb44c1 StaticDependenciesID=0d6dfe6bba6b3a079348926bd86e0ea8 
Importing 'GUID: 00054b7f105fdce479315a0b18b079e7 - Path: Assets/nappin/OfficeEssentialsPack/Prefabs/(Prb)Separator.prefab' with importer (PrefabImporter)
Imported 'GUID: 00054b7f105fdce479315a0b18b079e7' -> (Import Result ID: '9ce8f25e4e5eb11052bcb2d78dc5ae99') in 0.038 seconds [static dependencies only]. Details - ImportResultOutputID=ede26dbbc0661ded279156eb710f3474 DependenciesID=0eff30df70b5226b09f25b40d1ba7dad StaticDependenciesID=8d76f074678129c57f5146fddea5f8f3 
Importing 'GUID: 009ac3bc89a8c994aaa64e90fed60ab2 - Path: Assets/nappin/OfficeEssentialsPack/Prefabs/(Prb)BookPile2.prefab' with importer (PrefabImporter)
Imported 'GUID: 009ac3bc89a8c994aaa64e90fed60ab2' -> (Import Result ID: '0c47440dd072660a25f02cb4d3a93320') in 0.004 seconds [static dependencies only]. Details - ImportResultOutputID=34c0cc0462fd5134939759cace9de0bd DependenciesID=228c20470cfaad92236da10c11a28e2c StaticDependenciesID=d23972fbd9ad3bbf886a8a347ee8f1b6 
Importing 'GUID: 20fb32c38fa4cf14c98f0e754db93073 - Path: Assets/nappin/OfficeEssentialsPack/Prefabs/(Prb)BookPile3.prefab' with importer (PrefabImporter)
Imported 'GUID: 20fb32c38fa4cf14c98f0e754db93073' -> (Import Result ID: '6d35cc35c15a6f0bb8ad0eaa3f46adee') in 0.005 seconds [static dependencies only]. Details - ImportResultOutputID=22d61b5df267b7ce7969f7c18563611a DependenciesID=3ce47b98acd05e8568fa9b4eaf78d2a6 StaticDependenciesID=a022e8c85b09b93ab0955f4cf077c6b8 
Importing 'GUID: 900432286b70dd3448b0884c911e1f6d - Path: Assets/nappin/OfficeEssentialsPack/Prefabs/(Prb)ConferenceTable.prefab' with importer (PrefabImporter)
Imported 'GUID: 900432286b70dd3448b0884c911e1f6d' -> (Import Result ID: 'a0babb95745bbbceece0aa861e322209') in 0.002 seconds [static dependencies only]. Details - ImportResultOutputID=fd15daa604f348ac31848159f455c388 DependenciesID=d50c462e56bdeac19598b0c910c07ee7 StaticDependenciesID=e55a507e9b2bcd93b5e67ba294793f47 
Importing 'GUID: c02a999a44edfa048a0420775c83cf3d - Path: Assets/nappin/OfficeEssentialsPack/Prefabs/(Prb)DeskPlant.prefab' with importer (PrefabImporter)
Imported 'GUID: c02a999a44edfa048a0420775c83cf3d' -> (Import Result ID: '7e354020a7f0ee4be3bb547ab2d52535') in 0.003 seconds [static dependencies only]. Details - ImportResultOutputID=2467af0f226d848c85642b072fb96a58 DependenciesID=438b2e54f982726ef00788d2f7a37d67 StaticDependenciesID=42a18795aabaea541b83b4ffb1398fea 
Importing 'GUID: e0a309163f5d1ef4e81367371dba0804 - Path: Assets/nappin/OfficeEssentialsPack/Prefabs/(Prb)DeskLight.prefab' with importer (PrefabImporter)
Imported 'GUID: e0a309163f5d1ef4e81367371dba0804' -> (Import Result ID: '9ee0fbc5ff6fe13813c48e82524940f4') in 0.003 seconds [static dependencies only]. Details - ImportResultOutputID=742b5e248a2917e4a8a2531d41eddb82 DependenciesID=1ed7f3ab6aad54508ea0bb3cf9c3a862 StaticDependenciesID=e54e6ca546d2ef8093d5045523f9e823 
Importing 'GUID: 0177ee00efab698438288ebb753747ce - Path: Assets/nappin/OfficeEssentialsPack/Prefabs/(Prb)PenHolder.prefab' with importer (PrefabImporter)
Imported 'GUID: 0177ee00efab698438288ebb753747ce' -> (Import Result ID: '5807b791b7f6c74042c81f3fcbd27b45') in 0.003 seconds [static dependencies only]. Details - ImportResultOutputID=c97b086c9a311e3dbc43027cb407ecd8 DependenciesID=5db113f3ce6a12d912f64e89e12a377e StaticDependenciesID=3b59bd4cd8955a0d589c710d636b7b11 
Importing 'GUID: 91c8c6751f26bcc4a9425c9fc23fd227 - Path: Assets/nappin/OfficeEssentialsPack/Prefabs/(Prb)BookPile5.prefab' with importer (PrefabImporter)
Imported 'GUID: 91c8c6751f26bcc4a9425c9fc23fd227' -> (Import Result ID: 'adf0e659c2695b22339ca04631c90a01') in 0.006 seconds [static dependencies only]. Details - ImportResultOutputID=89936ffc3ee5e6f71c937c13d07ab99d DependenciesID=23a19e6bf53ad046a7f9a6eed25f716e StaticDependenciesID=6b513a22e3e08b6be7ba630df76d1b3d 
Importing 'GUID: c1b661568473d8448ab9c3fa53457a08 - Path: Assets/nappin/OfficeEssentialsPack/Prefabs/(Prb)YogaBall.prefab' with importer (PrefabImporter)
Imported 'GUID: c1b661568473d8448ab9c3fa53457a08' -> (Import Result ID: '9c77407ee32902247a0f27d4a8ea7a0c') in 0.002 seconds [static dependencies only]. Details - ImportResultOutputID=15d228af85bacb1cb51e0c1e62fc86d4 DependenciesID=27eed227c369366087c7c5e6c03a1a84 StaticDependenciesID=9fddb50b1ecfcdbb3752444862564553 
Importing 'GUID: f149402989451fe4ab69bfd1ceb5124f - Path: Assets/nappin/OfficeEssentialsPack/Prefabs/(Prb)Shelves3.prefab' with importer (PrefabImporter)
Imported 'GUID: f149402989451fe4ab69bfd1ceb5124f' -> (Import Result ID: '481d0b5baf7afe6bd8b6289bff19ddfa') in 0.002 seconds [static dependencies only]. Details - ImportResultOutputID=d2debac2eeef0d2755b7aea26cef558b DependenciesID=b4cf23f57cefafd0142a5462bc62dd16 StaticDependenciesID=5fe6d93c59f57a8d2ba22b848c9f4d12 
Importing 'GUID: 52d6dcae9530f6f4e9af1bb2b9a6c1fc - Path: Assets/nappin/OfficeEssentialsPack/Prefabs/(Prb)Microwave.prefab' with importer (PrefabImporter)
Imported 'GUID: 52d6dcae9530f6f4e9af1bb2b9a6c1fc' -> (Import Result ID: 'dbcd1059be0c9d82ea7f195d00cf8cfa') in 0.003 seconds [static dependencies only]. Details - ImportResultOutputID=ad16685788304fe3be7dbda148e973b6 DependenciesID=080bb0507f29c559f977524fa09f735e StaticDependenciesID=6b01aaad63b76675013964d6272557c3 
Importing 'GUID: a2e6444451e398844bfa41ba8f0ebfb2 - Path: Assets/nappin/OfficeEssentialsPack/Prefabs/(Prb)PlantBox.prefab' with importer (PrefabImporter)
Imported 'GUID: a2e6444451e398844bfa41ba8f0ebfb2' -> (Import Result ID: '58a599288a80e3b607a738538b5e98dd') in 0.004 seconds [static dependencies only]. Details - ImportResultOutputID=291fcb9ecb1f5ebc47532583b9d061db DependenciesID=d47f0ea59475150362c2b7964a836cd1 StaticDependenciesID=e6fdca56972c7e8d9347d56f7437892f 
Importing 'GUID: b235c805f008f6f4da469f7364846b10 - Path: Assets/nappin/OfficeEssentialsPack/Prefabs/(Prb)CoffeTable.prefab' with importer (PrefabImporter)
Imported 'GUID: b235c805f008f6f4da469f7364846b10' -> (Import Result ID: '81240255f6111336d4f596212c651561') in 0.002 seconds [static dependencies only]. Details - ImportResultOutputID=6b5d689d58d5511741a00c293a909db6 DependenciesID=7bacc6aabf6aaeb8b67203be8250778f StaticDependenciesID=24b92782a3e0581df44676e5dd9bfb0d 
Importing 'GUID: b2baa11c7e87fe941afe32f3c50cc082 - Path: Assets/nappin/OfficeEssentialsPack/Prefabs/(Prb)Clock.prefab' with importer (PrefabImporter)
Imported 'GUID: b2baa11c7e87fe941afe32f3c50cc082' -> (Import Result ID: '6bf87befad2949a3b55d9ce9f0d9826a') in 0.003 seconds [static dependencies only]. Details - ImportResultOutputID=dca0fa6bb517ac641b92c27a2f90cb5f DependenciesID=5ee5368031e3f69bbac7d3c0eb2a93de StaticDependenciesID=e7ba8418dca187fb32536c4829cd103a 
Importing 'GUID: c2f17a2926fbc774d990dd6e286d4fad - Path: Assets/nappin/OfficeEssentialsPack/Prefabs/(Prb)BookOpen.prefab' with importer (PrefabImporter)
Imported 'GUID: c2f17a2926fbc774d990dd6e286d4fad' -> (Import Result ID: 'a5eeceb0bc2dc0b2024ff5fb398878df') in 0.003 seconds [static dependencies only]. Details - ImportResultOutputID=2bc764ec55675b5b283c8c5e5082ac6b DependenciesID=2a8153ba56e06924ad1275ac8caa94b5 StaticDependenciesID=179765accd8934c35159509da3f5d2d4 
Importing 'GUID: 135f561a417209449aa3f0e15225613e - Path: Assets/nappin/OfficeEssentialsPack/Prefabs/(Prb)WaterDispenser.prefab' with importer (PrefabImporter)
Imported 'GUID: 135f561a417209449aa3f0e15225613e' -> (Import Result ID: 'de6994bf63aac996a4155210ae0f0feb') in 0.002 seconds [static dependencies only]. Details - ImportResultOutputID=f07e419d4a12259c31ea78c67187e53f DependenciesID=9951abbfa0080a159ca684bbf4866ca5 StaticDependenciesID=e0db2fd859f703fbc9657ca04e1da24f 
Importing 'GUID: 3461c8d14bc13bb4384505ad2b8b974f - Path: Assets/nappin/OfficeEssentialsPack/Prefabs/(Prb)LoungeChair.prefab' with importer (PrefabImporter)
Imported 'GUID: 3461c8d14bc13bb4384505ad2b8b974f' -> (Import Result ID: '50bcd7a031acb35d1000ae2cbdbce6dd') in 0.002 seconds [static dependencies only]. Details - ImportResultOutputID=eb1086675d47198c44f1b62e1d64a3a6 DependenciesID=b4661cda0dd829e7a769fc6596b7cfa1 StaticDependenciesID=18648cf9cb1b14f3e8dedf4b83ac4f9e 
Importing 'GUID: 744fdfc5e08624943b22ba3c3e353e07 - Path: Assets/nappin/OfficeEssentialsPack/Prefabs/(Prb)Sofa1.prefab' with importer (PrefabImporter)
Imported 'GUID: 744fdfc5e08624943b22ba3c3e353e07' -> (Import Result ID: 'c1512d71e46a44749838e8c6537e0875') in 0.003 seconds [static dependencies only]. Details - ImportResultOutputID=bebfb3406fccd7198d6376bfee0f201d DependenciesID=2b5f6f9891b569e1ff06f3a45525dede StaticDependenciesID=b171734d81d6db87de53b6fd3335c48c 
Importing 'GUID: c4769332a3574e543a8455feae3cc05d - Path: Assets/nappin/OfficeEssentialsPack/Prefabs/(Prb)Projector.prefab' with importer (PrefabImporter)
Imported 'GUID: c4769332a3574e543a8455feae3cc05d' -> (Import Result ID: '39b512b11156f54630cafd0826f28abe') in 0.003 seconds [static dependencies only]. Details - ImportResultOutputID=343fe36a53061a2737453ee2a53ff2ea DependenciesID=45425f21eff6eece4faec9674487ca94 StaticDependenciesID=2c87364a08ddbbc04fc586a2b7b2203e 
Importing 'GUID: 458271fb06e38ef4abfe60d080c61a94 - Path: Assets/nappin/OfficeEssentialsPack/Prefabs/(Prb)TrashCan.prefab' with importer (PrefabImporter)
Imported 'GUID: 458271fb06e38ef4abfe60d080c61a94' -> (Import Result ID: '9957c8efc4be8e0f963f8e0dbd284a19') in 0.003 seconds [static dependencies only]. Details - ImportResultOutputID=50bd41a011f0004e3d45b34ddc58fb87 DependenciesID=5e46c2f12aa91cf26d854b47d0765a01 StaticDependenciesID=74f3db28d8d0b33b6fe2739ebc9e18dd 
Importing 'GUID: a5ac041b79f79364ca8481b503332787 - Path: Assets/nappin/OfficeEssentialsPack/Prefabs/(Prb)PC.prefab' with importer (PrefabImporter)
Imported 'GUID: a5ac041b79f79364ca8481b503332787' -> (Import Result ID: '3aaffa63e36ec462fcd24d4a94579f52') in 0.003 seconds [static dependencies only]. Details - ImportResultOutputID=4f354be6ed4ebd2eb1460b5690f868db DependenciesID=fbfb0ada46e3e345d52cb8d5f4e0df12 StaticDependenciesID=e4901bb6f68e87bbc5c32568340fb0e3 
Importing 'GUID: c53fe300edecc524f9f511dc58792d47 - Path: Assets/nappin/OfficeEssentialsPack/Prefabs/(Prb)BigDrawer.prefab' with importer (PrefabImporter)
Imported 'GUID: c53fe300edecc524f9f511dc58792d47' -> (Import Result ID: '57d07cc9dfdff765a11696aada59e5b5') in 0.003 seconds [static dependencies only]. Details - ImportResultOutputID=58f69156de47fcd1e4bfa578187fea33 DependenciesID=84bb76af3d1111844ece2abd00e5b4ed StaticDependenciesID=757dd0119fd1df75fed193bfe153a9c8 
Importing 'GUID: 067fb86e8e4f5744a82f28c508805f86 - Path: Assets/nappin/OfficeEssentialsPack/Prefabs/(Prb)Desk2.prefab' with importer (PrefabImporter)
Imported 'GUID: 067fb86e8e4f5744a82f28c508805f86' -> (Import Result ID: 'e5fdf0e7ba20b1e2b4abca184ca18885') in 0.002 seconds [static dependencies only]. Details - ImportResultOutputID=ccb2c9ee910f6592c89cc75faf290cec DependenciesID=bfe9d4a9cdffbaf1d895eb1e17ecd88e StaticDependenciesID=1133de29da54b73db4a63732b84b0ee3 
Importing 'GUID: 26a2420e41111fa4384c8adc35b250b1 - Path: Assets/nappin/OfficeEssentialsPack/Prefabs/(Prb)BookPile4.prefab' with importer (PrefabImporter)
Imported 'GUID: 26a2420e41111fa4384c8adc35b250b1' -> (Import Result ID: '2c13e978c8b37c9c54e8abe1299a4f1d') in 0.003 seconds [static dependencies only]. Details - ImportResultOutputID=bb36b68491e98a188bfe92b5408a14a6 DependenciesID=667386d614839f9ec9603972a6dff170 StaticDependenciesID=fb3937cb20c09b3f2c8771ab70afc7e2 
Importing 'GUID: 7695c0d2e92da0e4f8d08c7909230b47 - Path: Assets/nappin/OfficeEssentialsPack/Prefabs/(Prb)BookPile1.prefab' with importer (PrefabImporter)
Imported 'GUID: 7695c0d2e92da0e4f8d08c7909230b47' -> (Import Result ID: 'b4432e4f53545460a84d810b77a183d9') in 0.002 seconds [static dependencies only]. Details - ImportResultOutputID=73c7524b19605064c594e4aaea20eb70 DependenciesID=275f0e5be5baceb5c29be3c042db6457 StaticDependenciesID=e705b96fdcc0966a0cf26695ba5162a2 
Importing 'GUID: 76a7e6c2e588e024d85efa115fe688c2 - Path: Assets/nappin/OfficeEssentialsPack/Prefabs/(Prb)SmokeDetector.prefab' with importer (PrefabImporter)
Imported 'GUID: 76a7e6c2e588e024d85efa115fe688c2' -> (Import Result ID: '0f1c80764d76b1ada35c17d491922f12') in 0.002 seconds [static dependencies only]. Details - ImportResultOutputID=f6bb43b8d231176cd08047c659efc0fa DependenciesID=1d7d8fec3e3dc5ef5b2449cc5f5b654d StaticDependenciesID=1c9634b9ac2e954f1c56ab7f9c3dc879 
Importing 'GUID: 3713613c4ffcd6945900432c53af79b8 - Path: Assets/nappin/OfficeEssentialsPack/Prefabs/(Prb)OfficeChair.prefab' with importer (PrefabImporter)
Imported 'GUID: 3713613c4ffcd6945900432c53af79b8' -> (Import Result ID: '9a6e56f4c9c9e6ee67d0566285e1e295') in 0.003 seconds [static dependencies only]. Details - ImportResultOutputID=44d87ebef493077a59241cc3de281834 DependenciesID=3c7411cbc86a6a015d108e69b5f9411f StaticDependenciesID=f09dff81adf25dad0b4104143d738363 
Importing 'GUID: 57addd97d1055424daebeb70d461be6d - Path: Assets/nappin/OfficeEssentialsPack/Prefabs/(Prb)BookPile6.prefab' with importer (PrefabImporter)
Imported 'GUID: 57addd97d1055424daebeb70d461be6d' -> (Import Result ID: '27e96b8a0ba07e37ab256312709db061') in 0.010 seconds [static dependencies only]. Details - ImportResultOutputID=f477988ab3bca5d40c4332a8987ff9f6 DependenciesID=70114de0078201d44eca3d9ba23d7518 StaticDependenciesID=c5ddd2de4d1dfde9e9630ba883d69bc7 
Importing 'GUID: 676edecf7cf6d7645a15b3550dce3e70 - Path: Assets/nappin/OfficeEssentialsPack/Prefabs/(Prb)Drawer1.prefab' with importer (PrefabImporter)
Imported 'GUID: 676edecf7cf6d7645a15b3550dce3e70' -> (Import Result ID: 'cf16a08db1f0f67a0d77935765fd4068') in 0.002 seconds [static dependencies only]. Details - ImportResultOutputID=8dec41ee0e67cf977029247905e79978 DependenciesID=f442358616525280a3c9bee726e002af StaticDependenciesID=d68a0e7b4af0dadc629da622bfdcb33e 
Importing 'GUID: 09786b2145094304f8e76c50e272040f - Path: Assets/nappin/OfficeEssentialsPack/Prefabs/(Prb)Plant1.prefab' with importer (PrefabImporter)
Imported 'GUID: 09786b2145094304f8e76c50e272040f' -> (Import Result ID: '7dc9778a9d708c28dc6b98a5fe63657b') in 0.003 seconds [static dependencies only]. Details - ImportResultOutputID=e458611a62632f280caa35ea7c1bd33b DependenciesID=60946f1eb46275a136387a8e0f70d237 StaticDependenciesID=831c6a7c5c47f9a635055d8d071c478a 
Importing 'GUID: 39ce2aae8ff6f9148acb0e82db36ee1d - Path: Assets/nappin/OfficeEssentialsPack/Prefabs/(Prb)Stapler.prefab' with importer (PrefabImporter)
Imported 'GUID: 39ce2aae8ff6f9148acb0e82db36ee1d' -> (Import Result ID: '77a41881980d3412c83db9819336df03') in 0.002 seconds [static dependencies only]. Details - ImportResultOutputID=96a1cc1b3b84ac94e5d6d40fa3b15877 DependenciesID=b4ec5502ed70f512d70fb95c5ac20ca1 StaticDependenciesID=81c6f69d98615085b72a9daafb65f43e 
Importing 'GUID: 494d1072afe81fe449dc0c5b43fb5099 - Path: Assets/nappin/OfficeEssentialsPack/Prefabs/(Prb)Mug.prefab' with importer (PrefabImporter)
Imported 'GUID: 494d1072afe81fe449dc0c5b43fb5099' -> (Import Result ID: '5a7de39de88a48051818f5c48b91b0c3') in 0.002 seconds [static dependencies only]. Details - ImportResultOutputID=68ee4474b901a7760a6f0f4a04ce83b0 DependenciesID=675de9f0b8ba2e73dd9c3765e65fa649 StaticDependenciesID=5cc5f9665cf4862f5f75dda76d4a8c92 
Importing 'GUID: 89cfaf2600805bd4f9562f6e545966f7 - Path: Assets/nappin/OfficeEssentialsPack/Prefabs/(Prb)Window.prefab' with importer (PrefabImporter)
Imported 'GUID: 89cfaf2600805bd4f9562f6e545966f7' -> (Import Result ID: '83f83a34b7d6013b755ff3768c44dff6') in 0.002 seconds [static dependencies only]. Details - ImportResultOutputID=3ab5c57c101bd01ff7588af1a8e976e1 DependenciesID=cd30dd91db538e279df3f425ceff84b6 StaticDependenciesID=6059bac9b0d2d71bf0f96471f06e56ce 
Importing 'GUID: aae064ec06860f04787f3ee19de1c0c1 - Path: Assets/nappin/OfficeEssentialsPack/Prefabs/(Prb)Printer.prefab' with importer (PrefabImporter)
Imported 'GUID: aae064ec06860f04787f3ee19de1c0c1' -> (Import Result ID: '466772e39ac7283c121d25cc7d1be406') in 0.002 seconds [static dependencies only]. Details - ImportResultOutputID=a875057a91546e9928482379e0da68c6 DependenciesID=3df0a025bd63fba883d490340ed4719f StaticDependenciesID=442c61a3c8082199ad9b2c5aca00018d 
Importing 'GUID: fa8eb2eb998ad8c489fe86794b62dfe1 - Path: Assets/nappin/OfficeEssentialsPack/Prefabs/(Prb)Shelves1.prefab' with importer (PrefabImporter)
Imported 'GUID: fa8eb2eb998ad8c489fe86794b62dfe1' -> (Import Result ID: 'b21eda07271487561ac15bea3e44c192') in 0.002 seconds [static dependencies only]. Details - ImportResultOutputID=8875dff2e15d88798661352fe5410060 DependenciesID=3e25846976017f30ed78426ecb467a62 StaticDependenciesID=d85ba27c07ff52724340c4ffff5f3975 
Importing 'GUID: 0b7123567dcb2a14e931f2bfcecef8ff - Path: Assets/nappin/OfficeEssentialsPack/Prefabs/(Prb)CeilingLight1.prefab' with importer (PrefabImporter)
Imported 'GUID: 0b7123567dcb2a14e931f2bfcecef8ff' -> (Import Result ID: '9efe21a488fe668a6a3387b5b3831163') in 0.002 seconds [static dependencies only]. Details - ImportResultOutputID=0114ce86972608a4a2f69a120d1a4301 DependenciesID=443cd82becff626d630f13b4bfce60a4 StaticDependenciesID=c9128f2acfae8d9f80526e232b6768eb 
Importing 'GUID: eba40b33cd75dfc4e86e9604170d19f9 - Path: Assets/nappin/OfficeEssentialsPack/Prefabs/(Prb)Desk1.prefab' with importer (PrefabImporter)
Imported 'GUID: eba40b33cd75dfc4e86e9604170d19f9' -> (Import Result ID: 'd17aa009635f8153cd67919b916af02c') in 0.002 seconds [static dependencies only]. Details - ImportResultOutputID=d3325b18a6d78d4f0a2aa89a5bf19726 DependenciesID=ba73b687a27081236b2e02b3a8037c2f StaticDependenciesID=6377e82c1ad7ec53c5d063c6d0eea74e 
Importing 'GUID: 2c6803eaefbe99844936e0fdb90f45b0 - Path: Assets/nappin/OfficeEssentialsPack/Prefabs/(Prb)Fatboy.prefab' with importer (PrefabImporter)
Imported 'GUID: 2c6803eaefbe99844936e0fdb90f45b0' -> (Import Result ID: '36679321abf8613aa5a6e3928af96053') in 0.002 seconds [static dependencies only]. Details - ImportResultOutputID=e5de09e01c1ffe9665681d0c04a89ffb DependenciesID=cac592de02d81cc9b1d39c030f131715 StaticDependenciesID=e89d466c6b5e54e0a73de619f0d400bb 
Importing 'GUID: 4c2b4033ea200a340bdf5dd2b0145174 - Path: Assets/nappin/OfficeEssentialsPack/Prefabs/(Prb)Sofa3.prefab' with importer (PrefabImporter)
Imported 'GUID: 4c2b4033ea200a340bdf5dd2b0145174' -> (Import Result ID: '22d348b70e4b02cb56b98a1651f0e32f') in 0.002 seconds [static dependencies only]. Details - ImportResultOutputID=1a12fc0c4118bb8579dba6ecb9230bbf DependenciesID=7bf1f5f7bfbe6e7a99f166f4455012a2 StaticDependenciesID=372cb4d749d3d5be8ba2fdc3de794c87 
Importing 'GUID: 5c3e1f6875120eb49a705fe9d38e51e9 - Path: Assets/nappin/OfficeEssentialsPack/Prefabs/(Prb)Shelves2.prefab' with importer (PrefabImporter)
Imported 'GUID: 5c3e1f6875120eb49a705fe9d38e51e9' -> (Import Result ID: 'c4b73a3c175d7d36026914f6b133df76') in 0.002 seconds [static dependencies only]. Details - ImportResultOutputID=e51f8ec95f0dfaf87bbaa1acc0f387ec DependenciesID=c2943a60abec3d9ace969af2491ce893 StaticDependenciesID=f6cd36e8a46345d8fb214a6f1d0ab39e 
Importing 'GUID: 7c525024ae8431e45b357520bb8407a6 - Path: Assets/nappin/OfficeEssentialsPack/Prefabs/(Prb)CoffePot.prefab' with importer (PrefabImporter)
Imported 'GUID: 7c525024ae8431e45b357520bb8407a6' -> (Import Result ID: 'ad917c1bb581659f66ef1e8fde24b331') in 0.002 seconds [static dependencies only]. Details - ImportResultOutputID=c84f2a45cdf534ca4787a9002c63c39e DependenciesID=e410dbca7e81ab6dccd099797e0cac09 StaticDependenciesID=e0bee5192844997c7a5537ced0e9305f 
Importing 'GUID: 9cf94939f3dfab54eb62e181bdc60594 - Path: Assets/nappin/OfficeEssentialsPack/Prefabs/(Prb)Sofa2.prefab' with importer (PrefabImporter)
Imported 'GUID: 9cf94939f3dfab54eb62e181bdc60594' -> (Import Result ID: '8ec7bcb24648e4978bd8851a1fdb1b79') in 0.002 seconds [static dependencies only]. Details - ImportResultOutputID=f540134aa45bd83752b4c85906c27d41 DependenciesID=718d37b096d4228d6ba62db613e3b43a StaticDependenciesID=4b19e66de9e9870da1d072419a5129e4 
Importing 'GUID: cc05ee3ee5dd90e47863e933663f5eba - Path: Assets/nappin/OfficeEssentialsPack/Prefabs/(Prb)DeskPrinter.prefab' with importer (PrefabImporter)
Imported 'GUID: cc05ee3ee5dd90e47863e933663f5eba' -> (Import Result ID: '69e39ed9cb659706398a5ad0ebb1a720') in 0.002 seconds [static dependencies only]. Details - ImportResultOutputID=8f748accde62e550e6423935b70d349f DependenciesID=182a3a59cd4af79a6cae84ac24249c7d StaticDependenciesID=ded5892d59659be2e271499954163ded 
Importing 'GUID: fc0dfbc5d3b0784439b0dd1fb69c4b12 - Path: Assets/nappin/OfficeEssentialsPack/Prefabs/(Prb)CeilingLight2.prefab' with importer (PrefabImporter)
Imported 'GUID: fc0dfbc5d3b0784439b0dd1fb69c4b12' -> (Import Result ID: '533da27fb539a485114ed9c8124eda40') in 0.002 seconds [static dependencies only]. Details - ImportResultOutputID=d5e68858d6fe6a6423223ee31ba5e335 DependenciesID=9d5f9c72af1e421e211bb0d839402d82 StaticDependenciesID=2c75695ea186a8294078fe68d7b3025d 
Importing 'GUID: 2db51a3ce7d7fe34a934d68f0c488f54 - Path: Assets/nappin/OfficeEssentialsPack/Prefabs/(Prb)Plant2.prefab' with importer (PrefabImporter)
Imported 'GUID: 2db51a3ce7d7fe34a934d68f0c488f54' -> (Import Result ID: '6ab2598ff6b7ff8a49254288819c6947') in 0.003 seconds [static dependencies only]. Details - ImportResultOutputID=9dfca3d3a236f8fa650fb0c17083c340 DependenciesID=49a465e2ff43bdbb7e0d9d579d7d7e0f StaticDependenciesID=46e1db9b7c4713d080dc598fa4aecb2a 
Importing 'GUID: 7df07a42d42030b49a881233f734958a - Path: Assets/nappin/OfficeEssentialsPack/Prefabs/(Prb)CeilingFan.prefab' with importer (PrefabImporter)
Imported 'GUID: 7df07a42d42030b49a881233f734958a' -> (Import Result ID: '1a508c19e26f3192c92dc4212e10f296') in 0.002 seconds [static dependencies only]. Details - ImportResultOutputID=56c31fd249f2c07d48f49e02da5cef82 DependenciesID=60e59c8b241362db3f55498767bade3d StaticDependenciesID=75f032e85aa52fe101ead50c0e25b99f 
Importing 'GUID: ed097709fffbe46488ab5df91f69939c - Path: Assets/nappin/OfficeEssentialsPack/Prefabs/(Prb)KitchenModule.prefab' with importer (PrefabImporter)
Imported 'GUID: ed097709fffbe46488ab5df91f69939c' -> (Import Result ID: '58d05199f0d4a6f1f53b86c8a08037e6') in 0.002 seconds [static dependencies only]. Details - ImportResultOutputID=8f0afe9c7df4b41c308cb79cfcf24fac DependenciesID=3c73007afbd081f7e2431a36f883e17b StaticDependenciesID=db40d9cd90288cc252cffc26e0767f2a 
Importing 'GUID: fd9a0b6c96158cf4291ea793dcd09c5e - Path: Assets/nappin/OfficeEssentialsPack/Prefabs/(Prb)SeparatorDoor.prefab' with importer (PrefabImporter)
Imported 'GUID: fd9a0b6c96158cf4291ea793dcd09c5e' -> (Import Result ID: '59419e164d0ef39697e5eb868a3d9a32') in 0.002 seconds [static dependencies only]. Details - ImportResultOutputID=5fbb3b3d3a431d8f4a912c8cff1cfef2 DependenciesID=ced820b782acd97357f40f71ebcd62ad StaticDependenciesID=5cc48e3dfe5db572c368cfb673fd0f11 
Importing 'GUID: 1eba6e825e1b0ba4db1d042de5c08e44 - Path: Assets/nappin/OfficeEssentialsPack/Prefabs/(Prb)Drawer3.prefab' with importer (PrefabImporter)
Imported 'GUID: 1eba6e825e1b0ba4db1d042de5c08e44' -> (Import Result ID: '30b59bcbc11b7c94975000da6f442e09') in 0.002 seconds [static dependencies only]. Details - ImportResultOutputID=0a5629de777d94e1d8565eab8c6303e8 DependenciesID=793960d842e2186ecaecf78b086a83e7 StaticDependenciesID=d27acc13e1ef8123652d84cbbf443092 
Importing 'GUID: 3e20fca3c99e79e478de1650318e27f1 - Path: Assets/nappin/OfficeEssentialsPack/Prefabs/(Prb)PCCase.prefab' with importer (PrefabImporter)
Imported 'GUID: 3e20fca3c99e79e478de1650318e27f1' -> (Import Result ID: 'fa9e6ab6fddc26d4a5110f7881acf136') in 0.002 seconds [static dependencies only]. Details - ImportResultOutputID=ccecfa9ab4018de8459849725aed1e4e DependenciesID=93ceb8059922dbe2cb89775c4df94afc StaticDependenciesID=552018758cf3e0d3daab9bcef24b2802 
Importing 'GUID: 5fab3d9a08a16ed429bbc510962997d8 - Path: Assets/nappin/OfficeEssentialsPack/Prefabs/(Prb)VendingMachine.prefab' with importer (PrefabImporter)
Imported 'GUID: 5fab3d9a08a16ed429bbc510962997d8' -> (Import Result ID: '0da0cd5c506aa6d34c313a761627b579') in 0.020 seconds [static dependencies only]. Details - ImportResultOutputID=48c072bffdff22849b0e15947073a32a DependenciesID=55d488d39912baa52936e8ea854f54c5 StaticDependenciesID=315b3e2465495ec325e77b2d14ddc307 
Importing 'GUID: 6f7b9206e8634ed49be22ce24b106709 - Path: Assets/nappin/OfficeEssentialsPack/Prefabs/(Prb)DocumentHolder.prefab' with importer (PrefabImporter)
Imported 'GUID: 6f7b9206e8634ed49be22ce24b106709' -> (Import Result ID: 'd5cca1dbde91282890196100458eefbd') in 0.002 seconds [static dependencies only]. Details - ImportResultOutputID=f5e593718b597649e686b317c61efaae DependenciesID=974f34fa7420141ea4317fb223ddf863 StaticDependenciesID=7ddf1b0d95d7212e0152490a5d6b7acc 
Importing 'GUID: 8ff4ad687e8a081468b81cfdd2d710e4 - Path: Assets/nappin/OfficeEssentialsPack/Prefabs/(Prb)Drawer2.prefab' with importer (PrefabImporter)
Imported 'GUID: 8ff4ad687e8a081468b81cfdd2d710e4' -> (Import Result ID: '2b82535fcb4bfe58073f8b171ed571b5') in 0.002 seconds [static dependencies only]. Details - ImportResultOutputID=cf312d4f98d885bc187cac6b3af3e143 DependenciesID=02ee2fed263d2a95ed9f5035fc40cb87 StaticDependenciesID=c06a86317307543d90f0e40c4d167d14 
Importing 'GUID: cffe7cb1f1e958f4bb79310e7b1d96e5 - Path: Assets/nappin/OfficeEssentialsPack/Prefabs/(Prb)BookPile7.prefab' with importer (PrefabImporter)
Imported 'GUID: cffe7cb1f1e958f4bb79310e7b1d96e5' -> (Import Result ID: '1724c9be3acdbe9248db55a56ebad15e') in 0.010 seconds [static dependencies only]. Details - ImportResultOutputID=58c76ab2c07d7e75712abab36e4818b6 DependenciesID=26164f06f3502e426bd115373e641769 StaticDependenciesID=191a4cf895731765647617ed49d5a323 

Asset Pipeline Refresh (id=48565e93e19ebf845bab7dd28c075e14): Total: 3.848 seconds - Initiated by RefreshV2(ForceSynchronousImport)
	(Values over 0.05ms)
	Summary:
		Imports: total=147 (actual=147, local cache=0, cache server=0)
		Asset DB Process Time: managed=23 ms, native=3756 ms
		Asset DB Callback time: managed=50 ms, native=17 ms
		Scripting: domain reloads=0, domain reload time=0 ms, compile time=0 ms, other=0 ms
		Project Asset Count: scripts=176, non-scripts=202
		Asset File Changes: new=147, changed=147, moved=0, deleted=0
		Scan Filter Count: 0
	InvokePackagesCallback: 1.116ms
	ApplyChangesToAssetFolders: 0.105ms
	Scan: 200.983ms
	Collect global state as custom dependencies: 0.346ms
	OnSourceAssetsModified: 0.426ms
	CategorizeAssets: 2.220ms
	ImportOutOfDateAssets: 3569.016ms (8.740ms without children)
		ImportManagerImport: 3559.585ms (33.991ms without children)
			UpdateCategorizedAssets: 0.443ms
		UnloadImportedAssets: 0.166ms
		ImportSchedulerStart: 0.473ms
	PostProcessAllAssets: 64.656ms
		VersionControlSettings.HiddenFilePostprocess 1.607ms
		PostprocessAssetsUpdateCachedIcon 0.378ms
		PostProcessCallbackCreateDeferredMaterials 0.224ms
		ShaderAssetModifiedCallback 0.210ms
		RaytracingShaderImportPostprocess 0.202ms
		ComputeShaderImportPostprocess 0.191ms
		SpeedTreeImporter.PostprocessAllAssets 0.144ms
		LocalizationDatabase.AssetDatabasePostprocessCallback 0.143ms
		BlockShaderImporter.PostprocessAllAssets 0.079ms
		AssemblyValidation.PostprocessAllAssets 0.077ms
		MonoPostProcessAllAssets: 48.029ms
			SyncVS.PostprocessSyncProject 37.598ms
			AssetPostprocessor.OnPostprocessAllAssets 6.505ms
			TextAssetPostProcessor.OnPostprocessAllAssets 1.269ms
			AssetChangedListener.OnPostprocessAllAssets 1.070ms
			ConfigAssetsTracker.OnPostprocessAllAssets 0.561ms
			SpeedTree9Postprocessor.OnPostprocessAllAssets 0.098ms
	PostAssetChangesProfiler: 2.244ms
	UnloadStreamsBegin: 1.729ms
	PersistCurrentRevisions: 0.256ms
	Untracked: 4.486ms

Asset Pipeline Refresh (id=0abee7aa9d55be94ca522df45e493148): Total: 0.012 seconds - Initiated by RefreshV2(ForceSynchronousImport)
Asset Pipeline Refresh (id=0a2498a94be2b46458e9bc8f658908a9): Total: 0.003 seconds - Initiated by RefreshV2(AllowForceSynchronousImport)
[Worker0] Imported GUID: 538ebcc8575799746881a05c02d1ae04 - Path: Assets/nappin/OfficeEssentialsPack/Models/(Msh)Clock.fbx - Importer: ScriptedImporter/UnityEditor.QuickSearchModule:UnityEditor.Search:ASIAI0B -> (ImportResultId: 'ae5aac1eaaaa9d72382dd07616fe4297') in 0.1212008 seconds
[Worker0] Imported GUID: fb698345bbbc4d74ba2ca7b2bb59eb9d - Path: Assets/nappin/OfficeEssentialsPack/Materials/(Mat)GradientOrange.mat - Importer: ScriptedImporter/UnityEditor.QuickSearchModule:UnityEditor.Search:ASIAI0B -> (ImportResultId: 'f20e57f37809c13db2a2d7b339ba0bd8') in 0.1320801 seconds
[Worker0] Imported GUID: eb0f168ce60c9424896bd8c33ac3f2c9 - Path: Assets/nappin/OfficeEssentialsPack/Materials/(Mat)GradientBeige.mat - Importer: ScriptedImporter/UnityEditor.QuickSearchModule:UnityEditor.Search:ASIAI0B -> (ImportResultId: '3132c2373aeddb0ea03e193d222f95c9') in 0.0074984 seconds
[Worker0] Imported GUID: cc31666f2d3c78648838b47abbc333f8 - Path: Assets/nappin/OfficeEssentialsPack/Models/(Msh)BookPile3.fbx - Importer: ScriptedImporter/UnityEditor.QuickSearchModule:UnityEditor.Search:ASIAI0B -> (ImportResultId: '6b271f26ad10869bc00b1546e1fc8edb') in 0.0332245 seconds
[Worker0] Imported GUID: 95d691d1ae476e049b3ca1db2f7b4c0d - Path: Assets/nappin/OfficeEssentialsPack/Materials/(Mat)GradientDarkGreen.mat - Importer: ScriptedImporter/UnityEditor.QuickSearchModule:UnityEditor.Search:ASIAI0B -> (ImportResultId: 'b7de0793bfe57980812a5c9cfd9c870f') in 0.0095503 seconds
[Worker0] Imported GUID: c53fe300edecc524f9f511dc58792d47 - Path: Assets/nappin/OfficeEssentialsPack/Prefabs/(Prb)BigDrawer.prefab - Importer: ScriptedImporter/UnityEditor.QuickSearchModule:UnityEditor.Search:ASIAI0B -> (ImportResultId: '2e46f75529ce5d6c61b3ed613558cf18') in 0.0243367 seconds
[Worker0] Imported GUID: 3a3cfcf7e16d943438d2bae99ffa6534 - Path: Assets/nappin/OfficeEssentialsPack/Models/(Msh)PenHolder.fbx - Importer: ScriptedImporter/UnityEditor.QuickSearchModule:UnityEditor.Search:ASIAI0B -> (ImportResultId: '0725988d537c8cb3f8e132203fb26eae') in 0.0128117 seconds
[Worker0] Imported GUID: cc05ee3ee5dd90e47863e933663f5eba - Path: Assets/nappin/OfficeEssentialsPack/Prefabs/(Prb)DeskPrinter.prefab - Importer: ScriptedImporter/UnityEditor.QuickSearchModule:UnityEditor.Search:ASIAI0B -> (ImportResultId: '516d18aa85e29fd99efddd6ce2e6a4af') in 0.0029818 seconds
[Worker0] Imported GUID: ecce3f1d808befa47abc1b334d5016f8 - Path: Assets/nappin/OfficeEssentialsPack/Models/(Msh)YogaBall.fbx - Importer: ScriptedImporter/UnityEditor.QuickSearchModule:UnityEditor.Search:ASIAI0B -> (ImportResultId: 'fafb043580525400c79dffae38e1e264') in 0.0071138 seconds
[Worker0] Imported GUID: 20fb32c38fa4cf14c98f0e754db93073 - Path: Assets/nappin/OfficeEssentialsPack/Prefabs/(Prb)BookPile3.prefab - Importer: ScriptedImporter/UnityEditor.QuickSearchModule:UnityEditor.Search:ASIAI0B -> (ImportResultId: '0ce55457985092d528af965dda4fe589') in 0.0054316 seconds
[Worker0] Imported GUID: 3e20fca3c99e79e478de1650318e27f1 - Path: Assets/nappin/OfficeEssentialsPack/Prefabs/(Prb)PCCase.prefab - Importer: ScriptedImporter/UnityEditor.QuickSearchModule:UnityEditor.Search:ASIAI0B -> (ImportResultId: '11ad6f4f859ebdfa35875562d7ca12bd') in 0.0030546 seconds
[Worker0] Imported GUID: c6d6a7c580195fe44a44bda65534cc89 - Path: Assets/nappin/OfficeEssentialsPack/readme.txt - Importer: ScriptedImporter/UnityEditor.QuickSearchModule:UnityEditor.Search:ASIAI0B -> (ImportResultId: '177489c1161c5a4f1f48731e05ea72b3') in 0.002348 seconds
[Worker0] Imported GUID: 898aea206a1830c41bd91fa0978f4c35 - Path: Assets/nappin/OfficeEssentialsPack/Models/(Msh)BookPile4.fbx - Importer: ScriptedImporter/UnityEditor.QuickSearchModule:UnityEditor.Search:ASIAI0B -> (ImportResultId: 'e43b83ec626cdd183d85f363978465c6') in 0.0162816 seconds
[Worker0] Imported GUID: 0177ee00efab698438288ebb753747ce - Path: Assets/nappin/OfficeEssentialsPack/Prefabs/(Prb)PenHolder.prefab - Importer: ScriptedImporter/UnityEditor.QuickSearchModule:UnityEditor.Search:ASIAI0B -> (ImportResultId: '97b66311a1744a1a0d85bd381f35e372') in 0.0077665 seconds
[Worker0] Imported GUID: 135f561a417209449aa3f0e15225613e - Path: Assets/nappin/OfficeEssentialsPack/Prefabs/(Prb)WaterDispenser.prefab - Importer: ScriptedImporter/UnityEditor.QuickSearchModule:UnityEditor.Search:ASIAI0B -> (ImportResultId: '714dc9eaeed022f78bd5317cb574791f') in 0.0036441 seconds
[Worker0] Imported GUID: 0b7123567dcb2a14e931f2bfcecef8ff - Path: Assets/nappin/OfficeEssentialsPack/Prefabs/(Prb)CeilingLight1.prefab - Importer: ScriptedImporter/UnityEditor.QuickSearchModule:UnityEditor.Search:ASIAI0B -> (ImportResultId: 'dcf0b5fe139d380b1950b65d177f42fe') in 0.0033483 seconds
[Worker0] Imported GUID: ad2591d1028f32d4a8bae13135f480f7 - Path: Assets/nappin/OfficeEssentialsPack/Materials/(Mat)EmissiveWarm.mat - Importer: ScriptedImporter/UnityEditor.QuickSearchModule:UnityEditor.Search:ASIAI0B -> (ImportResultId: 'd215d578c981c783f3021706a133ead6') in 0.0034688 seconds
[Worker0] Imported GUID: 7f64eac4bd640ef44ae0187dbfcb4089 - Path: Assets/nappin/OfficeEssentialsPack/Materials/(Mat)GradientBlack.mat - Importer: ScriptedImporter/UnityEditor.QuickSearchModule:UnityEditor.Search:ASIAI0B -> (ImportResultId: '263b56af417e069fafe58f32d94f2c2b') in 0.0051426 seconds
[Worker0] Imported GUID: 4c2b4033ea200a340bdf5dd2b0145174 - Path: Assets/nappin/OfficeEssentialsPack/Prefabs/(Prb)Sofa3.prefab - Importer: ScriptedImporter/UnityEditor.QuickSearchModule:UnityEditor.Search:ASIAI0B -> (ImportResultId: 'f8d38140c96f9cf24dc543a0684e5607') in 0.0047592 seconds
[Worker0] Imported GUID: 7ab63061358801f488d75d9c35dc8b26 - Path: Assets/nappin/OfficeEssentialsPack/Models/(Msh)VendingMachine.fbx - Importer: ScriptedImporter/UnityEditor.QuickSearchModule:UnityEditor.Search:ASIAI0B -> (ImportResultId: 'cd6f9789e71d3d8159b1df4c25d8b9ce') in 0.0223704 seconds
[Worker0] Imported GUID: dfe416dbdccccb0449425356461d7c67 - Path: Assets/nappin/OfficeEssentialsPack/Models/(Msh)Stapler.fbx - Importer: ScriptedImporter/UnityEditor.QuickSearchModule:UnityEditor.Search:ASIAI0B -> (ImportResultId: '405a25d82922f55d3006e058ebc6afe0') in 0.006043 seconds
[Worker0] Imported GUID: b9f59c5a0fa9eec4698152c59791ae76 - Path: Assets/nappin/OfficeEssentialsPack/Models/(Msh)TrashCan.fbx - Importer: ScriptedImporter/UnityEditor.QuickSearchModule:UnityEditor.Search:ASIAI0B -> (ImportResultId: 'd2a9ffd64a3852070e751c6058eb5786') in 0.0076043 seconds
[Worker0] Imported GUID: 3978e0eca0f17684d8cd75e9959471bb - Path: Assets/nappin/OfficeEssentialsPack/Models/(Msh)DeskPlant.fbx - Importer: ScriptedImporter/UnityEditor.QuickSearchModule:UnityEditor.Search:ASIAI0B -> (ImportResultId: 'cabd374777e96c12bb7987fa7ec1cd9a') in 0.0085859 seconds
[Worker0] Imported GUID: 63434af8d15cb5840a1965b4ee99f420 - Path: Assets/nappin/OfficeEssentialsPack/Models/(Msh)PCCase.fbx - Importer: ScriptedImporter/UnityEditor.QuickSearchModule:UnityEditor.Search:ASIAI0B -> (ImportResultId: 'f48ac3408234bfdf5c1cfdb98e81982c') in 0.0055212 seconds
[Worker0] Imported GUID: 7b03297d5fa5a384aa16d9aabd94ff93 - Path: Assets/nappin/OfficeEssentialsPack/Models/(Msh)Plant1.fbx - Importer: ScriptedImporter/UnityEditor.QuickSearchModule:UnityEditor.Search:ASIAI0B -> (ImportResultId: '8236178765c2568b5d386ca11f7d7702') in 0.0073821 seconds
[Worker0] Imported GUID: cffe7cb1f1e958f4bb79310e7b1d96e5 - Path: Assets/nappin/OfficeEssentialsPack/Prefabs/(Prb)BookPile7.prefab - Importer: ScriptedImporter/UnityEditor.QuickSearchModule:UnityEditor.Search:ASIAI0B -> (ImportResultId: '61770b25f4f48fe59a481402e8905f48') in 0.0166481 seconds
[Worker0] Imported GUID: db6ea0fd984528c49ab939f5eb5d660e - Path: Assets/nappin/OfficeEssentialsPack/Models/(Msh)CeilingLight2.fbx - Importer: ScriptedImporter/UnityEditor.QuickSearchModule:UnityEditor.Search:ASIAI0B -> (ImportResultId: 'df695e4ef1f91d08a629e598622d4a9c') in 0.0070934 seconds
[Worker0] Imported GUID: 2a975253b89f03147813702ebc3dfa98 - Path: Assets/nappin/OfficeEssentialsPack/Models/(Msh)Drawer3.fbx - Importer: ScriptedImporter/UnityEditor.QuickSearchModule:UnityEditor.Search:ASIAI0B -> (ImportResultId: '5fc18acd11d52f03b33fe6d70030989a') in 0.0116566 seconds
[Worker0] Imported GUID: 840384f76e0ba6143986b2d0c6c50094 - Path: Assets/nappin/OfficeEssentialsPack - Importer: ScriptedImporter/UnityEditor.QuickSearchModule:UnityEditor.Search:ASIAI0B -> (ImportResultId: '90cdc031dd78291185e115319845037b') in 0.0023679 seconds
[Worker0] Imported GUID: bb1ccfd70f690b8419e4e6b9d65f678a - Path: Assets/nappin/OfficeEssentialsPack/Prefabs - Importer: ScriptedImporter/UnityEditor.QuickSearchModule:UnityEditor.Search:ASIAI0B -> (ImportResultId: '3c08f90311130d45d7af9cc3189e2bf8') in 0.0024245 seconds
[Worker0] Imported GUID: e0d31913657846c4e9344974cc7f73dd - Path: Assets/nappin/OfficeEssentialsPack/Models/(Msh)Desk2.fbx - Importer: ScriptedImporter/UnityEditor.QuickSearchModule:UnityEditor.Search:ASIAI0B -> (ImportResultId: '85692d1f412dc29d2dd876f6f8a62832') in 0.0110299 seconds
[Worker0] Imported GUID: 5fab3d9a08a16ed429bbc510962997d8 - Path: Assets/nappin/OfficeEssentialsPack/Prefabs/(Prb)VendingMachine.prefab - Importer: ScriptedImporter/UnityEditor.QuickSearchModule:UnityEditor.Search:ASIAI0B -> (ImportResultId: 'bf6129f3240464f2479a066de0a79af2') in 0.0169555 seconds
[Worker0] Imported GUID: 662d757e856cbf044a5037efe162c6f3 - Path: Assets/nappin/OfficeEssentialsPack/Models/(Msh)Projector.fbx - Importer: ScriptedImporter/UnityEditor.QuickSearchModule:UnityEditor.Search:ASIAI0B -> (ImportResultId: '523cdc7aac0834aae158c65ab77ffb54') in 0.0127166 seconds
[Worker0] Imported GUID: 5c3e1f6875120eb49a705fe9d38e51e9 - Path: Assets/nappin/OfficeEssentialsPack/Prefabs/(Prb)Shelves2.prefab - Importer: ScriptedImporter/UnityEditor.QuickSearchModule:UnityEditor.Search:ASIAI0B -> (ImportResultId: 'cf2c85290b61403897a23c49740280d3') in 0.0060347 seconds
[Worker0] Imported GUID: a2926ab1cfa2245478d20ad4f0331477 - Path: Assets/nappin/OfficeEssentialsPack/Models/(Msh)Sofa3.fbx - Importer: ScriptedImporter/UnityEditor.QuickSearchModule:UnityEditor.Search:ASIAI0B -> (ImportResultId: 'f1fe94041e98fb411d966834f11eda65') in 0.0120063 seconds
[Worker0] Imported GUID: b817c21b3dd3f2e449f88957c9cb76f4 - Path: Assets/nappin/OfficeEssentialsPack/Textures/(Txt)GradientBlack.png - Importer: ScriptedImporter/UnityEditor.QuickSearchModule:UnityEditor.Search:ASIAI0B -> (ImportResultId: 'e4d1ec3d05a3647fce69275dd40560b7') in 0.0930153 seconds
[Worker0] Imported GUID: 31e87d42f3ffa2546b1f527e7a0a4b9d - Path: Assets/nappin/OfficeEssentialsPack/Materials/(Mat)MetallicBlack.mat - Importer: ScriptedImporter/UnityEditor.QuickSearchModule:UnityEditor.Search:ASIAI0B -> (ImportResultId: 'df65a224fc7c485529b92502b09a6ad3') in 0.0030264 seconds
[Worker0] Imported GUID: eba40b33cd75dfc4e86e9604170d19f9 - Path: Assets/nappin/OfficeEssentialsPack/Prefabs/(Prb)Desk1.prefab - Importer: ScriptedImporter/UnityEditor.QuickSearchModule:UnityEditor.Search:ASIAI0B -> (ImportResultId: 'd2f40ef4d74d49fdf4cb76bb6f0cdc4a') in 0.0036474 seconds
[Worker0] Imported GUID: aae064ec06860f04787f3ee19de1c0c1 - Path: Assets/nappin/OfficeEssentialsPack/Prefabs/(Prb)Printer.prefab - Importer: ScriptedImporter/UnityEditor.QuickSearchModule:UnityEditor.Search:ASIAI0B -> (ImportResultId: '70bbbbbf48ba6ea15db2a0391db78a21') in 0.004278 seconds
[Worker0] Imported GUID: 7df07a42d42030b49a881233f734958a - Path: Assets/nappin/OfficeEssentialsPack/Prefabs/(Prb)CeilingFan.prefab - Importer: ScriptedImporter/UnityEditor.QuickSearchModule:UnityEditor.Search:ASIAI0B -> (ImportResultId: '271bd75e4783875b23f1588e7721ac12') in 0.0033407 seconds
[Worker0] Imported GUID: cab363a401b518845bbac7b1c89c7a23 - Path: Assets/nappin/OfficeEssentialsPack/Models/(Msh)Shelves1.fbx - Importer: ScriptedImporter/UnityEditor.QuickSearchModule:UnityEditor.Search:ASIAI0B -> (ImportResultId: '8adde50592c11805891b94c54063391f') in 0.0061663 seconds
[Worker0] Imported GUID: c2433cdade6af034d875648a6e47c001 - Path: Assets/nappin/OfficeEssentialsPack/Models/(Msh)Drawer1.fbx - Importer: ScriptedImporter/UnityEditor.QuickSearchModule:UnityEditor.Search:ASIAI0B -> (ImportResultId: '1d8b17f352cbd7cf3b12d6c2ba0929b1') in 0.0083118 seconds
[Worker0] Imported GUID: 49c0e5468435e4f4c947e2e2d0c5c6cf - Path: Assets/nappin/OfficeEssentialsPack/Models/(Msh)BigDrawer.fbx - Importer: ScriptedImporter/UnityEditor.QuickSearchModule:UnityEditor.Search:ASIAI0B -> (ImportResultId: 'b7bd6d55d1b1902ff7e161fc9044ac33') in 0.0076139 seconds
[Worker0] Imported GUID: 9c2b74f6542c6ff45ac65189228585cb - Path: Assets/nappin/OfficeEssentialsPack/Models/(Msh)Shelves2.fbx - Importer: ScriptedImporter/UnityEditor.QuickSearchModule:UnityEditor.Search:ASIAI0B -> (ImportResultId: 'be7b5f0b3775a2f96e190e740ca177f4') in 0.006485 seconds
[Worker0] Imported GUID: d283a93eb62894849b3a3aea9ca0c8fb - Path: Assets/nappin/OfficeEssentialsPack/Models/(Msh)Mug.fbx - Importer: ScriptedImporter/UnityEditor.QuickSearchModule:UnityEditor.Search:ASIAI0B -> (ImportResultId: 'a923dcb874cd5e27fb6c76c0bfe08532') in 0.0091565 seconds
[Worker0] Imported GUID: f99126b2de167a44f84adc255bb688c5 - Path: Assets/nappin/OfficeEssentialsPack/Models/(Msh)BookOpen.fbx - Importer: ScriptedImporter/UnityEditor.QuickSearchModule:UnityEditor.Search:ASIAI0B -> (ImportResultId: '7bd3d77ca6da83043138b69e47b871fe') in 0.0071407 seconds
[Worker0] Imported GUID: f79a2c7c74ed86945916baca4abd128c - Path: Assets/nappin/OfficeEssentialsPack/Models/(Msh)DocumentHolder.fbx - Importer: ScriptedImporter/UnityEditor.QuickSearchModule:UnityEditor.Search:ASIAI0B -> (ImportResultId: 'ba66ae6a9c1a0eee2b418e1b687cee26') in 0.0068717 seconds
[Worker0] Imported GUID: 6f7b9206e8634ed49be22ce24b106709 - Path: Assets/nappin/OfficeEssentialsPack/Prefabs/(Prb)DocumentHolder.prefab - Importer: ScriptedImporter/UnityEditor.QuickSearchModule:UnityEditor.Search:ASIAI0B -> (ImportResultId: 'aa54c596f7fd12c4f01b7b2a575b928a') in 0.0027793 seconds
[Worker0] Imported GUID: 5f00a35557dee5b499cf97dda42339c0 - Path: Assets/nappin/OfficeEssentialsPack/Materials/(Mat)GradientDarkBrown.mat - Importer: ScriptedImporter/UnityEditor.QuickSearchModule:UnityEditor.Search:ASIAI0B -> (ImportResultId: '2f2b33f834d9d24c7950811410663a78') in 0.006832 seconds
[Worker0] Imported GUID: f9bb1fe475c1d144cb7676c5b119fbfe - Path: Assets/nappin/OfficeEssentialsPack/Models/(Msh)Microwave.fbx - Importer: ScriptedImporter/UnityEditor.QuickSearchModule:UnityEditor.Search:ASIAI0B -> (ImportResultId: 'ba704a396158570127a76fb9bb6d3ee7') in 0.0068449 seconds
[Worker0] Imported GUID: 26b7a36227bffc347bb1b7276bd65892 - Path: Assets/nappin/OfficeEssentialsPack/Models/(Msh)Sofa1.fbx - Importer: ScriptedImporter/UnityEditor.QuickSearchModule:UnityEditor.Search:ASIAI0B -> (ImportResultId: 'f8fd108db81b261e37065a05e8b71480') in 0.0070392 seconds
[Worker0] Imported GUID: 6a642b983faa510488983f38c651038d - Path: Assets/nappin/OfficeEssentialsPack/Models - Importer: ScriptedImporter/UnityEditor.QuickSearchModule:UnityEditor.Search:ASIAI0B -> (ImportResultId: 'f9e63613813a4ce9d85f8276163a38a2') in 0.0015499 seconds
[Worker0] Imported GUID: eeb4d406c95b0424ca51a9f6cb36ac3d - Path: Assets/nappin/OfficeEssentialsPack/Textures/(Txt)GradientRed.png - Importer: ScriptedImporter/UnityEditor.QuickSearchModule:UnityEditor.Search:ASIAI0B -> (ImportResultId: '250643916c7cb3536aa33c1a40d6d1df') in 0.0071178 seconds
[Worker0] Imported GUID: 1be709cd9dfa27c48a678cdacc829f7e - Path: Assets/nappin/OfficeEssentialsPack/Textures/(Txt)GradientOrange.png - Importer: ScriptedImporter/UnityEditor.QuickSearchModule:UnityEditor.Search:ASIAI0B -> (ImportResultId: '6d9628ac5e7d897abbadfa9fa0d921ee') in 0.0066554 seconds
[Worker0] Imported GUID: 00054b7f105fdce479315a0b18b079e7 - Path: Assets/nappin/OfficeEssentialsPack/Prefabs/(Prb)Separator.prefab - Importer: ScriptedImporter/UnityEditor.QuickSearchModule:UnityEditor.Search:ASIAI0B -> (ImportResultId: 'b67da787ee33af388ace09bb62cfd758') in 0.0060637 seconds
[Worker0] Imported GUID: 57addd97d1055424daebeb70d461be6d - Path: Assets/nappin/OfficeEssentialsPack/Prefabs/(Prb)BookPile6.prefab - Importer: ScriptedImporter/UnityEditor.QuickSearchModule:UnityEditor.Search:ASIAI0B -> (ImportResultId: '6a98bf68dc97e49914c1cb2c7b2a1def') in 0.0129594 seconds
[Worker0] Imported GUID: 89cfaf2600805bd4f9562f6e545966f7 - Path: Assets/nappin/OfficeEssentialsPack/Prefabs/(Prb)Window.prefab - Importer: ScriptedImporter/UnityEditor.QuickSearchModule:UnityEditor.Search:ASIAI0B -> (ImportResultId: 'cabf6e7a2dcfd50a01ef637ce70c5ccf') in 0.0032706 seconds
[Worker0] Imported GUID: aa1df8bdfe3b61943a5cbb2344613612 - Path: Assets/nappin/OfficeEssentialsPack/Models/(Msh)Desk1.fbx - Importer: ScriptedImporter/UnityEditor.QuickSearchModule:UnityEditor.Search:ASIAI0B -> (ImportResultId: '592f44885541b54b9f19f3cd30c57dd5') in 0.0064679 seconds
[Worker0] Imported GUID: bbea79d6aa038d54bab0fbdb23379cc8 - Path: Assets/nappin/OfficeEssentialsPack/Textures/(Txt)GradientBlue.png - Importer: ScriptedImporter/UnityEditor.QuickSearchModule:UnityEditor.Search:ASIAI0B -> (ImportResultId: '854354172b10a9937e540502caa4673a') in 0.008067 seconds
[Worker0] Imported GUID: b2ea3a81a047dab439905bfb53997287 - Path: Assets/nappin/OfficeEssentialsPack/Models/(Msh)Sofa2.fbx - Importer: ScriptedImporter/UnityEditor.QuickSearchModule:UnityEditor.Search:ASIAI0B -> (ImportResultId: '33e85212c187d2fe4eb543796098d0f1') in 0.0072414 seconds
[Worker0] Imported GUID: 6a55ccc8cef577442974555021f41a1b - Path: Assets/nappin/OfficeEssentialsPack/Models/(Msh)PlantBox.fbx - Importer: ScriptedImporter/UnityEditor.QuickSearchModule:UnityEditor.Search:ASIAI0B -> (ImportResultId: '72d8aaa9e7079b67ce6562ddbda8eda6') in 0.0093517 seconds
[Worker0] Imported GUID: 4339f93ff4f1c4f4ca6000d384de14bd - Path: Assets/nappin/OfficeEssentialsPack/Models/(Msh)KitchenModule.fbx - Importer: ScriptedImporter/UnityEditor.QuickSearchModule:UnityEditor.Search:ASIAI0B -> (ImportResultId: 'c0cdd9fc409d28d4f08af9e830491170') in 0.0076738 seconds
[Worker0] Imported GUID: 6234a3511ba58734dab033286d60136a - Path: Assets/nappin/OfficeEssentialsPack/Models/(Msh)BookPile6.fbx - Importer: ScriptedImporter/UnityEditor.QuickSearchModule:UnityEditor.Search:ASIAI0B -> (ImportResultId: '4ce59e5701f5f29f235ebfbe67bd9a9c') in 0.0269165 seconds
[Worker0] Imported GUID: 744fdfc5e08624943b22ba3c3e353e07 - Path: Assets/nappin/OfficeEssentialsPack/Prefabs/(Prb)Sofa1.prefab - Importer: ScriptedImporter/UnityEditor.QuickSearchModule:UnityEditor.Search:ASIAI0B -> (ImportResultId: '7bcd3cbb98df2538e077b74e012e65ba') in 0.0030527 seconds
[Worker0] Imported GUID: 9fc0d4010bbf28b4594072e72b8655ab - Path: Assets/nappin/OfficeEssentialsPack/OfficeEssentialsPack.unity - Importer: ScriptedImporter/UnityEditor.QuickSearchModule:UnityEditor.Search:ASIAI0B -> (ImportResultId: '8686030a4ef608e37aefa659e50a9d59') in 0.0048988 seconds
[Worker0] Imported GUID: a271b7bf9ed385c42928c5c8b77e1053 - Path: Assets/nappin/OfficeEssentialsPack/Models/(Msh)BookPile1.fbx - Importer: ScriptedImporter/UnityEditor.QuickSearchModule:UnityEditor.Search:ASIAI0B -> (ImportResultId: '49898112d1b94fdeb557087f92a09004') in 0.0075566 seconds
[Worker0] Imported GUID: 91c8c6751f26bcc4a9425c9fc23fd227 - Path: Assets/nappin/OfficeEssentialsPack/Prefabs/(Prb)BookPile5.prefab - Importer: ScriptedImporter/UnityEditor.QuickSearchModule:UnityEditor.Search:ASIAI0B -> (ImportResultId: 'a8ce2519353954af8e01ccedbc3c12d5') in 0.0066339 seconds
[Worker0] Imported GUID: fa8eb2eb998ad8c489fe86794b62dfe1 - Path: Assets/nappin/OfficeEssentialsPack/Prefabs/(Prb)Shelves1.prefab - Importer: ScriptedImporter/UnityEditor.QuickSearchModule:UnityEditor.Search:ASIAI0B -> (ImportResultId: '5cbfd926b7e6d17e1233fe1dbec72e0e') in 0.003644 seconds
[Worker0] Imported GUID: b2baa11c7e87fe941afe32f3c50cc082 - Path: Assets/nappin/OfficeEssentialsPack/Prefabs/(Prb)Clock.prefab - Importer: ScriptedImporter/UnityEditor.QuickSearchModule:UnityEditor.Search:ASIAI0B -> (ImportResultId: 'f517c9fe6bb0802a6cf6d858c2ddb0d5') in 0.004187 seconds
[Worker0] Imported GUID: d31ae3b3f8108284bba44064ed9dff1c - Path: Assets/nappin/OfficeEssentialsPack/Models/(Msh)WaterDispenser.fbx - Importer: ScriptedImporter/UnityEditor.QuickSearchModule:UnityEditor.Search:ASIAI0B -> (ImportResultId: '5a26d1081903fff9bf579bc595108aff') in 0.006845 seconds
[Worker0] Imported GUID: ce207ba7fd9e7f047867bbf272711c24 - Path: Assets/nappin/OfficeEssentialsPack/Textures/(Txt)GradientBeige.png - Importer: ScriptedImporter/UnityEditor.QuickSearchModule:UnityEditor.Search:ASIAI0B -> (ImportResultId: '4fa9808ea20f61dc279af0eb5a2b4fc7') in 0.0065742 seconds
[Worker0] Imported GUID: da405f481770b8a4a8592cf2f2eeb50d - Path: Assets/nappin/OfficeEssentialsPack/Textures/(Txt)GradientYellow.png - Importer: ScriptedImporter/UnityEditor.QuickSearchModule:UnityEditor.Search:ASIAI0B -> (ImportResultId: '5d92bf0e460470d773e45b2f7c844eae') in 0.0064673 seconds
[Worker0] Imported GUID: a5ac041b79f79364ca8481b503332787 - Path: Assets/nappin/OfficeEssentialsPack/Prefabs/(Prb)PC.prefab - Importer: ScriptedImporter/UnityEditor.QuickSearchModule:UnityEditor.Search:ASIAI0B -> (ImportResultId: '217b5248475a566872b5ccfc242279fb') in 0.0047379 seconds
[Worker0] Imported GUID: eecaa3198cbebd74e8cd79d0f71765cc - Path: Assets/nappin/OfficeEssentialsPack/Materials/(Mat)GradientDarkGrey.mat - Importer: ScriptedImporter/UnityEditor.QuickSearchModule:UnityEditor.Search:ASIAI0B -> (ImportResultId: '35019059c5fa2aaa76fb20abb050a813') in 0.0050932 seconds
[Worker0] Imported GUID: fc0dfbc5d3b0784439b0dd1fb69c4b12 - Path: Assets/nappin/OfficeEssentialsPack/Prefabs/(Prb)CeilingLight2.prefab - Importer: ScriptedImporter/UnityEditor.QuickSearchModule:UnityEditor.Search:ASIAI0B -> (ImportResultId: '259569ebe0caab1584f860725002778b') in 0.0034184 seconds
[Worker0] Imported GUID: 301abaee6ba74544ab12d31480dcbb27 - Path: Assets/nappin/OfficeEssentialsPack/Models/(Msh)SmokeDetector.fbx - Importer: ScriptedImporter/UnityEditor.QuickSearchModule:UnityEditor.Search:ASIAI0B -> (ImportResultId: 'c500e7afa247e359a9d6eb0894d802e5') in 0.0052772 seconds
[Worker0] Imported GUID: c2f17a2926fbc774d990dd6e286d4fad - Path: Assets/nappin/OfficeEssentialsPack/Prefabs/(Prb)BookOpen.prefab - Importer: ScriptedImporter/UnityEditor.QuickSearchModule:UnityEditor.Search:ASIAI0B -> (ImportResultId: 'efaf6e1538de4c8c6f14beeb87538a18') in 0.003358 seconds
[Worker0] Imported GUID: 18566a61b75973749b7a37b617d7fa4b - Path: Assets/nappin/OfficeEssentialsPack/Models/(Msh)PC.fbx - Importer: ScriptedImporter/UnityEditor.QuickSearchModule:UnityEditor.Search:ASIAI0B -> (ImportResultId: '201705a98b26f9b42f9b1db5cd9e6566') in 0.007901 seconds
[Worker0] Imported GUID: 2cd3259f9019fbf4baa0566e469b5cc2 - Path: Assets/nappin/OfficeEssentialsPack/Textures/(Txt)GradientDarkred.png - Importer: ScriptedImporter/UnityEditor.QuickSearchModule:UnityEditor.Search:ASIAI0B -> (ImportResultId: 'b6b0dc64acadbbda7bbe653a248907ad') in 0.0074852 seconds
[Worker0] Imported GUID: 92df708222820ea4ea7635007b379d57 - Path: Assets/nappin/OfficeEssentialsPack/Models/(Msh)DeskPrinter.fbx - Importer: ScriptedImporter/UnityEditor.QuickSearchModule:UnityEditor.Search:ASIAI0B -> (ImportResultId: '86a884f92b9a129f6da8761c5120fbea') in 0.0078777 seconds
[Worker0] Imported GUID: 458271fb06e38ef4abfe60d080c61a94 - Path: Assets/nappin/OfficeEssentialsPack/Prefabs/(Prb)TrashCan.prefab - Importer: ScriptedImporter/UnityEditor.QuickSearchModule:UnityEditor.Search:ASIAI0B -> (ImportResultId: 'e1754020785b843531e9bb18ad095183') in 0.003722 seconds
[Worker0] Imported GUID: 586fd122a459a1040aaa87eda129f418 - Path: Assets/nappin/OfficeEssentialsPack/Models/(Msh)CoffeTable.fbx - Importer: ScriptedImporter/UnityEditor.QuickSearchModule:UnityEditor.Search:ASIAI0B -> (ImportResultId: '8bca3419ab8ab97ca5be88162d27f314') in 0.0071556 seconds
[Worker0] Imported GUID: d0f06f9715b791a4596af29b5bbb56d0 - Path: Assets/nappin/OfficeEssentialsPack/Models/(Msh)LoungeChair.fbx - Importer: ScriptedImporter/UnityEditor.QuickSearchModule:UnityEditor.Search:ASIAI0B -> (ImportResultId: '49666e122719ddbcba19e50e35b4bc3c') in 0.0057122 seconds
[Worker0] Imported GUID: f5b880b2bccf7364cbc645f81894becd - Path: Assets/nappin/OfficeEssentialsPack/Materials/(Mat)Skybox.mat - Importer: ScriptedImporter/UnityEditor.QuickSearchModule:UnityEditor.Search:ASIAI0B -> (ImportResultId: '0a71826948913d880636e17683d36841') in 0.0044283 seconds
[Worker0] Imported GUID: 2c6803eaefbe99844936e0fdb90f45b0 - Path: Assets/nappin/OfficeEssentialsPack/Prefabs/(Prb)Fatboy.prefab - Importer: ScriptedImporter/UnityEditor.QuickSearchModule:UnityEditor.Search:ASIAI0B -> (ImportResultId: '9267d1c75de00f481a48a7b57534ea38') in 0.0034972 seconds
[Worker0] Imported GUID: b235c805f008f6f4da469f7364846b10 - Path: Assets/nappin/OfficeEssentialsPack/Prefabs/(Prb)CoffeTable.prefab - Importer: ScriptedImporter/UnityEditor.QuickSearchModule:UnityEditor.Search:ASIAI0B -> (ImportResultId: 'f4befa31306ceab7062f092f1fcada5b') in 0.0028313 seconds
[Worker0] Imported GUID: e03c61940200c9b428ea54b9134ba0a7 - Path: Assets/nappin/OfficeEssentialsPack/Materials/(Mat)GradientYellow.mat - Importer: ScriptedImporter/UnityEditor.QuickSearchModule:UnityEditor.Search:ASIAI0B -> (ImportResultId: 'bd205010872497525c54ffb8ad8b564b') in 0.004736 seconds
[Worker0] Imported GUID: d0c678f5c21191e4aadd685b22906f70 - Path: Assets/nappin/OfficeEssentialsPack/Models/(Msh)Window.fbx - Importer: ScriptedImporter/UnityEditor.QuickSearchModule:UnityEditor.Search:ASIAI0B -> (ImportResultId: '6b4e74b7288b32aaf2a62f70accc0eec') in 0.0090679 seconds
[Worker0] Imported GUID: 8ade6825967f29e4e9447897ae3c8878 - Path: Assets/nappin/OfficeEssentialsPack/Textures/(Txt)GradientDarkgreen.png - Importer: ScriptedImporter/UnityEditor.QuickSearchModule:UnityEditor.Search:ASIAI0B -> (ImportResultId: 'a19fdbdf0e17ad25ce5f99af0cce0ee1') in 0.0065568 seconds
[Worker0] Imported GUID: 11ed21415b661da499e94e4e9e5c47f4 - Path: Assets/nappin/OfficeEssentialsPack/Materials/(Mat)GradientDarkRed.mat - Importer: ScriptedImporter/UnityEditor.QuickSearchModule:UnityEditor.Search:ASIAI0B -> (ImportResultId: 'c905eeb5fb9f2e927ec459c48b5ec4a6') in 0.0046159 seconds
[Worker0] Imported GUID: f149402989451fe4ab69bfd1ceb5124f - Path: Assets/nappin/OfficeEssentialsPack/Prefabs/(Prb)Shelves3.prefab - Importer: ScriptedImporter/UnityEditor.QuickSearchModule:UnityEditor.Search:ASIAI0B -> (ImportResultId: '9c7ace9570314941b12c34cf0da3cbd2') in 0.0035888 seconds
[Worker0] Imported GUID: 3713613c4ffcd6945900432c53af79b8 - Path: Assets/nappin/OfficeEssentialsPack/Prefabs/(Prb)OfficeChair.prefab - Importer: ScriptedImporter/UnityEditor.QuickSearchModule:UnityEditor.Search:ASIAI0B -> (ImportResultId: '3cc79ab029a15ea2182bea45fab17da8') in 0.0033587 seconds
[Worker0] Imported GUID: 09786b2145094304f8e76c50e272040f - Path: Assets/nappin/OfficeEssentialsPack/Prefabs/(Prb)Plant1.prefab - Importer: ScriptedImporter/UnityEditor.QuickSearchModule:UnityEditor.Search:ASIAI0B -> (ImportResultId: 'e2ced9e52b09b66681ce5901181557af') in 0.014971 seconds
[Worker0] Imported GUID: 676edecf7cf6d7645a15b3550dce3e70 - Path: Assets/nappin/OfficeEssentialsPack/Prefabs/(Prb)Drawer1.prefab - Importer: ScriptedImporter/UnityEditor.QuickSearchModule:UnityEditor.Search:ASIAI0B -> (ImportResultId: 'f1ac72e30e4e413b262f76c2a417bc39') in 0.0029155 seconds
[Worker0] Imported GUID: cf1dfec5e0b6df84697e78615469e93b - Path: Assets/nappin/OfficeEssentialsPack/Models/(Msh)Drawer2.fbx - Importer: ScriptedImporter/UnityEditor.QuickSearchModule:UnityEditor.Search:ASIAI0B -> (ImportResultId: 'cd6e26afd04449889be08c5a439b6612') in 0.0069602 seconds
[Worker0] Imported GUID: 52d6dcae9530f6f4e9af1bb2b9a6c1fc - Path: Assets/nappin/OfficeEssentialsPack/Prefabs/(Prb)Microwave.prefab - Importer: ScriptedImporter/UnityEditor.QuickSearchModule:UnityEditor.Search:ASIAI0B -> (ImportResultId: '68763764233ab4fae2ced3906123bd9e') in 0.0029638 seconds
[Worker0] Imported GUID: 53a390c2e7417fc4881f4a9c5cc4078a - Path: Assets/nappin/OfficeEssentialsPack/Models/(Msh)Plant2.fbx - Importer: ScriptedImporter/UnityEditor.QuickSearchModule:UnityEditor.Search:ASIAI0B -> (ImportResultId: '0feb0018289d746af08b08cc2d15f4d4') in 0.0090277 seconds
[Worker0] Imported GUID: 1eba6e825e1b0ba4db1d042de5c08e44 - Path: Assets/nappin/OfficeEssentialsPack/Prefabs/(Prb)Drawer3.prefab - Importer: ScriptedImporter/UnityEditor.QuickSearchModule:UnityEditor.Search:ASIAI0B -> (ImportResultId: 'e8bcaaed8d488115abc414367b7cc2c2') in 0.0032199 seconds
[Worker0] Imported GUID: 4a83103d843ef4d43abfd3b25ad47b44 - Path: Assets/nappin/OfficeEssentialsPack/Models/(Msh)Shelves3.fbx - Importer: ScriptedImporter/UnityEditor.QuickSearchModule:UnityEditor.Search:ASIAI0B -> (ImportResultId: '9b8fbc3e5d288ce9c23642aa9ac8a2c5') in 0.0064787 seconds
[Worker0] Imported GUID: d30e7e864c6f0f44fa1d73fa877e268f - Path: Assets/nappin/OfficeEssentialsPack/Models/(Msh)BookPile5.fbx - Importer: ScriptedImporter/UnityEditor.QuickSearchModule:UnityEditor.Search:ASIAI0B -> (ImportResultId: 'e2b5d39493caf66a2ebc5c5cd3adc8cc') in 0.0158687 seconds
[Worker0] Imported GUID: a3391ff75e6a3d847a21fe59dccd4a8a - Path: Assets/nappin/OfficeEssentialsPack/Models/(Msh)CeilingLight1.fbx - Importer: ScriptedImporter/UnityEditor.QuickSearchModule:UnityEditor.Search:ASIAI0B -> (ImportResultId: 'b02a4068e9988ca3da225a43dffc8980') in 0.0076053 seconds
[Worker0] Imported GUID: 3461c8d14bc13bb4384505ad2b8b974f - Path: Assets/nappin/OfficeEssentialsPack/Prefabs/(Prb)LoungeChair.prefab - Importer: ScriptedImporter/UnityEditor.QuickSearchModule:UnityEditor.Search:ASIAI0B -> (ImportResultId: 'd3e21ed08456aba23811ad4ae3cff663') in 0.0029376 seconds
[Worker0] Imported GUID: 2f30491044634fa4d8b267131f5216fe - Path: Assets/nappin/OfficeEssentialsPack/Models/(Msh)Printer.fbx - Importer: ScriptedImporter/UnityEditor.QuickSearchModule:UnityEditor.Search:ASIAI0B -> (ImportResultId: '411e0e4bd8a032aee3e7f2f4a80ed7e7') in 0.0069673 seconds
[Worker0] Imported GUID: 2db51a3ce7d7fe34a934d68f0c488f54 - Path: Assets/nappin/OfficeEssentialsPack/Prefabs/(Prb)Plant2.prefab - Importer: ScriptedImporter/UnityEditor.QuickSearchModule:UnityEditor.Search:ASIAI0B -> (ImportResultId: 'cecb2f9662d89bbcb03431123d108199') in 0.003514 seconds
[Worker0] Imported GUID: fd9a0b6c96158cf4291ea793dcd09c5e - Path: Assets/nappin/OfficeEssentialsPack/Prefabs/(Prb)SeparatorDoor.prefab - Importer: ScriptedImporter/UnityEditor.QuickSearchModule:UnityEditor.Search:ASIAI0B -> (ImportResultId: 'cccd86ee4b0be5e0335e33cde333c381') in 0.0032917 seconds
[Worker0] Imported GUID: b8382dad890a52e499e640be2fba6e18 - Path: Assets/nappin/OfficeEssentialsPack/Models/(Msh)CeilingFan.fbx - Importer: ScriptedImporter/UnityEditor.QuickSearchModule:UnityEditor.Search:ASIAI0B -> (ImportResultId: 'e914b5e92357b3e30fa1b5ae31578ac9') in 0.0055396 seconds
[Worker0] Imported GUID: df845f1b1122f644ab4fbfbd3b3c763f - Path: Assets/nappin/OfficeEssentialsPack/Textures/(Txt)GradientGrey.png - Importer: ScriptedImporter/UnityEditor.QuickSearchModule:UnityEditor.Search:ASIAI0B -> (ImportResultId: '85e98121a3616a522ded04f8a32e5d74') in 0.0065652 seconds
[Worker0] Imported GUID: 3441f6441092d3c459a48c3c48ea63c6 - Path: Assets/nappin/OfficeEssentialsPack/Materials/(Mat)GradientGrey.mat - Importer: ScriptedImporter/UnityEditor.QuickSearchModule:UnityEditor.Search:ASIAI0B -> (ImportResultId: 'b15d68667c1b1050aaab54b71414e019') in 0.003466 seconds
[Worker0] Imported GUID: c02a999a44edfa048a0420775c83cf3d - Path: Assets/nappin/OfficeEssentialsPack/Prefabs/(Prb)DeskPlant.prefab - Importer: ScriptedImporter/UnityEditor.QuickSearchModule:UnityEditor.Search:ASIAI0B -> (ImportResultId: '29c270649666f77f90c2f9ac04462926') in 0.0028145 seconds
[Worker0] Imported GUID: 77f399026e807f748b4cebba73b4426c - Path: Assets/nappin/OfficeEssentialsPack/Textures/(Txt)GradientDarkgrey.png - Importer: ScriptedImporter/UnityEditor.QuickSearchModule:UnityEditor.Search:ASIAI0B -> (ImportResultId: '7f27ea4ce5b61711c49973ef584059da') in 0.0052338 seconds
[Worker0] Imported GUID: 76a7e6c2e588e024d85efa115fe688c2 - Path: Assets/nappin/OfficeEssentialsPack/Prefabs/(Prb)SmokeDetector.prefab - Importer: ScriptedImporter/UnityEditor.QuickSearchModule:UnityEditor.Search:ASIAI0B -> (ImportResultId: '89cdbccf1e014bc8008b626bc2436db0') in 0.0020986 seconds
[Worker0] Imported GUID: a3a530523bec0cc41aed4f3a4d9da936 - Path: Assets/nappin/OfficeEssentialsPack/Materials/(Mat)Glass.mat - Importer: ScriptedImporter/UnityEditor.QuickSearchModule:UnityEditor.Search:ASIAI0B -> (ImportResultId: 'cb6143631409ef80133e83e9fb6c8330') in 0.0320269 seconds
[Worker0] Imported GUID: 7c525024ae8431e45b357520bb8407a6 - Path: Assets/nappin/OfficeEssentialsPack/Prefabs/(Prb)CoffePot.prefab - Importer: ScriptedImporter/UnityEditor.QuickSearchModule:UnityEditor.Search:ASIAI0B -> (ImportResultId: '5d7d7ea39da524357e12baecd3acee78') in 0.0026436 seconds
[Worker0] Imported GUID: 009ac3bc89a8c994aaa64e90fed60ab2 - Path: Assets/nappin/OfficeEssentialsPack/Prefabs/(Prb)BookPile2.prefab - Importer: ScriptedImporter/UnityEditor.QuickSearchModule:UnityEditor.Search:ASIAI0B -> (ImportResultId: '588384147d1b3be8c8b64ed7bf7e62e0') in 0.003732 seconds
[Worker0] Imported GUID: 1fefd438eeac9ee4f82ea1039559dbcb - Path: Assets/nappin/OfficeEssentialsPack/Models/(Msh)SeparatorDoor.fbx - Importer: ScriptedImporter/UnityEditor.QuickSearchModule:UnityEditor.Search:ASIAI0B -> (ImportResultId: '049c93965c73d8ecee42d2052813aeeb') in 0.005226 seconds
[Worker0] Imported GUID: bf186ae0c211e3b46b8c3cf9bc7b1d27 - Path: Assets/nappin/OfficeEssentialsPack/Models/(Msh)OfficeChair.fbx - Importer: ScriptedImporter/UnityEditor.QuickSearchModule:UnityEditor.Search:ASIAI0B -> (ImportResultId: '08873dce99d8500f6f2e29bfec5db2bc') in 0.0058601 seconds
[Worker0] Imported GUID: 28502d19c68219d44abc46f748d642ea - Path: Assets/nappin/OfficeEssentialsPack/Models/(Msh)Fatboy.fbx - Importer: ScriptedImporter/UnityEditor.QuickSearchModule:UnityEditor.Search:ASIAI0B -> (ImportResultId: '468a0bdd76b7212636b846a86c483554') in 0.0048625 seconds
[Worker0] Imported GUID: 7695c0d2e92da0e4f8d08c7909230b47 - Path: Assets/nappin/OfficeEssentialsPack/Prefabs/(Prb)BookPile1.prefab - Importer: ScriptedImporter/UnityEditor.QuickSearchModule:UnityEditor.Search:ASIAI0B -> (ImportResultId: '6e592e4e5814ec42976201dc97c6e336') in 0.002312 seconds
[Worker0] Imported GUID: 494d1072afe81fe449dc0c5b43fb5099 - Path: Assets/nappin/OfficeEssentialsPack/Prefabs/(Prb)Mug.prefab - Importer: ScriptedImporter/UnityEditor.QuickSearchModule:UnityEditor.Search:ASIAI0B -> (ImportResultId: '48a9d1779fcfd07c92daa75d858486bf') in 0.0021789 seconds
[Worker0] Imported GUID: 35261150e5398c0439d6fd7481f62b62 - Path: Assets/nappin/OfficeEssentialsPack/Materials/(Mat)GradientBlue.mat - Importer: ScriptedImporter/UnityEditor.QuickSearchModule:UnityEditor.Search:ASIAI0B -> (ImportResultId: 'e49488084cdebc2ef01fa69154ff26b9') in 0.0037044 seconds
[Worker0] Imported GUID: 77936498f95548e4f81bd32e9a802098 - Path: Assets/nappin/OfficeEssentialsPack/Models/(Msh)CoffePot.fbx - Importer: ScriptedImporter/UnityEditor.QuickSearchModule:UnityEditor.Search:ASIAI0B -> (ImportResultId: 'a0f3dffb7f4a98e5b8348cef86719dfd') in 0.0051448 seconds
[Worker0] Imported GUID: e0a309163f5d1ef4e81367371dba0804 - Path: Assets/nappin/OfficeEssentialsPack/Prefabs/(Prb)DeskLight.prefab - Importer: ScriptedImporter/UnityEditor.QuickSearchModule:UnityEditor.Search:ASIAI0B -> (ImportResultId: 'f7ee493996a83c7f6954e321e56dbbf9') in 0.0028713 seconds
[Worker0] Imported GUID: e3681f2feac05f94888039c51ba9b321 - Path: Assets/nappin/OfficeEssentialsPack/Materials/(Mat)GradientGreen.mat - Importer: ScriptedImporter/UnityEditor.QuickSearchModule:UnityEditor.Search:ASIAI0B -> (ImportResultId: '9e72528d33131b38b92b2ececbfb9ecf') in 0.0053687 seconds
[Worker0] Imported GUID: d06cbe6bddb870d438765bf1f774411d - Path: Assets/nappin/OfficeEssentialsPack/Materials/(Mat)Floor.mat - Importer: ScriptedImporter/UnityEditor.QuickSearchModule:UnityEditor.Search:ASIAI0B -> (ImportResultId: '736134d891a32717a6ac8a96d3cb9abf') in 0.0024081 seconds
[Worker0] Imported GUID: 2a0ec94554cb3e2428234720c5b19ea5 - Path: Assets/nappin/OfficeEssentialsPack/Textures - Importer: ScriptedImporter/UnityEditor.QuickSearchModule:UnityEditor.Search:ASIAI0B -> (ImportResultId: '2536ab90c4e19bbc5aa5a45818914dc9') in 0.0011048 seconds
[Worker0] Imported GUID: 067fb86e8e4f5744a82f28c508805f86 - Path: Assets/nappin/OfficeEssentialsPack/Prefabs/(Prb)Desk2.prefab - Importer: ScriptedImporter/UnityEditor.QuickSearchModule:UnityEditor.Search:ASIAI0B -> (ImportResultId: 'ef66c287211c98a4cb8d3bea82c3dd57') in 0.0023233 seconds
[Worker0] Imported GUID: a350ac53491e75b4e843bb6e1705a1d4 - Path: Assets/nappin/OfficeEssentialsPack/Textures/(Txt)GradientDarkbrown.png - Importer: ScriptedImporter/UnityEditor.QuickSearchModule:UnityEditor.Search:ASIAI0B -> (ImportResultId: '30bbd3cb4eaa58f80fb95774c6fd02bd') in 0.0051481 seconds
[Worker0] Imported GUID: a5fbcf512e323074384f3d7eb1b798f5 - Path: Assets/nappin/OfficeEssentialsPack/Textures/(Txt)GradientBrown.png - Importer: ScriptedImporter/UnityEditor.QuickSearchModule:UnityEditor.Search:ASIAI0B -> (ImportResultId: 'a5008a46bea73b0813f9c4f1dedb8ee9') in 0.0053912 seconds
[Worker0] Imported GUID: c4769332a3574e543a8455feae3cc05d - Path: Assets/nappin/OfficeEssentialsPack/Prefabs/(Prb)Projector.prefab - Importer: ScriptedImporter/UnityEditor.QuickSearchModule:UnityEditor.Search:ASIAI0B -> (ImportResultId: '9528e66bd4dbfcf70a99e5eeb9b669fb') in 0.0078924 seconds
[Worker0] Imported GUID: a2e6444451e398844bfa41ba8f0ebfb2 - Path: Assets/nappin/OfficeEssentialsPack/Prefabs/(Prb)PlantBox.prefab - Importer: ScriptedImporter/UnityEditor.QuickSearchModule:UnityEditor.Search:ASIAI0B -> (ImportResultId: 'b5ce576fe328991198c34f621cd2f37a') in 0.0096208 seconds
[Worker0] Imported GUID: b4770c72ef9ca574a8fc2f08b8e7cb17 - Path: Assets/nappin/OfficeEssentialsPack/Models/(Msh)Separator.fbx - Importer: ScriptedImporter/UnityEditor.QuickSearchModule:UnityEditor.Search:ASIAI0B -> (ImportResultId: 'b2471b032c86576f3e27ede171af5425') in 0.0099454 seconds
[Worker0] Imported GUID: c1b661568473d8448ab9c3fa53457a08 - Path: Assets/nappin/OfficeEssentialsPack/Prefabs/(Prb)YogaBall.prefab - Importer: ScriptedImporter/UnityEditor.QuickSearchModule:UnityEditor.Search:ASIAI0B -> (ImportResultId: 'aab9d146f087bd70a51f780d3c921d31') in 0.0047394 seconds
[Worker0] Imported GUID: 7a318b668876cf54baa9c1528584b6cc - Path: Assets/nappin - Importer: ScriptedImporter/UnityEditor.QuickSearchModule:UnityEditor.Search:ASIAI0B -> (ImportResultId: '4517e1e2b1678f769106b72e92f817c8') in 0.0027008 seconds
[Worker0] Imported GUID: 1e6adf612247ece438ca7fa180d6e18e - Path: Assets/nappin/OfficeEssentialsPack/Models/(Msh)ConferenceTable.fbx - Importer: ScriptedImporter/UnityEditor.QuickSearchModule:UnityEditor.Search:ASIAI0B -> (ImportResultId: 'ed9197c00401e79a2abc7d14e4512e9d') in 0.0133389 seconds
[Worker0] Imported GUID: ed097709fffbe46488ab5df91f69939c - Path: Assets/nappin/OfficeEssentialsPack/Prefabs/(Prb)KitchenModule.prefab - Importer: ScriptedImporter/UnityEditor.QuickSearchModule:UnityEditor.Search:ASIAI0B -> (ImportResultId: '3faac1ab1b88786c75e1d16d90d98d50') in 0.0048495 seconds
[Worker0] Imported GUID: 9cf94939f3dfab54eb62e181bdc60594 - Path: Assets/nappin/OfficeEssentialsPack/Prefabs/(Prb)Sofa2.prefab - Importer: ScriptedImporter/UnityEditor.QuickSearchModule:UnityEditor.Search:ASIAI0B -> (ImportResultId: 'd9df384163af5f6536c7e53d6776dbb3') in 0.0050399 seconds
[Worker0] Imported GUID: b3d2d9ac8c50c0743af991b469817ddc - Path: Assets/nappin/OfficeEssentialsPack/Textures/(Txt)GradientGreen.png - Importer: ScriptedImporter/UnityEditor.QuickSearchModule:UnityEditor.Search:ASIAI0B -> (ImportResultId: 'c095e22422f29cc0cc381a4844e2fe8c') in 0.0097006 seconds
[Worker0] Imported GUID: 8ff4ad687e8a081468b81cfdd2d710e4 - Path: Assets/nappin/OfficeEssentialsPack/Prefabs/(Prb)Drawer2.prefab - Importer: ScriptedImporter/UnityEditor.QuickSearchModule:UnityEditor.Search:ASIAI0B -> (ImportResultId: 'b30bf51d83e1d5b297ef4bc40afbf76b') in 0.0049761 seconds
[Worker0] Imported GUID: c0999236ab32ad94fb08c06e6694fa49 - Path: Assets/nappin/OfficeEssentialsPack/Materials/(Mat)GradientBrown.mat - Importer: ScriptedImporter/UnityEditor.QuickSearchModule:UnityEditor.Search:ASIAI0B -> (ImportResultId: '55c0f591ad6f47dd908d2855113f8e33') in 0.0089178 seconds
[Worker0] Imported GUID: 26a2420e41111fa4384c8adc35b250b1 - Path: Assets/nappin/OfficeEssentialsPack/Prefabs/(Prb)BookPile4.prefab - Importer: ScriptedImporter/UnityEditor.QuickSearchModule:UnityEditor.Search:ASIAI0B -> (ImportResultId: 'c284afbde3d02707cfcf9ef7ae0b3459') in 0.0060915 seconds
[Worker0] Imported GUID: 900432286b70dd3448b0884c911e1f6d - Path: Assets/nappin/OfficeEssentialsPack/Prefabs/(Prb)ConferenceTable.prefab - Importer: ScriptedImporter/UnityEditor.QuickSearchModule:UnityEditor.Search:ASIAI0B -> (ImportResultId: 'b8324ac174df31d2b91d9806ea7abef9') in 0.0044221 seconds
[Worker0] Imported GUID: 74ced1ff4cc446444b88042df966c736 - Path: Assets/nappin/OfficeEssentialsPack/Models/(Msh)BookPile7.fbx - Importer: ScriptedImporter/UnityEditor.QuickSearchModule:UnityEditor.Search:ASIAI0B -> (ImportResultId: '96263ac443a4afbf41c4f347919b2ddc') in 0.0420283 seconds
[Worker0] Imported GUID: cd6f234e68e2c5545a2b10a72f898445 - Path: Assets/nappin/OfficeEssentialsPack/Models/(Msh)BookPile2.fbx - Importer: ScriptedImporter/UnityEditor.QuickSearchModule:UnityEditor.Search:ASIAI0B -> (ImportResultId: '31e6c1aba2cfe5cacc6b18ae647b23f0') in 0.0178571 seconds
[Worker0] Imported GUID: 8346b0716c35bf246987d3dd20022f13 - Path: Assets/nappin/OfficeEssentialsPack/Materials - Importer: ScriptedImporter/UnityEditor.QuickSearchModule:UnityEditor.Search:ASIAI0B -> (ImportResultId: '01379e6dfe13379a063159fd62bd1a24') in 0.0028497 seconds
[Worker0] Imported GUID: 6742d9d0591e16e48b701a5fd806e2ad - Path: Assets/nappin/OfficeEssentialsPack/Models/(Msh)DeskLight.fbx - Importer: ScriptedImporter/UnityEditor.QuickSearchModule:UnityEditor.Search:ASIAI0B -> (ImportResultId: 'dc4c9471e3517d4fb8120f4ff6fd94ed') in 0.0111865 seconds
[Worker0] Imported GUID: fac6997ebfb39364db1173ae4a1c49e6 - Path: Assets/nappin/OfficeEssentialsPack/Materials/(Mat)GradientRed.mat - Importer: ScriptedImporter/UnityEditor.QuickSearchModule:UnityEditor.Search:ASIAI0B -> (ImportResultId: '286b1facf97a682aaa2dfd202c0b0f72') in 0.007657 seconds
[Worker0] Imported GUID: 39ce2aae8ff6f9148acb0e82db36ee1d - Path: Assets/nappin/OfficeEssentialsPack/Prefabs/(Prb)Stapler.prefab - Importer: ScriptedImporter/UnityEditor.QuickSearchModule:UnityEditor.Search:ASIAI0B -> (ImportResultId: '21ef7246562951eb23a30e9b249a3b51') in 0.0047273 seconds
[Worker0] Imported GUID: 7a318b668876cf54baa9c1528584b6cc - Path: Assets/nappin - Importer: PreviewImporter -> (ImportResultId: '60e73ececdb30dc1879723d1997ad723') in 0.0005323 seconds
[Worker0] Imported GUID: 840384f76e0ba6143986b2d0c6c50094 - Path: Assets/nappin/OfficeEssentialsPack - Importer: PreviewImporter -> (ImportResultId: '63b9a9f7201e7786c37fe8f9f5a85734') in 0.0005088 seconds
[Worker0] Imported GUID: 8346b0716c35bf246987d3dd20022f13 - Path: Assets/nappin/OfficeEssentialsPack/Materials - Importer: PreviewImporter -> (ImportResultId: '553fc2e6b8296f857e78da7052c63e98') in 0.0009793 seconds
[Worker0] Imported GUID: ad2591d1028f32d4a8bae13135f480f7 - Path: Assets/nappin/OfficeEssentialsPack/Materials/(Mat)EmissiveWarm.mat - Importer: PreviewImporter -> (ImportResultId: '84cc5addc619c6425f42381e46e9a987') in 5.9410366 seconds
[Worker0] Imported GUID: e03c61940200c9b428ea54b9134ba0a7 - Path: Assets/nappin/OfficeEssentialsPack/Materials/(Mat)GradientYellow.mat - Importer: PreviewImporter -> (ImportResultId: '84e78cfcda23e7bcfe3666bd1b8da9f7') in 0.1410299 seconds
[Worker0] Imported GUID: 31e87d42f3ffa2546b1f527e7a0a4b9d - Path: Assets/nappin/OfficeEssentialsPack/Materials/(Mat)MetallicBlack.mat - Importer: PreviewImporter -> (ImportResultId: '2ba51a48d82b22e9b5d2ff46d0e7681f') in 0.0093023 seconds
[Worker0] Imported GUID: eb0f168ce60c9424896bd8c33ac3f2c9 - Path: Assets/nappin/OfficeEssentialsPack/Materials/(Mat)GradientBeige.mat - Importer: PreviewImporter -> (ImportResultId: '5fa590c509482b25a2b7db119b0ab366') in 0.0167152 seconds
[Worker0] Imported GUID: fb698345bbbc4d74ba2ca7b2bb59eb9d - Path: Assets/nappin/OfficeEssentialsPack/Materials/(Mat)GradientOrange.mat - Importer: PreviewImporter -> (ImportResultId: 'd59f854b9bfbcbd6f696a53cd1012d9b') in 0.0118215 seconds
[Worker0] Imported GUID: 5f00a35557dee5b499cf97dda42339c0 - Path: Assets/nappin/OfficeEssentialsPack/Materials/(Mat)GradientDarkBrown.mat - Importer: PreviewImporter -> (ImportResultId: '7c9e061cbdaee0f261ccc2601d2359e6') in 0.0080222 seconds
[Worker0] Imported GUID: fac6997ebfb39364db1173ae4a1c49e6 - Path: Assets/nappin/OfficeEssentialsPack/Materials/(Mat)GradientRed.mat - Importer: PreviewImporter -> (ImportResultId: '86780b07a1645d1a0fcbdea76ba3d4af') in 0.0074386 seconds
[Worker0] Imported GUID: 35261150e5398c0439d6fd7481f62b62 - Path: Assets/nappin/OfficeEssentialsPack/Materials/(Mat)GradientBlue.mat - Importer: PreviewImporter -> (ImportResultId: '16ba5f7964ec581234455922571ee3bc') in 0.0083883 seconds
[Worker0] Imported GUID: 11ed21415b661da499e94e4e9e5c47f4 - Path: Assets/nappin/OfficeEssentialsPack/Materials/(Mat)GradientDarkRed.mat - Importer: PreviewImporter -> (ImportResultId: 'bdcb4673ba93a7f7039c105df8302093') in 0.0075451 seconds
[Worker0] Imported GUID: f5b880b2bccf7364cbc645f81894becd - Path: Assets/nappin/OfficeEssentialsPack/Materials/(Mat)Skybox.mat - Importer: PreviewImporter -> (ImportResultId: 'fc999b63bbc282cf518d1dedc15a751d') in 0.1745629 seconds
[Worker0] Imported GUID: 3441f6441092d3c459a48c3c48ea63c6 - Path: Assets/nappin/OfficeEssentialsPack/Materials/(Mat)GradientGrey.mat - Importer: PreviewImporter -> (ImportResultId: 'b9804eec406d21d13e031d3c83a9faf1') in 0.0084153 seconds
[Worker0] Imported GUID: 95d691d1ae476e049b3ca1db2f7b4c0d - Path: Assets/nappin/OfficeEssentialsPack/Materials/(Mat)GradientDarkGreen.mat - Importer: PreviewImporter -> (ImportResultId: '00b047c6cfc9b1420e3cb18a35afbf6a') in 0.007981 seconds
[Worker0] Imported GUID: d06cbe6bddb870d438765bf1f774411d - Path: Assets/nappin/OfficeEssentialsPack/Materials/(Mat)Floor.mat - Importer: PreviewImporter -> (ImportResultId: 'b6cb644e779b2c0916e999889aec3250') in 0.0060759 seconds
[Worker0] Imported GUID: c0999236ab32ad94fb08c06e6694fa49 - Path: Assets/nappin/OfficeEssentialsPack/Materials/(Mat)GradientBrown.mat - Importer: PreviewImporter -> (ImportResultId: '8a87d62f64c99da09cf6342c5c2f1aa8') in 0.0075853 seconds
[Worker0] Imported GUID: 7f64eac4bd640ef44ae0187dbfcb4089 - Path: Assets/nappin/OfficeEssentialsPack/Materials/(Mat)GradientBlack.mat - Importer: PreviewImporter -> (ImportResultId: '07fd4a0052f1d440a2785c52add6fcd1') in 0.0076246 seconds
[Worker0] Imported GUID: e3681f2feac05f94888039c51ba9b321 - Path: Assets/nappin/OfficeEssentialsPack/Materials/(Mat)GradientGreen.mat - Importer: PreviewImporter -> (ImportResultId: '7dca3be897cacc6a234f3d3bfd36630c') in 0.0076495 seconds
[Worker0] Imported GUID: a3a530523bec0cc41aed4f3a4d9da936 - Path: Assets/nappin/OfficeEssentialsPack/Materials/(Mat)Glass.mat - Importer: PreviewImporter -> (ImportResultId: '9cdaa8d4f72a4e2dedc9c9e1108174fa') in 0.2338019 seconds
[Worker0] Imported GUID: eecaa3198cbebd74e8cd79d0f71765cc - Path: Assets/nappin/OfficeEssentialsPack/Materials/(Mat)GradientDarkGrey.mat - Importer: PreviewImporter -> (ImportResultId: '70770c12a754958ea954c52d79e19eae') in 0.0082947 seconds
[Worker0] Imported GUID: 6a642b983faa510488983f38c651038d - Path: Assets/nappin/OfficeEssentialsPack/Models - Importer: PreviewImporter -> (ImportResultId: 'fe3d9cb3056233243d227825d779f4fb') in 0.0007849 seconds
[Worker0] Imported GUID: 49c0e5468435e4f4c947e2e2d0c5c6cf - Path: Assets/nappin/OfficeEssentialsPack/Models/(Msh)BigDrawer.fbx - Importer: PreviewImporter -> (ImportResultId: 'ea249297cb2ca379e0e8733a6a05dd8f') in 0.1990153 seconds
[Worker0] Imported GUID: d0c678f5c21191e4aadd685b22906f70 - Path: Assets/nappin/OfficeEssentialsPack/Models/(Msh)Window.fbx - Importer: PreviewImporter -> (ImportResultId: '267bc75c28f06989689ae37f2ed92148') in 0.0334583 seconds
[Worker0] Imported GUID: a3391ff75e6a3d847a21fe59dccd4a8a - Path: Assets/nappin/OfficeEssentialsPack/Models/(Msh)CeilingLight1.fbx - Importer: PreviewImporter -> (ImportResultId: '6e40bb2ed8711fb4df758964f389275c') in 0.0215684 seconds
[Worker0] Imported GUID: 1e6adf612247ece438ca7fa180d6e18e - Path: Assets/nappin/OfficeEssentialsPack/Models/(Msh)ConferenceTable.fbx - Importer: PreviewImporter -> (ImportResultId: '4fb7ecc3092196e11d185878e2805bd9') in 0.0241677 seconds
[Worker0] Imported GUID: 28502d19c68219d44abc46f748d642ea - Path: Assets/nappin/OfficeEssentialsPack/Models/(Msh)Fatboy.fbx - Importer: PreviewImporter -> (ImportResultId: '38a4a8e2079fea40cca9c292b9b96a2c') in 0.0245811 seconds
[Worker0] Imported GUID: d283a93eb62894849b3a3aea9ca0c8fb - Path: Assets/nappin/OfficeEssentialsPack/Models/(Msh)Mug.fbx - Importer: PreviewImporter -> (ImportResultId: '7f52cf3d8c5458c32aebebc8f2479580') in 0.0272137 seconds
[Worker0] Imported GUID: b9f59c5a0fa9eec4698152c59791ae76 - Path: Assets/nappin/OfficeEssentialsPack/Models/(Msh)TrashCan.fbx - Importer: PreviewImporter -> (ImportResultId: 'd849ca5b4d11ba8494f797565fb8d42a') in 0.0325367 seconds
[Worker0] Imported GUID: 586fd122a459a1040aaa87eda129f418 - Path: Assets/nappin/OfficeEssentialsPack/Models/(Msh)CoffeTable.fbx - Importer: PreviewImporter -> (ImportResultId: '2713d516338b2869de94f674a94e9c66') in 0.0127797 seconds
[Worker0] Imported GUID: 53a390c2e7417fc4881f4a9c5cc4078a - Path: Assets/nappin/OfficeEssentialsPack/Models/(Msh)Plant2.fbx - Importer: PreviewImporter -> (ImportResultId: 'f12c86e6d25d2f2bcb73091a215acb8b') in 0.0163237 seconds
[Worker0] Imported GUID: b8382dad890a52e499e640be2fba6e18 - Path: Assets/nappin/OfficeEssentialsPack/Models/(Msh)CeilingFan.fbx - Importer: PreviewImporter -> (ImportResultId: '67616a0e802c19c280e94b62f6afebaf') in 0.0186954 seconds
[Worker0] Imported GUID: 7ab63061358801f488d75d9c35dc8b26 - Path: Assets/nappin/OfficeEssentialsPack/Models/(Msh)VendingMachine.fbx - Importer: PreviewImporter -> (ImportResultId: 'c8a86810239a5f77c6f0a14b0d07aa91') in 0.0668553 seconds
[Worker0] Imported GUID: 2a975253b89f03147813702ebc3dfa98 - Path: Assets/nappin/OfficeEssentialsPack/Models/(Msh)Drawer3.fbx - Importer: PreviewImporter -> (ImportResultId: 'e3c99326273717c9e0718d76cf1494fc') in 0.0207585 seconds
[Worker0] Imported GUID: 3a3cfcf7e16d943438d2bae99ffa6534 - Path: Assets/nappin/OfficeEssentialsPack/Models/(Msh)PenHolder.fbx - Importer: PreviewImporter -> (ImportResultId: 'c3d6dae082445ee72635c83826bd77dc') in 0.0254897 seconds
[Worker0] Imported GUID: ecce3f1d808befa47abc1b334d5016f8 - Path: Assets/nappin/OfficeEssentialsPack/Models/(Msh)YogaBall.fbx - Importer: PreviewImporter -> (ImportResultId: 'a7b4da40de28ff6bb8aa9f3f67b8e025') in 0.0142952 seconds
[Worker0] Imported GUID: 3978e0eca0f17684d8cd75e9959471bb - Path: Assets/nappin/OfficeEssentialsPack/Models/(Msh)DeskPlant.fbx - Importer: PreviewImporter -> (ImportResultId: '7661bbb5daa70f7bd30513278c5b8182') in 0.0149174 seconds
[Worker0] Imported GUID: 538ebcc8575799746881a05c02d1ae04 - Path: Assets/nappin/OfficeEssentialsPack/Models/(Msh)Clock.fbx - Importer: PreviewImporter -> (ImportResultId: '6036f23ebcbb96d08e49fd9beb883106') in 0.029195 seconds
[Worker0] Imported GUID: 74ced1ff4cc446444b88042df966c736 - Path: Assets/nappin/OfficeEssentialsPack/Models/(Msh)BookPile7.fbx - Importer: PreviewImporter -> (ImportResultId: '76ac7ff0308ffad487aabfd19e437f56') in 0.1627748 seconds
[Worker0] Imported GUID: aa1df8bdfe3b61943a5cbb2344613612 - Path: Assets/nappin/OfficeEssentialsPack/Models/(Msh)Desk1.fbx - Importer: PreviewImporter -> (ImportResultId: '3c7c4f68d7734166661ba57f9aa5dc6e') in 0.0139286 seconds
[Worker0] Imported GUID: 6234a3511ba58734dab033286d60136a - Path: Assets/nappin/OfficeEssentialsPack/Models/(Msh)BookPile6.fbx - Importer: PreviewImporter -> (ImportResultId: '4597075599716118ce2bbc26ba11e3c7') in 0.1549887 seconds
[Worker0] Imported GUID: 4a83103d843ef4d43abfd3b25ad47b44 - Path: Assets/nappin/OfficeEssentialsPack/Models/(Msh)Shelves3.fbx - Importer: PreviewImporter -> (ImportResultId: '586223168bb21802f90e291e98bf2384') in 0.0157966 seconds
[Worker0] Imported GUID: 63434af8d15cb5840a1965b4ee99f420 - Path: Assets/nappin/OfficeEssentialsPack/Models/(Msh)PCCase.fbx - Importer: PreviewImporter -> (ImportResultId: '14f65b68a154b96c2a0fbd44e45f03af') in 0.0134558 seconds
[Worker0] Imported GUID: bf186ae0c211e3b46b8c3cf9bc7b1d27 - Path: Assets/nappin/OfficeEssentialsPack/Models/(Msh)OfficeChair.fbx - Importer: PreviewImporter -> (ImportResultId: '4c3949ce2d18562703f58cdeee401db8') in 0.0162521 seconds
[Worker0] Imported GUID: db6ea0fd984528c49ab939f5eb5d660e - Path: Assets/nappin/OfficeEssentialsPack/Models/(Msh)CeilingLight2.fbx - Importer: PreviewImporter -> (ImportResultId: 'c3c9ea222296fdba8fb335daf037e5bc') in 0.015319 seconds
[Worker0] Imported GUID: cf1dfec5e0b6df84697e78615469e93b - Path: Assets/nappin/OfficeEssentialsPack/Models/(Msh)Drawer2.fbx - Importer: PreviewImporter -> (ImportResultId: '28346102f5f986f0d257e55ebf0ec48e') in 0.0237734 seconds
[Worker0] Imported GUID: 6a55ccc8cef577442974555021f41a1b - Path: Assets/nappin/OfficeEssentialsPack/Models/(Msh)PlantBox.fbx - Importer: PreviewImporter -> (ImportResultId: '1f29094a01f1dd44381d76b0d9f98f02') in 0.0197473 seconds
[Worker0] Imported GUID: 1fefd438eeac9ee4f82ea1039559dbcb - Path: Assets/nappin/OfficeEssentialsPack/Models/(Msh)SeparatorDoor.fbx - Importer: PreviewImporter -> (ImportResultId: '3c6d71b746df0699f9279874be7c3a60') in 0.0190093 seconds
[Worker0] Imported GUID: 2f30491044634fa4d8b267131f5216fe - Path: Assets/nappin/OfficeEssentialsPack/Models/(Msh)Printer.fbx - Importer: PreviewImporter -> (ImportResultId: 'cc2e69b7afc480f0d3054dd60e48b137') in 0.0153297 seconds
[Worker0] Imported GUID: 9c2b74f6542c6ff45ac65189228585cb - Path: Assets/nappin/OfficeEssentialsPack/Models/(Msh)Shelves2.fbx - Importer: PreviewImporter -> (ImportResultId: '84b8b6d060572fa226fbf9f1480a74b8') in 0.0144295 seconds
[Worker0] Imported GUID: d0f06f9715b791a4596af29b5bbb56d0 - Path: Assets/nappin/OfficeEssentialsPack/Models/(Msh)LoungeChair.fbx - Importer: PreviewImporter -> (ImportResultId: 'c99f89b6412ed87c9245b05a321fdf6f') in 0.0145207 seconds
[Worker0] Imported GUID: e0d31913657846c4e9344974cc7f73dd - Path: Assets/nappin/OfficeEssentialsPack/Models/(Msh)Desk2.fbx - Importer: PreviewImporter -> (ImportResultId: '13b966fcb3c7e69d7067f0b90b633252') in 0.0274689 seconds
[Worker0] Imported GUID: f9bb1fe475c1d144cb7676c5b119fbfe - Path: Assets/nappin/OfficeEssentialsPack/Models/(Msh)Microwave.fbx - Importer: PreviewImporter -> (ImportResultId: '944d294c001e3f866b73bc57e6df2c1d') in 0.0153246 seconds
[Worker0] Imported GUID: a2926ab1cfa2245478d20ad4f0331477 - Path: Assets/nappin/OfficeEssentialsPack/Models/(Msh)Sofa3.fbx - Importer: PreviewImporter -> (ImportResultId: 'f9b135414bf23b7e2918b09a634d49be') in 0.0142772 seconds
[Worker0] Imported GUID: cd6f234e68e2c5545a2b10a72f898445 - Path: Assets/nappin/OfficeEssentialsPack/Models/(Msh)BookPile2.fbx - Importer: PreviewImporter -> (ImportResultId: 'aaeb3a86fca766b50a48efc955ea94b2') in 0.0502537 seconds
[Worker0] Imported GUID: 301abaee6ba74544ab12d31480dcbb27 - Path: Assets/nappin/OfficeEssentialsPack/Models/(Msh)SmokeDetector.fbx - Importer: PreviewImporter -> (ImportResultId: '9bda9d7f741931eaa534a0265d221c07') in 0.0154631 seconds
[Worker0] Imported GUID: f79a2c7c74ed86945916baca4abd128c - Path: Assets/nappin/OfficeEssentialsPack/Models/(Msh)DocumentHolder.fbx - Importer: PreviewImporter -> (ImportResultId: '337443f31cc96238adfdcf133f6c374e') in 0.0142358 seconds
[Worker0] Imported GUID: c2433cdade6af034d875648a6e47c001 - Path: Assets/nappin/OfficeEssentialsPack/Models/(Msh)Drawer1.fbx - Importer: PreviewImporter -> (ImportResultId: '58693ecaccbe20c0048c537f09134b82') in 0.0218133 seconds
[Worker0] Imported GUID: cab363a401b518845bbac7b1c89c7a23 - Path: Assets/nappin/OfficeEssentialsPack/Models/(Msh)Shelves1.fbx - Importer: PreviewImporter -> (ImportResultId: 'fc849afd2fb772bd689372d834611694') in 0.0145491 seconds
[Worker0] Imported GUID: cc31666f2d3c78648838b47abbc333f8 - Path: Assets/nappin/OfficeEssentialsPack/Models/(Msh)BookPile3.fbx - Importer: PreviewImporter -> (ImportResultId: 'a7bef92f63b0b609150933baf96fb210') in 0.088556 seconds
[Worker0] Imported GUID: d30e7e864c6f0f44fa1d73fa877e268f - Path: Assets/nappin/OfficeEssentialsPack/Models/(Msh)BookPile5.fbx - Importer: PreviewImporter -> (ImportResultId: '672ac7823c2478dafe77c21351091b7e') in 0.0903997 seconds
[Worker0] Imported GUID: 662d757e856cbf044a5037efe162c6f3 - Path: Assets/nappin/OfficeEssentialsPack/Models/(Msh)Projector.fbx - Importer: PreviewImporter -> (ImportResultId: '1d7ad3086cfc14dcd864c47475b982ec') in 0.0184171 seconds
[Worker0] Imported GUID: 92df708222820ea4ea7635007b379d57 - Path: Assets/nappin/OfficeEssentialsPack/Models/(Msh)DeskPrinter.fbx - Importer: PreviewImporter -> (ImportResultId: '4ebac0515e333b55e41f5589d72c58de') in 0.0145483 seconds
[Worker0] Imported GUID: dfe416dbdccccb0449425356461d7c67 - Path: Assets/nappin/OfficeEssentialsPack/Models/(Msh)Stapler.fbx - Importer: PreviewImporter -> (ImportResultId: '9039971f8feadf06bb6783cc55b4efbb') in 0.0152135 seconds
[Worker0] Imported GUID: 26b7a36227bffc347bb1b7276bd65892 - Path: Assets/nappin/OfficeEssentialsPack/Models/(Msh)Sofa1.fbx - Importer: PreviewImporter -> (ImportResultId: '3f8909abb3f52bcf2bd62ff8e4e35025') in 0.0151777 seconds
[Worker0] Imported GUID: 18566a61b75973749b7a37b617d7fa4b - Path: Assets/nappin/OfficeEssentialsPack/Models/(Msh)PC.fbx - Importer: PreviewImporter -> (ImportResultId: 'd76f20d919c4586e3108d7c6f47e36a0') in 0.0272727 seconds
[Worker0] Imported GUID: 898aea206a1830c41bd91fa0978f4c35 - Path: Assets/nappin/OfficeEssentialsPack/Models/(Msh)BookPile4.fbx - Importer: PreviewImporter -> (ImportResultId: '0211bf41048d9008505d2c10ce1f15fe') in 0.0494605 seconds
[Worker0] Imported GUID: f99126b2de167a44f84adc255bb688c5 - Path: Assets/nappin/OfficeEssentialsPack/Models/(Msh)BookOpen.fbx - Importer: PreviewImporter -> (ImportResultId: 'f66c16a38e3b496d2366c6db82d03930') in 0.0151753 seconds
[Worker0] Imported GUID: 7b03297d5fa5a384aa16d9aabd94ff93 - Path: Assets/nappin/OfficeEssentialsPack/Models/(Msh)Plant1.fbx - Importer: PreviewImporter -> (ImportResultId: 'dfae9881c9b33197724291887d3e5b54') in 0.017114 seconds
[Worker0] Imported GUID: b4770c72ef9ca574a8fc2f08b8e7cb17 - Path: Assets/nappin/OfficeEssentialsPack/Models/(Msh)Separator.fbx - Importer: PreviewImporter -> (ImportResultId: '25b8fca1bb21b60b9c5c6d675a26d526') in 0.0146908 seconds
[Worker0] Imported GUID: 4339f93ff4f1c4f4ca6000d384de14bd - Path: Assets/nappin/OfficeEssentialsPack/Models/(Msh)KitchenModule.fbx - Importer: PreviewImporter -> (ImportResultId: '47938eea5d305e3c71d1b47eff7bbb2c') in 0.0153162 seconds
[Worker0] Imported GUID: 6742d9d0591e16e48b701a5fd806e2ad - Path: Assets/nappin/OfficeEssentialsPack/Models/(Msh)DeskLight.fbx - Importer: PreviewImporter -> (ImportResultId: 'a46c7dc40edb510c3f1742b532f5a19c') in 0.029419 seconds
[Worker0] Imported GUID: a271b7bf9ed385c42928c5c8b77e1053 - Path: Assets/nappin/OfficeEssentialsPack/Models/(Msh)BookPile1.fbx - Importer: PreviewImporter -> (ImportResultId: '96a02274fd4e16181c5af4b7466a152e') in 0.0140053 seconds
[Worker0] Imported GUID: d31ae3b3f8108284bba44064ed9dff1c - Path: Assets/nappin/OfficeEssentialsPack/Models/(Msh)WaterDispenser.fbx - Importer: PreviewImporter -> (ImportResultId: '1522a08332a53c81acc04493e6b08b1c') in 0.0148965 seconds
[Worker0] Imported GUID: b2ea3a81a047dab439905bfb53997287 - Path: Assets/nappin/OfficeEssentialsPack/Models/(Msh)Sofa2.fbx - Importer: PreviewImporter -> (ImportResultId: '1ea6ba98323f1e0b64d54326505288ad') in 0.0161169 seconds
[Worker0] Imported GUID: 77936498f95548e4f81bd32e9a802098 - Path: Assets/nappin/OfficeEssentialsPack/Models/(Msh)CoffePot.fbx - Importer: PreviewImporter -> (ImportResultId: 'bc24ce491458d277a70af92653c1304e') in 0.0191242 seconds
[Worker0] Imported GUID: 2a0ec94554cb3e2428234720c5b19ea5 - Path: Assets/nappin/OfficeEssentialsPack/Textures - Importer: PreviewImporter -> (ImportResultId: 'e19e6cee4be9fd723ae6b1c414fd8bd5') in 0.0005919 seconds
[Worker0] Imported GUID: ce207ba7fd9e7f047867bbf272711c24 - Path: Assets/nappin/OfficeEssentialsPack/Textures/(Txt)GradientBeige.png - Importer: PreviewImporter -> (ImportResultId: 'c0875a8e7e8079857258a902ad97263d') in 0.023037 seconds
[Worker0] Imported GUID: 1be709cd9dfa27c48a678cdacc829f7e - Path: Assets/nappin/OfficeEssentialsPack/Textures/(Txt)GradientOrange.png - Importer: PreviewImporter -> (ImportResultId: 'ff58a5170123ff6ac88e74f551bdab73') in 0.0089268 seconds
[Worker0] Imported GUID: 8ade6825967f29e4e9447897ae3c8878 - Path: Assets/nappin/OfficeEssentialsPack/Textures/(Txt)GradientDarkgreen.png - Importer: PreviewImporter -> (ImportResultId: '507fbcc865ae3905e6d1741cea9d4e9e') in 0.0071883 seconds
[Worker0] Imported GUID: 77f399026e807f748b4cebba73b4426c - Path: Assets/nappin/OfficeEssentialsPack/Textures/(Txt)GradientDarkgrey.png - Importer: PreviewImporter -> (ImportResultId: '8f85d5694bede35596d2ff722be8030e') in 0.0053698 seconds
[Worker0] Imported GUID: 2cd3259f9019fbf4baa0566e469b5cc2 - Path: Assets/nappin/OfficeEssentialsPack/Textures/(Txt)GradientDarkred.png - Importer: PreviewImporter -> (ImportResultId: 'da204581efae81c29a1a107cba892423') in 0.0048135 seconds
[Worker0] Imported GUID: da405f481770b8a4a8592cf2f2eeb50d - Path: Assets/nappin/OfficeEssentialsPack/Textures/(Txt)GradientYellow.png - Importer: PreviewImporter -> (ImportResultId: '7c675996fd2c9f474699a83fd447ef3e') in 0.0046069 seconds
[Worker0] Imported GUID: b3d2d9ac8c50c0743af991b469817ddc - Path: Assets/nappin/OfficeEssentialsPack/Textures/(Txt)GradientGreen.png - Importer: PreviewImporter -> (ImportResultId: 'f0b54aee898292bb4bf04e6cc31a5703') in 0.0051161 seconds
[Worker0] Imported GUID: b817c21b3dd3f2e449f88957c9cb76f4 - Path: Assets/nappin/OfficeEssentialsPack/Textures/(Txt)GradientBlack.png - Importer: PreviewImporter -> (ImportResultId: '60c63e61d2324f1b627f6a51b74bbef6') in 0.0047613 seconds
[Worker0] Imported GUID: eeb4d406c95b0424ca51a9f6cb36ac3d - Path: Assets/nappin/OfficeEssentialsPack/Textures/(Txt)GradientRed.png - Importer: PreviewImporter -> (ImportResultId: '9b0954b0cea113b076cd76662151bd62') in 0.004995 seconds
[Worker0] Imported GUID: a5fbcf512e323074384f3d7eb1b798f5 - Path: Assets/nappin/OfficeEssentialsPack/Textures/(Txt)GradientBrown.png - Importer: PreviewImporter -> (ImportResultId: 'c6030b7842ecb75d73422ae6cfb29b5f') in 0.0047191 seconds
[Worker0] Imported GUID: df845f1b1122f644ab4fbfbd3b3c763f - Path: Assets/nappin/OfficeEssentialsPack/Textures/(Txt)GradientGrey.png - Importer: PreviewImporter -> (ImportResultId: '0f89a5e50467823ec1effa80a0fb8d25') in 0.0056837 seconds
[Worker0] Imported GUID: bbea79d6aa038d54bab0fbdb23379cc8 - Path: Assets/nappin/OfficeEssentialsPack/Textures/(Txt)GradientBlue.png - Importer: PreviewImporter -> (ImportResultId: '2080dfbc9bd802a54e2cc32099846ab7') in 0.0054146 seconds
[Worker0] Imported GUID: a350ac53491e75b4e843bb6e1705a1d4 - Path: Assets/nappin/OfficeEssentialsPack/Textures/(Txt)GradientDarkbrown.png - Importer: PreviewImporter -> (ImportResultId: '4b02abbe8b9de140b804052fa62e5c81') in 0.0049664 seconds
[Worker0] Imported GUID: bb1ccfd70f690b8419e4e6b9d65f678a - Path: Assets/nappin/OfficeEssentialsPack/Prefabs - Importer: PreviewImporter -> (ImportResultId: '08206f03396ac36c0977ee1675b7de47') in 0.0008703 seconds
[Worker0] Imported GUID: c53fe300edecc524f9f511dc58792d47 - Path: Assets/nappin/OfficeEssentialsPack/Prefabs/(Prb)BigDrawer.prefab - Importer: PreviewImporter -> (ImportResultId: 'cc81d0fbba360886247537cf74b91301') in 0.0156449 seconds
[Worker0] Imported GUID: a2e6444451e398844bfa41ba8f0ebfb2 - Path: Assets/nappin/OfficeEssentialsPack/Prefabs/(Prb)PlantBox.prefab - Importer: PreviewImporter -> (ImportResultId: '4843a8881cd5746bca55cd0ab9814be8') in 0.0143401 seconds
[Worker0] Imported GUID: 494d1072afe81fe449dc0c5b43fb5099 - Path: Assets/nappin/OfficeEssentialsPack/Prefabs/(Prb)Mug.prefab - Importer: PreviewImporter -> (ImportResultId: 'e8e455d0c885fc822e83b93d608b6e42') in 0.0108385 seconds
[Worker0] Imported GUID: 7c525024ae8431e45b357520bb8407a6 - Path: Assets/nappin/OfficeEssentialsPack/Prefabs/(Prb)CoffePot.prefab - Importer: PreviewImporter -> (ImportResultId: '7a3b299913340d576f2d794d05c7606b') in 0.0104005 seconds
[Worker0] Imported GUID: 00054b7f105fdce479315a0b18b079e7 - Path: Assets/nappin/OfficeEssentialsPack/Prefabs/(Prb)Separator.prefab - Importer: PreviewImporter -> (ImportResultId: 'f1a8a7a2a13ba955d5d0edf27a12c155') in 0.0070063 seconds
[Worker0] Imported GUID: 57addd97d1055424daebeb70d461be6d - Path: Assets/nappin/OfficeEssentialsPack/Prefabs/(Prb)BookPile6.prefab - Importer: PreviewImporter -> (ImportResultId: '82f3fb4e3c590161c13feee25ee41aa3') in 0.0275795 seconds
[Worker0] Imported GUID: cc05ee3ee5dd90e47863e933663f5eba - Path: Assets/nappin/OfficeEssentialsPack/Prefabs/(Prb)DeskPrinter.prefab - Importer: PreviewImporter -> (ImportResultId: '802ff8fa48b2c90ff536ec8e5b775ed2') in 0.0173619 seconds
[Worker0] Imported GUID: 09786b2145094304f8e76c50e272040f - Path: Assets/nappin/OfficeEssentialsPack/Prefabs/(Prb)Plant1.prefab - Importer: PreviewImporter -> (ImportResultId: '0966620b1d8c2c916a69f4b21a974f7e') in 0.0120993 seconds
[Worker0] Imported GUID: eba40b33cd75dfc4e86e9604170d19f9 - Path: Assets/nappin/OfficeEssentialsPack/Prefabs/(Prb)Desk1.prefab - Importer: PreviewImporter -> (ImportResultId: 'd9ce552544879a9c9fbeed4343b2e5bf') in 0.0091889 seconds
[Worker0] Imported GUID: 5c3e1f6875120eb49a705fe9d38e51e9 - Path: Assets/nappin/OfficeEssentialsPack/Prefabs/(Prb)Shelves2.prefab - Importer: PreviewImporter -> (ImportResultId: '51551698a8c86b411fc44d92d97a0fba') in 0.0082328 seconds
[Worker0] Imported GUID: ed097709fffbe46488ab5df91f69939c - Path: Assets/nappin/OfficeEssentialsPack/Prefabs/(Prb)KitchenModule.prefab - Importer: PreviewImporter -> (ImportResultId: '7db24cc1b0f82cee3f65c2d76084b912') in 0.0150735 seconds
[Worker0] Imported GUID: 744fdfc5e08624943b22ba3c3e353e07 - Path: Assets/nappin/OfficeEssentialsPack/Prefabs/(Prb)Sofa1.prefab - Importer: PreviewImporter -> (ImportResultId: 'f6df85b422d54f3121d1c12e52c986fa') in 0.008681 seconds
[Worker0] Imported GUID: 76a7e6c2e588e024d85efa115fe688c2 - Path: Assets/nappin/OfficeEssentialsPack/Prefabs/(Prb)SmokeDetector.prefab - Importer: PreviewImporter -> (ImportResultId: '84561f7c52009f273228d3ef1fa3d58d') in 0.0078183 seconds
[Worker0] Imported GUID: 5fab3d9a08a16ed429bbc510962997d8 - Path: Assets/nappin/OfficeEssentialsPack/Prefabs/(Prb)VendingMachine.prefab - Importer: PreviewImporter -> (ImportResultId: '92cfa598904cf7b058d03384f03d982a') in 0.044999 seconds
[Worker0] Imported GUID: 676edecf7cf6d7645a15b3550dce3e70 - Path: Assets/nappin/OfficeEssentialsPack/Prefabs/(Prb)Drawer1.prefab - Importer: PreviewImporter -> (ImportResultId: 'fd2bc674ea2987b81202e372ef0d78ee') in 0.0117584 seconds
[Worker0] Imported GUID: a5ac041b79f79364ca8481b503332787 - Path: Assets/nappin/OfficeEssentialsPack/Prefabs/(Prb)PC.prefab - Importer: PreviewImporter -> (ImportResultId: '2ba14eadd501c5b764b99c0832640fcb') in 0.0085829 seconds
[Worker0] Imported GUID: 8ff4ad687e8a081468b81cfdd2d710e4 - Path: Assets/nappin/OfficeEssentialsPack/Prefabs/(Prb)Drawer2.prefab - Importer: PreviewImporter -> (ImportResultId: '25322ccc330853422a32be93572f058f') in 0.0124545 seconds
[Worker0] Imported GUID: 0b7123567dcb2a14e931f2bfcecef8ff - Path: Assets/nappin/OfficeEssentialsPack/Prefabs/(Prb)CeilingLight1.prefab - Importer: PreviewImporter -> (ImportResultId: '4ae3e105b4861678e784ada4073b6911') in 0.010189 seconds
[Worker0] Imported GUID: 89cfaf2600805bd4f9562f6e545966f7 - Path: Assets/nappin/OfficeEssentialsPack/Prefabs/(Prb)Window.prefab - Importer: PreviewImporter -> (ImportResultId: '3062100ee220e66657762fa8ebcc911f') in 0.0117007 seconds
[Worker0] Imported GUID: 20fb32c38fa4cf14c98f0e754db93073 - Path: Assets/nappin/OfficeEssentialsPack/Prefabs/(Prb)BookPile3.prefab - Importer: PreviewImporter -> (ImportResultId: '081da4d8ce12e33cee5ffd9e27aa3272') in 0.0233515 seconds
[Worker0] Imported GUID: 067fb86e8e4f5744a82f28c508805f86 - Path: Assets/nappin/OfficeEssentialsPack/Prefabs/(Prb)Desk2.prefab - Importer: PreviewImporter -> (ImportResultId: '3ba1722afc06a6240b5759bddf896139') in 0.0134826 seconds
[Worker0] Imported GUID: 1eba6e825e1b0ba4db1d042de5c08e44 - Path: Assets/nappin/OfficeEssentialsPack/Prefabs/(Prb)Drawer3.prefab - Importer: PreviewImporter -> (ImportResultId: '3ceb4f66a2f51fc4eb2e92a0eabb97bb') in 0.0110039 seconds
[Worker0] Imported GUID: fc0dfbc5d3b0784439b0dd1fb69c4b12 - Path: Assets/nappin/OfficeEssentialsPack/Prefabs/(Prb)CeilingLight2.prefab - Importer: PreviewImporter -> (ImportResultId: '575cfc57660576169f1588f116b17b3c') in 0.010184 seconds
[Worker0] Imported GUID: 52d6dcae9530f6f4e9af1bb2b9a6c1fc - Path: Assets/nappin/OfficeEssentialsPack/Prefabs/(Prb)Microwave.prefab - Importer: PreviewImporter -> (ImportResultId: 'abe89613d16194b0592aa9e8d41d8ae9') in 0.0155368 seconds
[Worker0] Imported GUID: c1b661568473d8448ab9c3fa53457a08 - Path: Assets/nappin/OfficeEssentialsPack/Prefabs/(Prb)YogaBall.prefab - Importer: PreviewImporter -> (ImportResultId: '0d779f1e13e15890d740b3a867801d6d') in 0.0082125 seconds
[Worker0] Imported GUID: c2f17a2926fbc774d990dd6e286d4fad - Path: Assets/nappin/OfficeEssentialsPack/Prefabs/(Prb)BookOpen.prefab - Importer: PreviewImporter -> (ImportResultId: 'becf581abe10f8ff2f14e3732b619466') in 0.0101806 seconds
[Worker0] Imported GUID: c4769332a3574e543a8455feae3cc05d - Path: Assets/nappin/OfficeEssentialsPack/Prefabs/(Prb)Projector.prefab - Importer: PreviewImporter -> (ImportResultId: '50fcd5efcde473a2c984c85c4059ca52') in 0.0133026 seconds
[Worker0] Imported GUID: 900432286b70dd3448b0884c911e1f6d - Path: Assets/nappin/OfficeEssentialsPack/Prefabs/(Prb)ConferenceTable.prefab - Importer: PreviewImporter -> (ImportResultId: '455ee744e085e10bb5cde20beb90f3cc') in 0.0121716 seconds
[Worker0] Imported GUID: 3461c8d14bc13bb4384505ad2b8b974f - Path: Assets/nappin/OfficeEssentialsPack/Prefabs/(Prb)LoungeChair.prefab - Importer: PreviewImporter -> (ImportResultId: '1ee87b31745522325aa8cf4668861b6a') in 0.0098709 seconds
[Worker0] Imported GUID: b235c805f008f6f4da469f7364846b10 - Path: Assets/nappin/OfficeEssentialsPack/Prefabs/(Prb)CoffeTable.prefab - Importer: PreviewImporter -> (ImportResultId: '80304a482137c485720d4fbac580b64e') in 0.0086208 seconds
[Worker0] Imported GUID: 0177ee00efab698438288ebb753747ce - Path: Assets/nappin/OfficeEssentialsPack/Prefabs/(Prb)PenHolder.prefab - Importer: PreviewImporter -> (ImportResultId: 'aa6ef2d5a79a5d5ad955133248d0f74e') in 0.0192287 seconds
[Worker0] Imported GUID: c02a999a44edfa048a0420775c83cf3d - Path: Assets/nappin/OfficeEssentialsPack/Prefabs/(Prb)DeskPlant.prefab - Importer: PreviewImporter -> (ImportResultId: '89c78191a6ef978f34fec659b8a87f67') in 0.0143897 seconds
[Worker0] Imported GUID: f149402989451fe4ab69bfd1ceb5124f - Path: Assets/nappin/OfficeEssentialsPack/Prefabs/(Prb)Shelves3.prefab - Importer: PreviewImporter -> (ImportResultId: '3aa15834f5bceab8d8152387d33c2239') in 0.0081325 seconds
[Worker0] Imported GUID: 91c8c6751f26bcc4a9425c9fc23fd227 - Path: Assets/nappin/OfficeEssentialsPack/Prefabs/(Prb)BookPile5.prefab - Importer: PreviewImporter -> (ImportResultId: 'b7f8d123bc53125473832e6dde22a80c') in 0.0220561 seconds
[Worker0] Imported GUID: 6f7b9206e8634ed49be22ce24b106709 - Path: Assets/nappin/OfficeEssentialsPack/Prefabs/(Prb)DocumentHolder.prefab - Importer: PreviewImporter -> (ImportResultId: 'f33324299c1a9fddc675888cfa898c59') in 0.0076025 seconds
[Worker0] Imported GUID: 3e20fca3c99e79e478de1650318e27f1 - Path: Assets/nappin/OfficeEssentialsPack/Prefabs/(Prb)PCCase.prefab - Importer: PreviewImporter -> (ImportResultId: '55c6480a1c18adbec7d4df25d926516e') in 0.0114221 seconds
[Worker0] Imported GUID: 7df07a42d42030b49a881233f734958a - Path: Assets/nappin/OfficeEssentialsPack/Prefabs/(Prb)CeilingFan.prefab - Importer: PreviewImporter -> (ImportResultId: '62e3630c98e210fcb2327553cca17200') in 0.0107584 seconds
[Worker0] Imported GUID: 2c6803eaefbe99844936e0fdb90f45b0 - Path: Assets/nappin/OfficeEssentialsPack/Prefabs/(Prb)Fatboy.prefab - Importer: PreviewImporter -> (ImportResultId: 'd4c66743e78bad4c6cb6e81edb7624d0') in 0.0081517 seconds
[Worker0] Imported GUID: 26a2420e41111fa4384c8adc35b250b1 - Path: Assets/nappin/OfficeEssentialsPack/Prefabs/(Prb)BookPile4.prefab - Importer: PreviewImporter -> (ImportResultId: '7f7ab5e28ba37ae20c718eb59a9722f9') in 0.0216735 seconds
[Worker0] Imported GUID: fd9a0b6c96158cf4291ea793dcd09c5e - Path: Assets/nappin/OfficeEssentialsPack/Prefabs/(Prb)SeparatorDoor.prefab - Importer: PreviewImporter -> (ImportResultId: 'a9652f5e43d6f7914cb026ae014c2336') in 0.013595 seconds
[Worker0] Imported GUID: 4c2b4033ea200a340bdf5dd2b0145174 - Path: Assets/nappin/OfficeEssentialsPack/Prefabs/(Prb)Sofa3.prefab - Importer: PreviewImporter -> (ImportResultId: 'fc8179da33adbc2680ff274220234623') in 0.0083596 seconds
[Worker0] Imported GUID: 009ac3bc89a8c994aaa64e90fed60ab2 - Path: Assets/nappin/OfficeEssentialsPack/Prefabs/(Prb)BookPile2.prefab - Importer: PreviewImporter -> (ImportResultId: '8ad3781be622f87405d279782322c078') in 0.0182031 seconds
[Worker0] Imported GUID: cffe7cb1f1e958f4bb79310e7b1d96e5 - Path: Assets/nappin/OfficeEssentialsPack/Prefabs/(Prb)BookPile7.prefab - Importer: PreviewImporter -> (ImportResultId: '853794ff6a943dd1e6779dcfbd12e0d7') in 0.0270586 seconds
[Worker0] Imported GUID: 2db51a3ce7d7fe34a934d68f0c488f54 - Path: Assets/nappin/OfficeEssentialsPack/Prefabs/(Prb)Plant2.prefab - Importer: PreviewImporter -> (ImportResultId: '64ba69880b7cb875db5b6047bcc327b9') in 0.0141151 seconds
[Worker0] Imported GUID: 135f561a417209449aa3f0e15225613e - Path: Assets/nappin/OfficeEssentialsPack/Prefabs/(Prb)WaterDispenser.prefab - Importer: PreviewImporter -> (ImportResultId: 'e9209f4a708d26b8592899a884c5bd11') in 0.0152267 seconds
[Worker0] Imported GUID: 3713613c4ffcd6945900432c53af79b8 - Path: Assets/nappin/OfficeEssentialsPack/Prefabs/(Prb)OfficeChair.prefab - Importer: PreviewImporter -> (ImportResultId: 'da3893d052452223544d2ab8cfedd696') in 0.0115014 seconds
[Worker0] Imported GUID: b2baa11c7e87fe941afe32f3c50cc082 - Path: Assets/nappin/OfficeEssentialsPack/Prefabs/(Prb)Clock.prefab - Importer: PreviewImporter -> (ImportResultId: '399d12b83ace9c249062298ce9bedcf0') in 0.0139014 seconds
[Worker0] Imported GUID: 39ce2aae8ff6f9148acb0e82db36ee1d - Path: Assets/nappin/OfficeEssentialsPack/Prefabs/(Prb)Stapler.prefab - Importer: PreviewImporter -> (ImportResultId: 'e0a79cc404d6bbbb9b1428fee1dc490f') in 0.0103132 seconds
[Worker0] Imported GUID: e0a309163f5d1ef4e81367371dba0804 - Path: Assets/nappin/OfficeEssentialsPack/Prefabs/(Prb)DeskLight.prefab - Importer: PreviewImporter -> (ImportResultId: '9fe3c1cf568f6689dd1d3d6ab8c46151') in 0.011696 seconds
[Worker0] Imported GUID: 9cf94939f3dfab54eb62e181bdc60594 - Path: Assets/nappin/OfficeEssentialsPack/Prefabs/(Prb)Sofa2.prefab - Importer: PreviewImporter -> (ImportResultId: '1ccc1d78d0250e0d013bd59f9e083f67') in 0.0090094 seconds
[Worker0] Imported GUID: fa8eb2eb998ad8c489fe86794b62dfe1 - Path: Assets/nappin/OfficeEssentialsPack/Prefabs/(Prb)Shelves1.prefab - Importer: PreviewImporter -> (ImportResultId: '3c367cd085924738d916098a8588f773') in 0.0102278 seconds
[Worker0] Imported GUID: 458271fb06e38ef4abfe60d080c61a94 - Path: Assets/nappin/OfficeEssentialsPack/Prefabs/(Prb)TrashCan.prefab - Importer: PreviewImporter -> (ImportResultId: 'ef1f953dacc616849a79df90662b14b4') in 0.0089127 seconds
[Worker0] Imported GUID: 7695c0d2e92da0e4f8d08c7909230b47 - Path: Assets/nappin/OfficeEssentialsPack/Prefabs/(Prb)BookPile1.prefab - Importer: PreviewImporter -> (ImportResultId: 'f6433fa64c6d1251db7ae89fa2179228') in 0.0126775 seconds
[Worker0] Imported GUID: aae064ec06860f04787f3ee19de1c0c1 - Path: Assets/nappin/OfficeEssentialsPack/Prefabs/(Prb)Printer.prefab - Importer: PreviewImporter -> (ImportResultId: 'f74bfd900d6294d2d5c25e9dbed457f5') in 0.0183013 seconds
[Licensing::Client] Successfully resolved entitlement details
[Licensing::Client] Successfully updated the access token
[Licensing::Module] Successfully updated access token: "y-AsJ7BF"... (expires: 2026-09-06T20:35:42Z)
[Licensing::Client] Successfully resolved entitlement details
[Licensing::Client] Successfully resolved entitlement details
[Licensing::Client] Successfully resolved entitlement details
Scanning for USB devices : 30.505ms
Scanning for USB devices : 10.392ms
Scanning for USB devices : 10.288ms
